"","compound","datatype","Isotopologue","cohort","P_RA","Abund","Fraction","label_cont","P_iso","lab_label","lablab_posAngle","lablab_posDist","P_lablab","P_RAlab"
"1","(2 and/or 3-)Phosphoglyceric acid","Isotopologue","C13-0","0.5",0.0387753909015247,1,0.907987189082131,0.908,0.0495346134356268,"90.8%",-0.454,0.7,"P_iso=0.05*","pRA=0.04*"
"2","(2 and/or 3-)Phosphoglyceric acid","Isotopologue","C13-0","1",0.131816648218619,0.880910348409037,0.77142154593659,0.876,0.0495346134356268,"87.6%",-0.438,0.7,"P_iso=0.05*","pRA=0.13"
"3","(2 and/or 3-)Phosphoglyceric acid","Isotopologue","C13-1","0.5",0.0387753909015247,1,0,0,0.0495346134356268,"<0.05%",-0.908,0.7,"P_iso=0.05*","pRA=0.04*"
"4","(2 and/or 3-)Phosphoglyceric acid","Isotopologue","C13-1","1",0.131816648218619,0.880910348409037,0,0,0.827259346562712,"<0.05%",-0.876,0.7,"P_iso=0.83","pRA=0.13"
"5","(2 and/or 3-)Phosphoglyceric acid","Isotopologue","C13-2","0.5",0.0387753909015247,1,0,0,0.827259346562712,"<0.05%",-0.908,0.7,"P_iso=0.83","pRA=0.04*"
"6","(2 and/or 3-)Phosphoglyceric acid","Isotopologue","C13-2","1",0.131816648218619,0.880910348409037,0,0,0.512690760261924,"<0.05%",-0.876,0.7,"P_iso=0.51","pRA=0.13"
"7","(2 and/or 3-)Phosphoglyceric acid","Isotopologue","C13-3","0.5",0.0387753909015247,1,0.0920128109178686,0.092,0.0495346134356268,"9.2%",-0.954,0.7,"P_iso=0.05*","pRA=0.04*"
"8","(2 and/or 3-)Phosphoglyceric acid","Isotopologue","C13-3","1",0.131816648218619,0.880910348409037,0.109488802472447,0.124,0.0495346134356268,"12.4%",-0.938,0.7,"P_iso=0.05*","pRA=0.13"
"9","2-Phosphoglyceric acid","Isotopologue","C13-0","0.5",0.0445547589167047,1,0.926347274044117,0.926,0.0495346134356268,"92.6%",-1.463,0.7,"P_iso=0.05*","pRA=0.04*"
"10","2-Phosphoglyceric acid","Isotopologue","C13-0","1",0.0745954842840572,0.953014823343288,0.847449426263714,0.889,0.0495346134356268,"88.9%",-1.4445,0.7,"P_iso=0.05*","pRA=0.07"
"11","2-Phosphoglyceric acid","Isotopologue","C13-1","0.5",0.0445547589167047,1,0,0,0.126630457947616,"<0.05%",-1.926,0.7,"P_iso=0.13","pRA=0.04*"
"12","2-Phosphoglyceric acid","Isotopologue","C13-1","1",0.0745954842840572,0.953014823343288,0,0,0.126630457947616,"<0.05%",-1.889,0.7,"P_iso=0.13","pRA=0.07"
"13","2-Phosphoglyceric acid","Isotopologue","C13-2","0.5",0.0445547589167047,1,0,0,0.827259346562712,"<0.05%",-1.926,0.7,"P_iso=0.83","pRA=0.04*"
"14","2-Phosphoglyceric acid","Isotopologue","C13-2","1",0.0745954842840572,0.953014823343288,0,0,0.512690760261924,"<0.05%",-1.889,0.7,"P_iso=0.51","pRA=0.07"
"15","2-Phosphoglyceric acid","Isotopologue","C13-3","0.5",0.0445547589167047,1,0.0736527259558833,0.074,0.0495346134356268,"7.4%",-1.963,0.7,"P_iso=0.05*","pRA=0.04*"
"16","2-Phosphoglyceric acid","Isotopologue","C13-3","1",0.0745954842840572,0.953014823343288,0.105565397079575,0.111,0.0495346134356268,"11.1%",-1.9445,0.7,"P_iso=0.05*","pRA=0.07"
"17","3-DL-Hydroxybutyric acid","Isotopologue","C13-0","0.5",0.850208455644274,0.784356942098039,0.766832316405248,0.978,0.0495346134356268,"97.8%",-2.489,0.7,"P_iso=0.05*","pRA=0.85"
"18","3-DL-Hydroxybutyric acid","Isotopologue","C13-0","1",0.707885829022908,1,0.981130082278132,0.981,0.0495346134356268,"98.1%",-2.4905,0.7,"P_iso=0.05*","pRA=0.71"
"19","3-DL-Hydroxybutyric acid","Isotopologue","C13-1","0.5",0.850208455644274,0.784356942098039,0.0119962757189856,0.015,0.0495346134356268,"1.5%",-2.9855,0.7,"P_iso=0.05*","pRA=0.85"
"20","3-DL-Hydroxybutyric acid","Isotopologue","C13-1","1",0.707885829022908,1,0.00607878504388071,0.006,0.827259346562712,"0.6%",-2.984,0.7,"P_iso=0.83","pRA=0.71"
"21","3-DL-Hydroxybutyric acid","Isotopologue","C13-2","0.5",0.850208455644274,0.784356942098039,0,0,0.126630457947616,"<0.05%",-2.993,0.7,"P_iso=0.13","pRA=0.85"
"22","3-DL-Hydroxybutyric acid","Isotopologue","C13-2","1",0.707885829022908,1,0,0,0.0495346134356268,"<0.05%",-2.987,0.7,"P_iso=0.05*","pRA=0.71"
"23","3-DL-Hydroxybutyric acid","Isotopologue","C13-3","0.5",0.850208455644274,0.784356942098039,0,0,0.0495346134356268,"<0.05%",-2.993,0.7,"P_iso=0.05*","pRA=0.85"
"24","3-DL-Hydroxybutyric acid","Isotopologue","C13-3","1",0.707885829022908,1,0,0,0.0495346134356268,"<0.05%",-2.987,0.7,"P_iso=0.05*","pRA=0.71"
"25","3-DL-Hydroxybutyric acid","Isotopologue","C13-4","0.5",0.850208455644274,0.784356942098039,0.00552834997380511,0.007,0.0495346134356268,"0.7%",-2.9965,0.7,"P_iso=0.05*","pRA=0.85"
"26","3-DL-Hydroxybutyric acid","Isotopologue","C13-4","1",0.707885829022908,1,0.012791132677987,0.013,0.0495346134356268,"1.3%",-2.9935,0.7,"P_iso=0.05*","pRA=0.71"
"27","Citric acid","Isotopologue","C13-0","0.5",0.893301724747601,0.971477978369664,0.918775370991977,0.946,0.0495346134356268,"94.6%",-3.473,0.7,"P_iso=0.05*","pRA=0.89"
"28","Citric acid","Isotopologue","C13-0","1",0.0469896434799251,0.49187469164719,0.461148361010824,0.938,0.0495346134356268,"93.8%",-3.469,0.7,"P_iso=0.05*","pRA=0.05*"
"29","Citric acid","Isotopologue","C13-1","0.5",0.893301724747601,0.971477978369664,0,0,0.827259346562712,"<0.05%",-3.946,0.7,"P_iso=0.83","pRA=0.89"
"30","Citric acid","Isotopologue","C13-1","1",0.0469896434799251,0.49187469164719,0,0,0.827259346562712,"<0.05%",-3.938,0.7,"P_iso=0.83","pRA=0.05*"
"31","Citric acid","Isotopologue","C13-2","0.5",0.893301724747601,0.971477978369664,0.0471688259091551,0.049,0.0495346134356268,"4.9%",-3.9705,0.7,"P_iso=0.05*","pRA=0.89"
"32","Citric acid","Isotopologue","C13-2","1",0.0469896434799251,0.49187469164719,0.0251711974450672,0.051,0.0495346134356268,"5.1%",-3.9635,0.7,"P_iso=0.05*","pRA=0.05*"
"33","Citric acid","Isotopologue","C13-3","0.5",0.893301724747601,0.971477978369664,0.00553378146853215,0.006,0.0495346134356268,"0.6%",-3.998,0.7,"P_iso=0.05*","pRA=0.89"
"34","Citric acid","Isotopologue","C13-3","1",0.0469896434799251,0.49187469164719,0.00555513319129847,0.011,0.0495346134356268,"1.1%",-3.9945,0.7,"P_iso=0.05*","pRA=0.05*"
"35","Citric acid","Isotopologue","C13-4","0.5",0.893301724747601,0.971477978369664,0,0,0.512690760261924,"<0.05%",-4.001,0.7,"P_iso=0.51","pRA=0.89"
"36","Citric acid","Isotopologue","C13-4","1",0.0469896434799251,0.49187469164719,0,0,0.827259346562712,"<0.05%",-4,0.7,"P_iso=0.83","pRA=0.05*"
"37","Citric acid","Isotopologue","C13-5","0.5",0.893301724747601,0.971477978369664,0,0,0.0495346134356268,"<0.05%",-4.001,0.7,"P_iso=0.05*","pRA=0.89"
"38","Citric acid","Isotopologue","C13-5","1",0.0469896434799251,0.49187469164719,0,0,0.512690760261924,"<0.05%",-4,0.7,"P_iso=0.51","pRA=0.05*"
"39","Citric acid","Isotopologue","C13-6","0.5",0.893301724747601,0.971477978369664,0,0,0.0495346134356268,"<0.05%",-4.001,0.7,"P_iso=0.05*","pRA=0.89"
"40","Citric acid","Isotopologue","C13-6","1",0.0469896434799251,0.49187469164719,0,0,0.512690760261924,"<0.05%",-4,0.7,"P_iso=0.51","pRA=0.05*"
"41","D-Glyceraldehyde 3-phosphate","Isotopologue","C13-0","0.5",0.000135399012797667,0.825929399711838,0.767047988538517,0.929,0.0495346134356268,"92.9%",-4.4655,0.7,"P_iso=0.05*","pRA=0*"
"42","D-Glyceraldehyde 3-phosphate","Isotopologue","C13-0","1",3.06472383182673e-05,1,0.916471916211924,0.916,0.0495346134356268,"91.6%",-4.458,0.7,"P_iso=0.05*","pRA=0*"
"43","D-Glyceraldehyde 3-phosphate","Isotopologue","C13-1","0.5",0.000135399012797667,0.825929399711838,0,0,0.126630457947616,"<0.05%",-4.93,0.7,"P_iso=0.13","pRA=0*"
"44","D-Glyceraldehyde 3-phosphate","Isotopologue","C13-1","1",3.06472383182673e-05,1,0,0,0.126630457947616,"<0.05%",-4.916,0.7,"P_iso=0.13","pRA=0*"
"45","D-Glyceraldehyde 3-phosphate","Isotopologue","C13-2","0.5",0.000135399012797667,0.825929399711838,0,0,0.0495346134356268,"<0.05%",-4.93,0.7,"P_iso=0.05*","pRA=0*"
"46","D-Glyceraldehyde 3-phosphate","Isotopologue","C13-2","1",3.06472383182673e-05,1,0,0,0.0495346134356268,"<0.05%",-4.916,0.7,"P_iso=0.05*","pRA=0*"
"47","D-Glyceraldehyde 3-phosphate","Isotopologue","C13-3","0.5",0.000135399012797667,0.825929399711838,0.0588814111733212,0.071,0.0495346134356268,"7.1%",-4.9655,0.7,"P_iso=0.05*","pRA=0*"
"48","D-Glyceraldehyde 3-phosphate","Isotopologue","C13-3","1",3.06472383182673e-05,1,0.083528083788076,0.084,0.0495346134356268,"8.4%",-4.958,0.7,"P_iso=0.05*","pRA=0*"
"49","DL-2-Hydroxyglutaric acid","Isotopologue","C13-0","0.5",0.643859280326447,1,1,1,0.827259346562712,"100%",-5.501,0,"P_iso=0.83","pRA=0.64"
"50","DL-2-Hydroxyglutaric acid","Isotopologue","C13-0","1",0.999093310470605,0.904069332995955,0.904069332995955,1,0.275233524074834,"100%",-5.5,0,"P_iso=0.28","pRA=1"
"51","DL-2-Hydroxyglutaric acid","Isotopologue","C13-1","0.5",0.643859280326447,1,0,0,0.512690760261924,"<0.05%",-6.001,0.7,"P_iso=0.51","pRA=0.64"
"52","DL-2-Hydroxyglutaric acid","Isotopologue","C13-1","1",0.999093310470605,0.904069332995955,0,0,0.0495346134356268,"<0.05%",-6,0.7,"P_iso=0.05*","pRA=1"
"53","DL-2-Hydroxyglutaric acid","Isotopologue","C13-2","0.5",0.643859280326447,1,0,0,0.827259346562712,"<0.05%",-6.001,0.7,"P_iso=0.83","pRA=0.64"
"54","DL-2-Hydroxyglutaric acid","Isotopologue","C13-2","1",0.999093310470605,0.904069332995955,0,0,0.827259346562712,"<0.05%",-6,0.7,"P_iso=0.83","pRA=1"
"55","DL-2-Hydroxyglutaric acid","Isotopologue","C13-3","0.5",0.643859280326447,1,0,0,0.126630457947616,"<0.05%",-6.001,0.7,"P_iso=0.13","pRA=0.64"
"56","DL-2-Hydroxyglutaric acid","Isotopologue","C13-3","1",0.999093310470605,0.904069332995955,0,0,0.827259346562712,"<0.05%",-6,0.7,"P_iso=0.83","pRA=1"
"57","DL-2-Hydroxyglutaric acid","Isotopologue","C13-4","0.5",0.643859280326447,1,0,0,0.275233524074834,"<0.05%",-6.001,0.7,"P_iso=0.28","pRA=0.64"
"58","DL-2-Hydroxyglutaric acid","Isotopologue","C13-4","1",0.999093310470605,0.904069332995955,0,0,0.512690760261924,"<0.05%",-6,0.7,"P_iso=0.51","pRA=1"
"59","DL-2-Hydroxyglutaric acid","Isotopologue","C13-5","0.5",0.643859280326447,1,0,0,0.275233524074834,"<0.05%",-6.001,0.7,"P_iso=0.28","pRA=0.64"
"60","DL-2-Hydroxyglutaric acid","Isotopologue","C13-5","1",0.999093310470605,0.904069332995955,0,0,0.827259346562712,"<0.05%",-6,0.7,"P_iso=0.83","pRA=1"
"61","Dihydroxyacetone phosphate","Isotopologue","C13-0","0.5",2.80865888351384e-05,1,0.894055358741714,0.894,0.0495346134356268,"89.4%",-6.448,0.7,"P_iso=0.05*","pRA=0*"
"62","Dihydroxyacetone phosphate","Isotopologue","C13-0","1",3.01740680429738e-05,0.991280571059803,0.895756896867596,0.904,0.0495346134356268,"90.4%",-6.452,0.7,"P_iso=0.05*","pRA=0*"
"63","Dihydroxyacetone phosphate","Isotopologue","C13-1","0.5",2.80865888351384e-05,1,0,0,0.0495346134356268,"<0.05%",-6.895,0.7,"P_iso=0.05*","pRA=0*"
"64","Dihydroxyacetone phosphate","Isotopologue","C13-1","1",3.01740680429738e-05,0.991280571059803,0,0,0.0495346134356268,"<0.05%",-6.904,0.7,"P_iso=0.05*","pRA=0*"
"65","Dihydroxyacetone phosphate","Isotopologue","C13-2","0.5",2.80865888351384e-05,1,0,0,0.512690760261924,"<0.05%",-6.895,0.7,"P_iso=0.51","pRA=0*"
"66","Dihydroxyacetone phosphate","Isotopologue","C13-2","1",3.01740680429738e-05,0.991280571059803,0,0,0.827259346562712,"<0.05%",-6.904,0.7,"P_iso=0.83","pRA=0*"
"67","Dihydroxyacetone phosphate","Isotopologue","C13-3","0.5",2.80865888351384e-05,1,0.105944641258286,0.106,0.0495346134356268,"10.6%",-6.948,0.7,"P_iso=0.05*","pRA=0*"
"68","Dihydroxyacetone phosphate","Isotopologue","C13-3","1",3.01740680429738e-05,0.991280571059803,0.095523674192207,0.096,0.0495346134356268,"9.6%",-6.952,0.7,"P_iso=0.05*","pRA=0*"
"69","Fructose","Isotopologue","C13-0","0.5",0.293056104198435,1,0.714796656105297,0.715,0.0495346134356268,"71.5%",-7.3585,0.7,"P_iso=0.05*","pRA=0.29"
"70","Fructose","Isotopologue","C13-0","1",0.758683831929515,0.837487726637912,0.610457046755578,0.729,0.512690760261924,"72.9%",-7.3645,0.7,"P_iso=0.51","pRA=0.76"
"71","Fructose","Isotopologue","C13-1","0.5",0.293056104198435,1,0,0,0.275233524074834,"<0.05%",-7.716,0.7,"P_iso=0.28","pRA=0.29"
"72","Fructose","Isotopologue","C13-1","1",0.758683831929515,0.837487726637912,0,0,0.275233524074834,"<0.05%",-7.729,0.7,"P_iso=0.28","pRA=0.76"
"73","Fructose","Isotopologue","C13-2","0.5",0.293056104198435,1,0,0,0.512690760261924,"<0.05%",-7.716,0.7,"P_iso=0.51","pRA=0.29"
"74","Fructose","Isotopologue","C13-2","1",0.758683831929515,0.837487726637912,0,0,0.512690760261924,"<0.05%",-7.729,0.7,"P_iso=0.51","pRA=0.76"
"75","Fructose","Isotopologue","C13-3","0.5",0.293056104198435,1,0,0,0.0495346134356268,"<0.05%",-7.716,0.7,"P_iso=0.05*","pRA=0.29"
"76","Fructose","Isotopologue","C13-3","1",0.758683831929515,0.837487726637912,0,0,0.126630457947616,"<0.05%",-7.729,0.7,"P_iso=0.13","pRA=0.76"
"77","Fructose","Isotopologue","C13-4","0.5",0.293056104198435,1,0,0,0.126630457947616,"<0.05%",-7.716,0.7,"P_iso=0.13","pRA=0.29"
"78","Fructose","Isotopologue","C13-4","1",0.758683831929515,0.837487726637912,0,0,0.275233524074834,"<0.05%",-7.729,0.7,"P_iso=0.28","pRA=0.76"
"79","Fructose","Isotopologue","C13-5","0.5",0.293056104198435,1,0,0,0.827259346562712,"<0.05%",-7.716,0.7,"P_iso=0.83","pRA=0.29"
"80","Fructose","Isotopologue","C13-5","1",0.758683831929515,0.837487726637912,0,0,0.827259346562712,"<0.05%",-7.729,0.7,"P_iso=0.83","pRA=0.76"
"81","Fructose","Isotopologue","C13-6","0.5",0.293056104198435,1,0.285203343894703,0.285,0.126630457947616,"28.5%",-7.8585,0.7,"P_iso=0.13","pRA=0.29"
"82","Fructose","Isotopologue","C13-6","1",0.758683831929515,0.837487726637912,0.227030679882334,0.271,0.827259346562712,"27.1%",-7.8645,0.7,"P_iso=0.83","pRA=0.76"
"83","Fucose","Isotopologue","C13-0","0.5",0.131794716535176,0.877019832827315,0.872787436189087,0.995,0.0495346134356268,"99.5%",-8.4985,0.7,"P_iso=0.05*","pRA=0.13"
"84","Fucose","Isotopologue","C13-0","1",0.0538429951165998,1,1,1,0.0495346134356268,"100%",-8.5,0,"P_iso=0.05*","pRA=0.05"
"85","Fucose","Isotopologue","C13-1","0.5",0.131794716535176,0.877019832827315,0,0,0.0495346134356268,"<0.05%",-8.996,0.7,"P_iso=0.05*","pRA=0.13"
"86","Fucose","Isotopologue","C13-1","1",0.0538429951165998,1,0,0,0.0495346134356268,"<0.05%",-9,0.7,"P_iso=0.05*","pRA=0.05"
"87","Fucose","Isotopologue","C13-2","0.5",0.131794716535176,0.877019832827315,0,0,0.827259346562712,"<0.05%",-8.996,0.7,"P_iso=0.83","pRA=0.13"
"88","Fucose","Isotopologue","C13-2","1",0.0538429951165998,1,0,0,0.512690760261924,"<0.05%",-9,0.7,"P_iso=0.51","pRA=0.05"
"89","Fucose","Isotopologue","C13-3","0.5",0.131794716535176,0.877019832827315,0,0,0.275233524074834,"<0.05%",-8.996,0.7,"P_iso=0.28","pRA=0.13"
"90","Fucose","Isotopologue","C13-3","1",0.0538429951165998,1,0,0,0.512690760261924,"<0.05%",-9,0.7,"P_iso=0.51","pRA=0.05"
"91","Fucose","Isotopologue","C13-4","0.5",0.131794716535176,0.877019832827315,0.00423239663822821,0.005,0.827259346562712,"0.5%",-8.9985,0.7,"P_iso=0.83","pRA=0.13"
"92","Fucose","Isotopologue","C13-4","1",0.0538429951165998,1,0,0,0.827259346562712,"<0.05%",-9,0.7,"P_iso=0.83","pRA=0.05"
"93","Fucose","Isotopologue","C13-5","0.5",0.131794716535176,0.877019832827315,0,0,0.275233524074834,"<0.05%",-9.001,0.7,"P_iso=0.28","pRA=0.13"
"94","Fucose","Isotopologue","C13-5","1",0.0538429951165998,1,0,0,0.512690760261924,"<0.05%",-9,0.7,"P_iso=0.51","pRA=0.05"
"95","Fucose","Isotopologue","C13-6","0.5",0.131794716535176,0.877019832827315,0,0,0.275233524074834,"<0.05%",-9.001,0.7,"P_iso=0.28","pRA=0.13"
"96","Fucose","Isotopologue","C13-6","1",0.0538429951165998,1,0,0,0.512690760261924,"<0.05%",-9,0.7,"P_iso=0.51","pRA=0.05"
"97","Fumaric acid","Isotopologue","C13-0","0.5",0.0383794623290771,0.893998376449479,0.886669248096911,0.992,0.827259346562712,"99.2%",-9.497,0.7,"P_iso=0.83","pRA=0.04*"
"98","Fumaric acid","Isotopologue","C13-0","1",0.0153314900388413,1,0.991842839494325,0.992,0.827259346562712,"99.2%",-9.496,0.7,"P_iso=0.83","pRA=0.02*"
"99","Fumaric acid","Isotopologue","C13-1","0.5",0.0383794623290771,0.893998376449479,0,0,0.512690760261924,"<0.05%",-9.993,0.7,"P_iso=0.51","pRA=0.04*"
"100","Fumaric acid","Isotopologue","C13-1","1",0.0153314900388413,1,0,0,0.827259346562712,"<0.05%",-9.992,0.7,"P_iso=0.83","pRA=0.02*"
"101","Fumaric acid","Isotopologue","C13-2","0.5",0.0383794623290771,0.893998376449479,0,0,0.512690760261924,"<0.05%",-9.993,0.7,"P_iso=0.51","pRA=0.04*"
"102","Fumaric acid","Isotopologue","C13-2","1",0.0153314900388413,1,0,0,0.512690760261924,"<0.05%",-9.992,0.7,"P_iso=0.51","pRA=0.02*"
"103","Fumaric acid","Isotopologue","C13-3","0.5",0.0383794623290771,0.893998376449479,0,0,0.827259346562712,"<0.05%",-9.993,0.7,"P_iso=0.83","pRA=0.04*"
"104","Fumaric acid","Isotopologue","C13-3","1",0.0153314900388413,1,0,0,0.827259346562712,"<0.05%",-9.992,0.7,"P_iso=0.83","pRA=0.02*"
"105","Fumaric acid","Isotopologue","C13-4","0.5",0.0383794623290771,0.893998376449479,0.00732912835256797,0.008,0.0495346134356268,"0.8%",-9.997,0.7,"P_iso=0.05*","pRA=0.04*"
"106","Fumaric acid","Isotopologue","C13-4","1",0.0153314900388413,1,0.00815716050567521,0.008,0.0495346134356268,"0.8%",-9.996,0.7,"P_iso=0.05*","pRA=0.02*"
"107","Galacturonic acid","Isotopologue","C13-0","0.5",0.00907313692540721,0.0608338803973543,0,0,0,"<0.05%",-10.001,0.7,"P_iso=0*","pRA=0.01*"
"108","Galacturonic acid","Isotopologue","C13-1","0.5",0.00907313692540721,0.0608338803973543,0,0,0.317310507862914,"<0.05%",-10.001,0.7,"P_iso=0.32","pRA=0.01*"
"109","Galacturonic acid","Isotopologue","C13-2","0.5",0.00907313692540721,0.0608338803973543,0,0,1,"<0.05%",-10.001,0.7,"P_iso=1","pRA=0.01*"
"110","Galacturonic acid","Isotopologue","C13-3","0.5",0.00907313692540721,0.0608338803973543,0,0,1,"<0.05%",-10.001,0.7,"P_iso=1","pRA=0.01*"
"111","Galacturonic acid","Isotopologue","C13-4","0.5",0.00907313692540721,0.0608338803973543,0,0,NA,"<0.05%",-10.001,0.7,"","pRA=0.01*"
"112","Galacturonic acid","Isotopologue","C13-5","0.5",0.00907313692540721,0.0608338803973543,0.0608338803973543,1,0,"100%",-10.501,0,"P_iso=0*","pRA=0.01*"
"113","Galacturonic acid","Isotopologue","C13-6","0.5",0.00907313692540721,0.0608338803973543,0,0,0,"<0.05%",-11.001,0.7,"P_iso=0*","pRA=0.01*"
"114","Glucose","Isotopologue","C13-0","0.5",0.404805230133251,1,0.00978929726558638,0.01,0.0495346134356268,"1%",-11.006,0.7,"P_iso=0.05*","pRA=0.4"
"115","Glucose","Isotopologue","C13-0","1",0.845042186673414,0.879418280837673,0.0101686712008912,0.012,0.0495346134356268,"1.2%",-10.006,0.7,"P_iso=0.05*","pRA=0.85"
"116","Glucose","Isotopologue","C13-1","0.5",0.404805230133251,1,0,0,0.275233524074834,"<0.05%",-11.011,0.7,"P_iso=0.28","pRA=0.4"
"117","Glucose","Isotopologue","C13-1","1",0.845042186673414,0.879418280837673,0,0,0.275233524074834,"<0.05%",-10.012,0.7,"P_iso=0.28","pRA=0.85"
"118","Glucose","Isotopologue","C13-2","0.5",0.404805230133251,1,0,0,0.512690760261924,"<0.05%",-11.011,0.7,"P_iso=0.51","pRA=0.4"
"119","Glucose","Isotopologue","C13-2","1",0.845042186673414,0.879418280837673,0,0,0.275233524074834,"<0.05%",-10.012,0.7,"P_iso=0.28","pRA=0.85"
"120","Glucose","Isotopologue","C13-3","0.5",0.404805230133251,1,0,0,0.0495346134356268,"<0.05%",-11.011,0.7,"P_iso=0.05*","pRA=0.4"
"121","Glucose","Isotopologue","C13-3","1",0.845042186673414,0.879418280837673,0,0,0.0495346134356268,"<0.05%",-10.012,0.7,"P_iso=0.05*","pRA=0.85"
"122","Glucose","Isotopologue","C13-4","0.5",0.404805230133251,1,0,0,0.512690760261924,"<0.05%",-11.011,0.7,"P_iso=0.51","pRA=0.4"
"123","Glucose","Isotopologue","C13-4","1",0.845042186673414,0.879418280837673,0,0,0.512690760261924,"<0.05%",-10.012,0.7,"P_iso=0.51","pRA=0.85"
"124","Glucose","Isotopologue","C13-5","0.5",0.404805230133251,1,0,0,0.512690760261924,"<0.05%",-11.011,0.7,"P_iso=0.51","pRA=0.4"
"125","Glucose","Isotopologue","C13-5","1",0.845042186673414,0.879418280837673,0,0,0.512690760261924,"<0.05%",-10.012,0.7,"P_iso=0.51","pRA=0.85"
"126","Glucose","Isotopologue","C13-6","0.5",0.404805230133251,1,0.990210702734414,0.99,0.0495346134356268,"99%",-11.506,0.7,"P_iso=0.05*","pRA=0.4"
"127","Glucose","Isotopologue","C13-6","1",0.845042186673414,0.879418280837673,0.869249609636781,0.988,0.0495346134356268,"98.8%",-10.506,0.7,"P_iso=0.05*","pRA=0.85"
"128","Glucuronic acid","Isotopologue","C13-0","0.5",0.00291160576478717,0.87613376073733,0.871425671886531,0.995,0.0495346134356268,"99.5%",-12.4985,0.7,"P_iso=0.05*","pRA=0*"
"129","Glucuronic acid","Isotopologue","C13-0","1",0.00133278445055339,1,1,1,0.0495346134356268,"100%",-11.5,0,"P_iso=0.05*","pRA=0*"
"130","Glucuronic acid","Isotopologue","C13-1","0.5",0.00291160576478717,0.87613376073733,0,0,0.0495346134356268,"<0.05%",-12.996,0.7,"P_iso=0.05*","pRA=0*"
"131","Glucuronic acid","Isotopologue","C13-1","1",0.00133278445055339,1,0,0,0.0495346134356268,"<0.05%",-12,0.7,"P_iso=0.05*","pRA=0*"
"132","Glucuronic acid","Isotopologue","C13-2","0.5",0.00291160576478717,0.87613376073733,0,0,0.275233524074834,"<0.05%",-12.996,0.7,"P_iso=0.28","pRA=0*"
"133","Glucuronic acid","Isotopologue","C13-2","1",0.00133278445055339,1,0,0,0.126630457947616,"<0.05%",-12,0.7,"P_iso=0.13","pRA=0*"
"134","Glucuronic acid","Isotopologue","C13-3","0.5",0.00291160576478717,0.87613376073733,0,0,0.0495346134356268,"<0.05%",-12.996,0.7,"P_iso=0.05*","pRA=0*"
"135","Glucuronic acid","Isotopologue","C13-3","1",0.00133278445055339,1,0,0,0.0495346134356268,"<0.05%",-12,0.7,"P_iso=0.05*","pRA=0*"
"136","Glucuronic acid","Isotopologue","C13-4","0.5",0.00291160576478717,0.87613376073733,0,0,0.0495346134356268,"<0.05%",-12.996,0.7,"P_iso=0.05*","pRA=0*"
"137","Glucuronic acid","Isotopologue","C13-4","1",0.00133278445055339,1,0,0,0.0495346134356268,"<0.05%",-12,0.7,"P_iso=0.05*","pRA=0*"
"138","Glucuronic acid","Isotopologue","C13-5","0.5",0.00291160576478717,0.87613376073733,0,0,0.0495346134356268,"<0.05%",-12.996,0.7,"P_iso=0.05*","pRA=0*"
"139","Glucuronic acid","Isotopologue","C13-5","1",0.00133278445055339,1,0,0,0.827259346562712,"<0.05%",-12,0.7,"P_iso=0.83","pRA=0*"
"140","Glucuronic acid","Isotopologue","C13-6","0.5",0.00291160576478717,0.87613376073733,0.00470808885079896,0.005,0.512690760261924,"0.5%",-12.9985,0.7,"P_iso=0.51","pRA=0*"
"141","Glucuronic acid","Isotopologue","C13-6","1",0.00133278445055339,1,0,0,0.512690760261924,"<0.05%",-12,0.7,"P_iso=0.51","pRA=0*"
"142","Glycerol 3-phosphate","Isotopologue","C13-0","0.5",0.0273908866529581,0.903262190911821,0.892846350667005,0.988,0.0495346134356268,"98.8%",-13.495,0.7,"P_iso=0.05*","pRA=0.03*"
"143","Glycerol 3-phosphate","Isotopologue","C13-0","1",0.00952848225091237,1,0.99211723128758,0.992,0.0495346134356268,"99.2%",-12.496,0.7,"P_iso=0.05*","pRA=0.01*"
"144","Glycerol 3-phosphate","Isotopologue","C13-1","0.5",0.0273908866529581,0.903262190911821,0,0,0.126630457947616,"<0.05%",-13.989,0.7,"P_iso=0.13","pRA=0.03*"
"145","Glycerol 3-phosphate","Isotopologue","C13-1","1",0.00952848225091237,1,0,0,0.0495346134356268,"<0.05%",-12.992,0.7,"P_iso=0.05*","pRA=0.01*"
"146","Glycerol 3-phosphate","Isotopologue","C13-2","0.5",0.0273908866529581,0.903262190911821,0,0,0.0495346134356268,"<0.05%",-13.989,0.7,"P_iso=0.05*","pRA=0.03*"
"147","Glycerol 3-phosphate","Isotopologue","C13-2","1",0.00952848225091237,1,0,0,0.0495346134356268,"<0.05%",-12.992,0.7,"P_iso=0.05*","pRA=0.01*"
"148","Glycerol 3-phosphate","Isotopologue","C13-3","0.5",0.0273908866529581,0.903262190911821,0.0104158402448153,0.012,0.275233524074834,"1.2%",-13.995,0.7,"P_iso=0.28","pRA=0.03*"
"149","Glycerol 3-phosphate","Isotopologue","C13-3","1",0.00952848225091237,1,0.00788276871242046,0.008,0.827259346562712,"0.8%",-12.996,0.7,"P_iso=0.83","pRA=0.01*"
"150","Glycine","Isotopologue","C13-0","0.5",0.089831536956674,0.892191815628328,0.892191815628328,1,0.512690760261924,"100%",-14.501,0,"P_iso=0.51","pRA=0.09"
"151","Glycine","Isotopologue","C13-0","1",0.0300937420000719,1,1,1,0.275233524074834,"100%",-13.5,0,"P_iso=0.28","pRA=0.03*"
"152","Glycine","Isotopologue","C13-1","0.5",0.089831536956674,0.892191815628328,0,0,0.512690760261924,"<0.05%",-15.001,0.7,"P_iso=0.51","pRA=0.09"
"153","Glycine","Isotopologue","C13-1","1",0.0300937420000719,1,0,0,0.275233524074834,"<0.05%",-14,0.7,"P_iso=0.28","pRA=0.03*"
"154","Glycine","Isotopologue","C13-2","0.5",0.089831536956674,0.892191815628328,0,0,0.512690760261924,"<0.05%",-15.001,0.7,"P_iso=0.51","pRA=0.09"
"155","Glycine","Isotopologue","C13-2","1",0.0300937420000719,1,0,0,0.126630457947616,"<0.05%",-14,0.7,"P_iso=0.13","pRA=0.03*"
"156","Hexose","Isotopologue","C13-0","0.5",0.247815679380336,1,0.0105374797139074,0.011,0.126630457947616,"1.1%",-15.0065,0.7,"P_iso=0.13","pRA=0.25"
"157","Hexose","Isotopologue","C13-0","1",0.555542669855482,0.836313279418389,0.0103257293419908,0.012,0.0495346134356268,"1.2%",-14.006,0.7,"P_iso=0.05*","pRA=0.56"
"158","Hexose","Isotopologue","C13-1","0.5",0.247815679380336,1,0,0,0.275233524074834,"<0.05%",-15.012,0.7,"P_iso=0.28","pRA=0.25"
"159","Hexose","Isotopologue","C13-1","1",0.555542669855482,0.836313279418389,0,0,0.126630457947616,"<0.05%",-14.012,0.7,"P_iso=0.13","pRA=0.56"
"160","Hexose","Isotopologue","C13-2","0.5",0.247815679380336,1,0,0,0.512690760261924,"<0.05%",-15.012,0.7,"P_iso=0.51","pRA=0.25"
"161","Hexose","Isotopologue","C13-2","1",0.555542669855482,0.836313279418389,0,0,0.0495346134356268,"<0.05%",-14.012,0.7,"P_iso=0.05*","pRA=0.56"
"162","Hexose","Isotopologue","C13-3","0.5",0.247815679380336,1,0,0,0.0495346134356268,"<0.05%",-15.012,0.7,"P_iso=0.05*","pRA=0.25"
"163","Hexose","Isotopologue","C13-3","1",0.555542669855482,0.836313279418389,0,0,0.0495346134356268,"<0.05%",-14.012,0.7,"P_iso=0.05*","pRA=0.56"
"164","Hexose","Isotopologue","C13-4","0.5",0.247815679380336,1,0,0,0.512690760261924,"<0.05%",-15.012,0.7,"P_iso=0.51","pRA=0.25"
"165","Hexose","Isotopologue","C13-4","1",0.555542669855482,0.836313279418389,0,0,0.275233524074834,"<0.05%",-14.012,0.7,"P_iso=0.28","pRA=0.56"
"166","Hexose","Isotopologue","C13-5","0.5",0.247815679380336,1,0,0,0.512690760261924,"<0.05%",-15.012,0.7,"P_iso=0.51","pRA=0.25"
"167","Hexose","Isotopologue","C13-5","1",0.555542669855482,0.836313279418389,0,0,0.126630457947616,"<0.05%",-14.012,0.7,"P_iso=0.13","pRA=0.56"
"168","Hexose","Isotopologue","C13-6","0.5",0.247815679380336,1,0.989462520286093,0.989,0.0495346134356268,"98.9%",-15.5065,0.7,"P_iso=0.05*","pRA=0.25"
"169","Hexose","Isotopologue","C13-6","1",0.555542669855482,0.836313279418389,0.825987550076398,0.988,0.0495346134356268,"98.8%",-14.506,0.7,"P_iso=0.05*","pRA=0.56"
"170","Hexose-phosphate","Isotopologue","C13-0","0.5",0.00247809155173732,0.668590821867526,0.508433684153838,0.76,0.0495346134356268,"76%",-16.381,0.7,"P_iso=0.05*","pRA=0*"
"171","Hexose-phosphate","Isotopologue","C13-0","1",0.000115763510357043,1,0.789155235398353,0.789,0.0495346134356268,"78.9%",-15.3945,0.7,"P_iso=0.05*","pRA=0*"
"172","Hexose-phosphate","Isotopologue","C13-1","0.5",0.00247809155173732,0.668590821867526,0,0,0.0495346134356268,"<0.05%",-16.761,0.7,"P_iso=0.05*","pRA=0*"
"173","Hexose-phosphate","Isotopologue","C13-1","1",0.000115763510357043,1,0,0,0.0495346134356268,"<0.05%",-15.789,0.7,"P_iso=0.05*","pRA=0*"
"174","Hexose-phosphate","Isotopologue","C13-2","0.5",0.00247809155173732,0.668590821867526,0,0,0.0495346134356268,"<0.05%",-16.761,0.7,"P_iso=0.05*","pRA=0*"
"175","Hexose-phosphate","Isotopologue","C13-2","1",0.000115763510357043,1,0,0,0.0495346134356268,"<0.05%",-15.789,0.7,"P_iso=0.05*","pRA=0*"
"176","Hexose-phosphate","Isotopologue","C13-3","0.5",0.00247809155173732,0.668590821867526,0.0688655929222814,0.103,0.0495346134356268,"10.3%",-16.8125,0.7,"P_iso=0.05*","pRA=0*"
"177","Hexose-phosphate","Isotopologue","C13-3","1",0.000115763510357043,1,0.130376462677256,0.13,0.0495346134356268,"13%",-15.854,0.7,"P_iso=0.05*","pRA=0*"
"178","Hexose-phosphate","Isotopologue","C13-4","0.5",0.00247809155173732,0.668590821867526,0,0,0.275233524074834,"<0.05%",-16.864,0.7,"P_iso=0.28","pRA=0*"
"179","Hexose-phosphate","Isotopologue","C13-4","1",0.000115763510357043,1,0,0,0.512690760261924,"<0.05%",-15.919,0.7,"P_iso=0.51","pRA=0*"
"180","Hexose-phosphate","Isotopologue","C13-5","0.5",0.00247809155173732,0.668590821867526,0,0,0.126630457947616,"<0.05%",-16.864,0.7,"P_iso=0.13","pRA=0*"
"181","Hexose-phosphate","Isotopologue","C13-5","1",0.000115763510357043,1,0.00593352309225242,0.006,0.126630457947616,"0.6%",-15.922,0.7,"P_iso=0.13","pRA=0*"
"182","Hexose-phosphate","Isotopologue","C13-6","0.5",0.00247809155173732,0.668590821867526,0.0912915447914074,0.137,0.126630457947616,"13.7%",-16.9325,0.7,"P_iso=0.13","pRA=0*"
"183","Hexose-phosphate","Isotopologue","C13-6","1",0.000115763510357043,1,0.0745347788321392,0.075,0.512690760261924,"7.5%",-15.9625,0.7,"P_iso=0.51","pRA=0*"
"184","L-Alanine","Isotopologue","C13-0","0.5",0.0139108063753571,0.63172885367416,0.626896595040907,0.992,0.275233524074834,"99.2%",-17.497,0.7,"P_iso=0.28","pRA=0.01*"
"185","L-Alanine","Isotopologue","C13-0","1",0.000341959722610773,1,0.97728583750557,0.977,0.0495346134356268,"97.7%",-16.4885,0.7,"P_iso=0.05*","pRA=0*"
"186","L-Alanine","Isotopologue","C13-1","0.5",0.0139108063753571,0.63172885367416,0,0,0.0495346134356268,"<0.05%",-17.993,0.7,"P_iso=0.05*","pRA=0.01*"
"187","L-Alanine","Isotopologue","C13-1","1",0.000341959722610773,1,0,0,0.275233524074834,"<0.05%",-16.977,0.7,"P_iso=0.28","pRA=0*"
"188","L-Alanine","Isotopologue","C13-2","0.5",0.0139108063753571,0.63172885367416,0,0,0.512690760261924,"<0.05%",-17.993,0.7,"P_iso=0.51","pRA=0.01*"
"189","L-Alanine","Isotopologue","C13-2","1",0.000341959722610773,1,0,0,0.512690760261924,"<0.05%",-16.977,0.7,"P_iso=0.51","pRA=0*"
"190","L-Alanine","Isotopologue","C13-3","0.5",0.0139108063753571,0.63172885367416,0.00483225863325302,0.008,0.512690760261924,"0.8%",-17.997,0.7,"P_iso=0.51","pRA=0.01*"
"191","L-Alanine","Isotopologue","C13-3","1",0.000341959722610773,1,0.0227141624944304,0.023,0.0495346134356268,"2.3%",-16.9885,0.7,"P_iso=0.05*","pRA=0*"
"192","L-Asparagine","Isotopologue","C13-0","0.5",0.766676025000495,0.728047412591178,0.643129285091633,0.883,0.827259346562712,"88.3%",-18.4425,0.7,"P_iso=0.83","pRA=0.77"
"193","L-Asparagine","Isotopologue","C13-0","1",0.558320633818874,0.457368388904609,0.382436489405224,0.836,0.512690760261924,"83.6%",-17.418,0.7,"P_iso=0.51","pRA=0.56"
"194","L-Asparagine","Isotopologue","C13-1","0.5",0.766676025000495,0.728047412591178,0.0794051563127838,0.109,0.512690760261924,"10.9%",-18.9385,0.7,"P_iso=0.51","pRA=0.77"
"195","L-Asparagine","Isotopologue","C13-1","1",0.558320633818874,0.457368388904609,0.0713733254692511,0.156,0.827259346562712,"15.6%",-17.914,0.7,"P_iso=0.83","pRA=0.56"
"196","L-Asparagine","Isotopologue","C13-2","0.5",0.766676025000495,0.728047412591178,0,0,0.827259346562712,"<0.05%",-18.993,0.7,"P_iso=0.83","pRA=0.77"
"197","L-Asparagine","Isotopologue","C13-2","1",0.558320633818874,0.457368388904609,0,0,0.827259346562712,"<0.05%",-17.992,0.7,"P_iso=0.83","pRA=0.56"
"198","L-Asparagine","Isotopologue","C13-3","0.5",0.766676025000495,0.728047412591178,0,0,0.827259346562712,"<0.05%",-18.993,0.7,"P_iso=0.83","pRA=0.77"
"199","L-Asparagine","Isotopologue","C13-3","1",0.558320633818874,0.457368388904609,0,0,0.512690760261924,"<0.05%",-17.992,0.7,"P_iso=0.51","pRA=0.56"
"200","L-Asparagine","Isotopologue","C13-4","0.5",0.766676025000495,0.728047412591178,0.00551297118676185,0.008,0.827259346562712,"0.8%",-18.997,0.7,"P_iso=0.83","pRA=0.77"
"201","L-Asparagine","Isotopologue","C13-4","1",0.558320633818874,0.457368388904609,0.00355857403013406,0.008,0.827259346562712,"0.8%",-17.996,0.7,"P_iso=0.83","pRA=0.56"
"202","L-Aspartic acid","Isotopologue","C13-0","0.5",0.0117843209403546,1,0.957004596784129,0.957,0.827259346562712,"95.7%",-19.4795,0.7,"P_iso=0.83","pRA=0.01*"
"203","L-Aspartic acid","Isotopologue","C13-0","1",0.0243258374820807,0.92286993928693,0.87301637669265,0.946,0.0495346134356268,"94.6%",-18.473,0.7,"P_iso=0.05*","pRA=0.02*"
"204","L-Aspartic acid","Isotopologue","C13-1","0.5",0.0117843209403546,1,0,0,0.275233524074834,"<0.05%",-19.958,0.7,"P_iso=0.28","pRA=0.01*"
"205","L-Aspartic acid","Isotopologue","C13-1","1",0.0243258374820807,0.92286993928693,0,0,0.0495346134356268,"<0.05%",-18.946,0.7,"P_iso=0.05*","pRA=0.02*"
"206","L-Aspartic acid","Isotopologue","C13-2","0.5",0.0117843209403546,1,0,0,0.0495346134356268,"<0.05%",-19.958,0.7,"P_iso=0.05*","pRA=0.01*"
"207","L-Aspartic acid","Isotopologue","C13-2","1",0.0243258374820807,0.92286993928693,0,0,0.0495346134356268,"<0.05%",-18.946,0.7,"P_iso=0.05*","pRA=0.02*"
"208","L-Aspartic acid","Isotopologue","C13-3","0.5",0.0117843209403546,1,0.0429954032158714,0.043,0.0495346134356268,"4.3%",-19.9795,0.7,"P_iso=0.05*","pRA=0.01*"
"209","L-Aspartic acid","Isotopologue","C13-3","1",0.0243258374820807,0.92286993928693,0.0498535625942804,0.054,0.275233524074834,"5.4%",-18.973,0.7,"P_iso=0.28","pRA=0.02*"
"210","L-Aspartic acid","Isotopologue","C13-4","0.5",0.0117843209403546,1,0,0,0.0495346134356268,"<0.05%",-20.001,0.7,"P_iso=0.05*","pRA=0.01*"
"211","L-Aspartic acid","Isotopologue","C13-4","1",0.0243258374820807,0.92286993928693,0,0,0.0495346134356268,"<0.05%",-19,0.7,"P_iso=0.05*","pRA=0.02*"
"212","L-Cysteine","Isotopologue","C13-0","0.5",0.0320237403504859,0.917272273156825,0.904992920741926,0.987,0.0495346134356268,"98.7%",-20.4945,0.7,"P_iso=0.05*","pRA=0.03*"
"213","L-Cysteine","Isotopologue","C13-0","1",0.0108651004759893,1,0.985921956598495,0.986,0.0495346134356268,"98.6%",-19.493,0.7,"P_iso=0.05*","pRA=0.01*"
"214","L-Cysteine","Isotopologue","C13-1","0.5",0.0320237403504859,0.917272273156825,0,0,0.275233524074834,"<0.05%",-20.988,0.7,"P_iso=0.28","pRA=0.03*"
"215","L-Cysteine","Isotopologue","C13-1","1",0.0108651004759893,1,0,0,0.275233524074834,"<0.05%",-19.986,0.7,"P_iso=0.28","pRA=0.01*"
"216","L-Cysteine","Isotopologue","C13-2","0.5",0.0320237403504859,0.917272273156825,0,0,0.275233524074834,"<0.05%",-20.988,0.7,"P_iso=0.28","pRA=0.03*"
"217","L-Cysteine","Isotopologue","C13-2","1",0.0108651004759893,1,0,0,0.126630457947616,"<0.05%",-19.986,0.7,"P_iso=0.13","pRA=0.01*"
"218","L-Cysteine","Isotopologue","C13-3","0.5",0.0320237403504859,0.917272273156825,0.0122793524148989,0.013,0.0495346134356268,"1.3%",-20.9945,0.7,"P_iso=0.05*","pRA=0.03*"
"219","L-Cysteine","Isotopologue","C13-3","1",0.0108651004759893,1,0.0140780434015054,0.014,0.0495346134356268,"1.4%",-19.993,0.7,"P_iso=0.05*","pRA=0.01*"
"220","L-Glutamic acid","Isotopologue","C13-0","0.5",0.00269331048586818,0.642587358398664,0.642587358398664,1,0.0495346134356268,"100%",-21.501,0,"P_iso=0.05*","pRA=0*"
"221","L-Glutamic acid","Isotopologue","C13-0","1",0.000105745170236085,1,1,1,0.0495346134356268,"100%",-20.5,0,"P_iso=0.05*","pRA=0*"
"222","L-Glutamic acid","Isotopologue","C13-1","0.5",0.00269331048586818,0.642587358398664,0,0,0.0495346134356268,"<0.05%",-22.001,0.7,"P_iso=0.05*","pRA=0*"
"223","L-Glutamic acid","Isotopologue","C13-1","1",0.000105745170236085,1,0,0,0.0495346134356268,"<0.05%",-21,0.7,"P_iso=0.05*","pRA=0*"
"224","L-Glutamic acid","Isotopologue","C13-2","0.5",0.00269331048586818,0.642587358398664,0,0,0.0495346134356268,"<0.05%",-22.001,0.7,"P_iso=0.05*","pRA=0*"
"225","L-Glutamic acid","Isotopologue","C13-2","1",0.000105745170236085,1,0,0,0.0495346134356268,"<0.05%",-21,0.7,"P_iso=0.05*","pRA=0*"
"226","L-Glutamic acid","Isotopologue","C13-3","0.5",0.00269331048586818,0.642587358398664,0,0,0.126630457947616,"<0.05%",-22.001,0.7,"P_iso=0.13","pRA=0*"
"227","L-Glutamic acid","Isotopologue","C13-3","1",0.000105745170236085,1,0,0,0.126630457947616,"<0.05%",-21,0.7,"P_iso=0.13","pRA=0*"
"228","L-Glutamic acid","Isotopologue","C13-4","0.5",0.00269331048586818,0.642587358398664,0,0,0.275233524074834,"<0.05%",-22.001,0.7,"P_iso=0.28","pRA=0*"
"229","L-Glutamic acid","Isotopologue","C13-4","1",0.000105745170236085,1,0,0,0.126630457947616,"<0.05%",-21,0.7,"P_iso=0.13","pRA=0*"
"230","L-Glutamic acid","Isotopologue","C13-5","0.5",0.00269331048586818,0.642587358398664,0,0,0.275233524074834,"<0.05%",-22.001,0.7,"P_iso=0.28","pRA=0*"
"231","L-Glutamic acid","Isotopologue","C13-5","1",0.000105745170236085,1,0,0,0.512690760261924,"<0.05%",-21,0.7,"P_iso=0.51","pRA=0*"
"232","L-Isoleucine","Isotopologue","C13-0","0.5",0.00223248967195541,0.613898529173296,0.573278446136251,0.934,0.0495346134356268,"93.4%",-22.468,0.7,"P_iso=0.05*","pRA=0*"
"233","L-Isoleucine","Isotopologue","C13-0","1",6.07483366739241e-05,1,0.962704531770159,0.963,0.0495346134356268,"96.3%",-21.4815,0.7,"P_iso=0.05*","pRA=0*"
"234","L-Isoleucine","Isotopologue","C13-1","0.5",0.00223248967195541,0.613898529173296,0.0292200216504067,0.048,0.0495346134356268,"4.8%",-22.959,0.7,"P_iso=0.05*","pRA=0*"
"235","L-Isoleucine","Isotopologue","C13-1","1",6.07483366739241e-05,1,0.0311410494392346,0.031,0.0495346134356268,"3.1%",-21.9785,0.7,"P_iso=0.05*","pRA=0*"
"236","L-Isoleucine","Isotopologue","C13-2","0.5",0.00223248967195541,0.613898529173296,0.0114000613866382,0.019,0.0495346134356268,"1.9%",-22.9925,0.7,"P_iso=0.05*","pRA=0*"
"237","L-Isoleucine","Isotopologue","C13-2","1",6.07483366739241e-05,1,0.00615441879060679,0.006,0.0495346134356268,"0.6%",-21.997,0.7,"P_iso=0.05*","pRA=0*"
"238","L-Isoleucine","Isotopologue","C13-3","0.5",0.00223248967195541,0.613898529173296,0,0,0.0495346134356268,"<0.05%",-23.002,0.7,"P_iso=0.05*","pRA=0*"
"239","L-Isoleucine","Isotopologue","C13-3","1",6.07483366739241e-05,1,0,0,0.0495346134356268,"<0.05%",-22,0.7,"P_iso=0.05*","pRA=0*"
"240","L-Isoleucine","Isotopologue","C13-4","0.5",0.00223248967195541,0.613898529173296,0,0,0.0495346134356268,"<0.05%",-23.002,0.7,"P_iso=0.05*","pRA=0*"
"241","L-Isoleucine","Isotopologue","C13-4","1",6.07483366739241e-05,1,0,0,0.0495346134356268,"<0.05%",-22,0.7,"P_iso=0.05*","pRA=0*"
"242","L-Isoleucine","Isotopologue","C13-5","0.5",0.00223248967195541,0.613898529173296,0,0,0.512690760261924,"<0.05%",-23.002,0.7,"P_iso=0.51","pRA=0*"
"243","L-Isoleucine","Isotopologue","C13-5","1",6.07483366739241e-05,1,0,0,0.0495346134356268,"<0.05%",-22,0.7,"P_iso=0.05*","pRA=0*"
"244","L-Isoleucine","Isotopologue","C13-6","0.5",0.00223248967195541,0.613898529173296,0,0,0.126630457947616,"<0.05%",-23.002,0.7,"P_iso=0.13","pRA=0*"
"245","L-Isoleucine","Isotopologue","C13-6","1",6.07483366739241e-05,1,0,0,0.275233524074834,"<0.05%",-22,0.7,"P_iso=0.28","pRA=0*"
"246","L-Lactic acid","Isotopologue","C13-0","0.5",0.947357240124665,0.809671574358299,0.760576485612619,0.939,0.0495346134356268,"93.9%",-23.4715,0.7,"P_iso=0.05*","pRA=0.95"
"247","L-Lactic acid","Isotopologue","C13-0","1",0.35356716228642,1,0.810112997165059,0.81,0.0495346134356268,"81%",-22.405,0.7,"P_iso=0.05*","pRA=0.35"
"248","L-Lactic acid","Isotopologue","C13-1","0.5",0.947357240124665,0.809671574358299,0,0,0.512690760261924,"<0.05%",-23.941,0.7,"P_iso=0.51","pRA=0.95"
"249","L-Lactic acid","Isotopologue","C13-1","1",0.35356716228642,1,0,0,0.0495346134356268,"<0.05%",-22.81,0.7,"P_iso=0.05*","pRA=0.35"
"250","L-Lactic acid","Isotopologue","C13-2","0.5",0.947357240124665,0.809671574358299,0,0,0.512690760261924,"<0.05%",-23.941,0.7,"P_iso=0.51","pRA=0.95"
"251","L-Lactic acid","Isotopologue","C13-2","1",0.35356716228642,1,0,0,0.0495346134356268,"<0.05%",-22.81,0.7,"P_iso=0.05*","pRA=0.35"
"252","L-Lactic acid","Isotopologue","C13-3","0.5",0.947357240124665,0.809671574358299,0.0490950887456798,0.061,0.0495346134356268,"6.1%",-23.9715,0.7,"P_iso=0.05*","pRA=0.95"
"253","L-Lactic acid","Isotopologue","C13-3","1",0.35356716228642,1,0.189887002834941,0.19,0.0495346134356268,"19%",-22.905,0.7,"P_iso=0.05*","pRA=0.35"
"254","L-Leucine","Isotopologue","C13-0","0.5",0.0642834532240393,0.68404157645577,0.68404157645577,1,0.827259346562712,"100%",-24.502,0,"P_iso=0.83","pRA=0.06"
"255","L-Leucine","Isotopologue","C13-0","1",0.00898691958398831,1,1,1,0.512690760261924,"100%",-23.5,0,"P_iso=0.51","pRA=0.01*"
"256","L-Leucine","Isotopologue","C13-1","0.5",0.0642834532240393,0.68404157645577,0,0,0.827259346562712,"<0.05%",-25.002,0.7,"P_iso=0.83","pRA=0.06"
"257","L-Leucine","Isotopologue","C13-1","1",0.00898691958398831,1,0,0,0.512690760261924,"<0.05%",-24,0.7,"P_iso=0.51","pRA=0.01*"
"258","L-Leucine","Isotopologue","C13-2","0.5",0.0642834532240393,0.68404157645577,0,0,0.275233524074834,"<0.05%",-25.002,0.7,"P_iso=0.28","pRA=0.06"
"259","L-Leucine","Isotopologue","C13-2","1",0.00898691958398831,1,0,0,0.0495346134356268,"<0.05%",-24,0.7,"P_iso=0.05*","pRA=0.01*"
"260","L-Leucine","Isotopologue","C13-3","0.5",0.0642834532240393,0.68404157645577,0,0,0.275233524074834,"<0.05%",-25.002,0.7,"P_iso=0.28","pRA=0.06"
"261","L-Leucine","Isotopologue","C13-3","1",0.00898691958398831,1,0,0,0.0495346134356268,"<0.05%",-24,0.7,"P_iso=0.05*","pRA=0.01*"
"262","L-Leucine","Isotopologue","C13-4","0.5",0.0642834532240393,0.68404157645577,0,0,0.275233524074834,"<0.05%",-25.002,0.7,"P_iso=0.28","pRA=0.06"
"263","L-Leucine","Isotopologue","C13-4","1",0.00898691958398831,1,0,0,0.0495346134356268,"<0.05%",-24,0.7,"P_iso=0.05*","pRA=0.01*"
"264","L-Leucine","Isotopologue","C13-5","0.5",0.0642834532240393,0.68404157645577,0,0,0.275233524074834,"<0.05%",-25.002,0.7,"P_iso=0.28","pRA=0.06"
"265","L-Leucine","Isotopologue","C13-5","1",0.00898691958398831,1,0,0,0.0495346134356268,"<0.05%",-24,0.7,"P_iso=0.05*","pRA=0.01*"
"266","L-Leucine","Isotopologue","C13-6","0.5",0.0642834532240393,0.68404157645577,0,0,0.512690760261924,"<0.05%",-25.002,0.7,"P_iso=0.51","pRA=0.06"
"267","L-Leucine","Isotopologue","C13-6","1",0.00898691958398831,1,0,0,0.126630457947616,"<0.05%",-24,0.7,"P_iso=0.13","pRA=0.01*"
"268","L-Lysine","Isotopologue","C13-0","0.5",0.00644179383321211,0.761643536810645,0.761643536810645,1,0.0495346134356268,"100%",-25.502,0,"P_iso=0.05*","pRA=0.01*"
"269","L-Lysine","Isotopologue","C13-0","1",0.00105458955276798,1,1,1,0.0495346134356268,"100%",-24.5,0,"P_iso=0.05*","pRA=0*"
"270","L-Lysine","Isotopologue","C13-1","0.5",0.00644179383321211,0.761643536810645,0,0,0.512690760261924,"<0.05%",-26.002,0.7,"P_iso=0.51","pRA=0.01*"
"271","L-Lysine","Isotopologue","C13-1","1",0.00105458955276798,1,0,0,0.0495346134356268,"<0.05%",-25,0.7,"P_iso=0.05*","pRA=0*"
"272","L-Lysine","Isotopologue","C13-2","0.5",0.00644179383321211,0.761643536810645,0,0,0.0495346134356268,"<0.05%",-26.002,0.7,"P_iso=0.05*","pRA=0.01*"
"273","L-Lysine","Isotopologue","C13-2","1",0.00105458955276798,1,0,0,0.0495346134356268,"<0.05%",-25,0.7,"P_iso=0.05*","pRA=0*"
"274","L-Lysine","Isotopologue","C13-3","0.5",0.00644179383321211,0.761643536810645,0,0,0.275233524074834,"<0.05%",-26.002,0.7,"P_iso=0.28","pRA=0.01*"
"275","L-Lysine","Isotopologue","C13-3","1",0.00105458955276798,1,0,0,0.0495346134356268,"<0.05%",-25,0.7,"P_iso=0.05*","pRA=0*"
"276","L-Lysine","Isotopologue","C13-4","0.5",0.00644179383321211,0.761643536810645,0,0,0.0495346134356268,"<0.05%",-26.002,0.7,"P_iso=0.05*","pRA=0.01*"
"277","L-Lysine","Isotopologue","C13-4","1",0.00105458955276798,1,0,0,0.275233524074834,"<0.05%",-25,0.7,"P_iso=0.28","pRA=0*"
"278","L-Lysine","Isotopologue","C13-5","0.5",0.00644179383321211,0.761643536810645,0,0,0.126630457947616,"<0.05%",-26.002,0.7,"P_iso=0.13","pRA=0.01*"
"279","L-Lysine","Isotopologue","C13-5","1",0.00105458955276798,1,0,0,0.0495346134356268,"<0.05%",-25,0.7,"P_iso=0.05*","pRA=0*"
"280","L-Lysine","Isotopologue","C13-6","0.5",0.00644179383321211,0.761643536810645,0,0,0.126630457947616,"<0.05%",-26.002,0.7,"P_iso=0.13","pRA=0.01*"
"281","L-Lysine","Isotopologue","C13-6","1",0.00105458955276798,1,0,0,0.0495346134356268,"<0.05%",-25,0.7,"P_iso=0.05*","pRA=0*"
"282","L-Malic acid","Isotopologue","C13-0","0.5",0.0229308324550878,0.949407833095087,0.949407833095087,1,0.0495346134356268,"100%",-26.502,0,"P_iso=0.05*","pRA=0.02*"
"283","L-Malic acid","Isotopologue","C13-0","1",0.0138451667475557,1,1,1,0.0495346134356268,"100%",-25.5,0,"P_iso=0.05*","pRA=0.01*"
"284","L-Malic acid","Isotopologue","C13-1","0.5",0.0229308324550878,0.949407833095087,0,0,0.827259346562712,"<0.05%",-27.002,0.7,"P_iso=0.83","pRA=0.02*"
"285","L-Malic acid","Isotopologue","C13-1","1",0.0138451667475557,1,0,0,0.126630457947616,"<0.05%",-26,0.7,"P_iso=0.13","pRA=0.01*"
"286","L-Malic acid","Isotopologue","C13-2","0.5",0.0229308324550878,0.949407833095087,0,0,0.0495346134356268,"<0.05%",-27.002,0.7,"P_iso=0.05*","pRA=0.02*"
"287","L-Malic acid","Isotopologue","C13-2","1",0.0138451667475557,1,0,0,0.0495346134356268,"<0.05%",-26,0.7,"P_iso=0.05*","pRA=0.01*"
"288","L-Malic acid","Isotopologue","C13-3","0.5",0.0229308324550878,0.949407833095087,0,0,0.0495346134356268,"<0.05%",-27.002,0.7,"P_iso=0.05*","pRA=0.02*"
"289","L-Malic acid","Isotopologue","C13-3","1",0.0138451667475557,1,0,0,0.0495346134356268,"<0.05%",-26,0.7,"P_iso=0.05*","pRA=0.01*"
"290","L-Malic acid","Isotopologue","C13-4","0.5",0.0229308324550878,0.949407833095087,0,0,0.0495346134356268,"<0.05%",-27.002,0.7,"P_iso=0.05*","pRA=0.02*"
"291","L-Malic acid","Isotopologue","C13-4","1",0.0138451667475557,1,0,0,0.0495346134356268,"<0.05%",-26,0.7,"P_iso=0.05*","pRA=0.01*"
"292","L-Methionine","Isotopologue","C13-0","0.5",0.00450067009637134,0.772834040923644,0.764051449559064,0.989,0.512690760261924,"98.9%",-27.4965,0.7,"P_iso=0.51","pRA=0*"
"293","L-Methionine","Isotopologue","C13-0","1",0.00043625714715851,1,0.988515793697113,0.989,0.827259346562712,"98.9%",-26.4945,0.7,"P_iso=0.83","pRA=0*"
"294","L-Methionine","Isotopologue","C13-1","0.5",0.00450067009637134,0.772834040923644,0,0,0.512690760261924,"<0.05%",-27.991,0.7,"P_iso=0.51","pRA=0*"
"295","L-Methionine","Isotopologue","C13-1","1",0.00043625714715851,1,0,0,0.275233524074834,"<0.05%",-26.989,0.7,"P_iso=0.28","pRA=0*"
"296","L-Methionine","Isotopologue","C13-2","0.5",0.00450067009637134,0.772834040923644,0,0,0.126630457947616,"<0.05%",-27.991,0.7,"P_iso=0.13","pRA=0*"
"297","L-Methionine","Isotopologue","C13-2","1",0.00043625714715851,1,0,0,0.126630457947616,"<0.05%",-26.989,0.7,"P_iso=0.13","pRA=0*"
"298","L-Methionine","Isotopologue","C13-3","0.5",0.00450067009637134,0.772834040923644,0.00452618399658933,0.006,0.512690760261924,"0.6%",-27.994,0.7,"P_iso=0.51","pRA=0*"
"299","L-Methionine","Isotopologue","C13-3","1",0.00043625714715851,1,0.00580106602775313,0.006,0.512690760261924,"0.6%",-26.992,0.7,"P_iso=0.51","pRA=0*"
"300","L-Methionine","Isotopologue","C13-4","0.5",0.00450067009637134,0.772834040923644,0.00425640736799016,0.006,0.126630457947616,"0.6%",-28,0.7,"P_iso=0.13","pRA=0*"
"301","L-Methionine","Isotopologue","C13-4","1",0.00043625714715851,1,0.00568314027513379,0.006,0.275233524074834,"0.6%",-26.998,0.7,"P_iso=0.28","pRA=0*"
"302","L-Methionine","Isotopologue","C13-5","0.5",0.00450067009637134,0.772834040923644,0,0,0.0495346134356268,"<0.05%",-28.003,0.7,"P_iso=0.05*","pRA=0*"
"303","L-Methionine","Isotopologue","C13-5","1",0.00043625714715851,1,0,0,0.0495346134356268,"<0.05%",-27.001,0.7,"P_iso=0.05*","pRA=0*"
"304","L-Phenylalanine","Isotopologue","C13-0","0.5",0.00223554299234766,0.75115732687588,0.75115732687588,1,0.126630457947616,"100%",-28.503,0,"P_iso=0.13","pRA=0*"
"305","L-Phenylalanine","Isotopologue","C13-0","1",0.000312287060432904,1,1,1,0.126630457947616,"100%",-27.501,0,"P_iso=0.13","pRA=0*"
"306","L-Phenylalanine","Isotopologue","C13-1","0.5",0.00223554299234766,0.75115732687588,0,0,0.827259346562712,"<0.05%",-29.003,0.7,"P_iso=0.83","pRA=0*"
"307","L-Phenylalanine","Isotopologue","C13-1","1",0.000312287060432904,1,0,0,0.827259346562712,"<0.05%",-28.001,0.7,"P_iso=0.83","pRA=0*"
"308","L-Phenylalanine","Isotopologue","C13-2","0.5",0.00223554299234766,0.75115732687588,0,0,0.512690760261924,"<0.05%",-29.003,0.7,"P_iso=0.51","pRA=0*"
"309","L-Phenylalanine","Isotopologue","C13-2","1",0.000312287060432904,1,0,0,0.275233524074834,"<0.05%",-28.001,0.7,"P_iso=0.28","pRA=0*"
"310","L-Phenylalanine","Isotopologue","C13-3","0.5",0.00223554299234766,0.75115732687588,0,0,0.0495346134356268,"<0.05%",-29.003,0.7,"P_iso=0.05*","pRA=0*"
"311","L-Phenylalanine","Isotopologue","C13-3","1",0.000312287060432904,1,0,0,0.0495346134356268,"<0.05%",-28.001,0.7,"P_iso=0.05*","pRA=0*"
"312","L-Phenylalanine","Isotopologue","C13-4","0.5",0.00223554299234766,0.75115732687588,0,0,0.0495346134356268,"<0.05%",-29.003,0.7,"P_iso=0.05*","pRA=0*"
"313","L-Phenylalanine","Isotopologue","C13-4","1",0.000312287060432904,1,0,0,0.0495346134356268,"<0.05%",-28.001,0.7,"P_iso=0.05*","pRA=0*"
"314","L-Phenylalanine","Isotopologue","C13-5","0.5",0.00223554299234766,0.75115732687588,0,0,0.0495346134356268,"<0.05%",-29.003,0.7,"P_iso=0.05*","pRA=0*"
"315","L-Phenylalanine","Isotopologue","C13-5","1",0.000312287060432904,1,0,0,0.0495346134356268,"<0.05%",-28.001,0.7,"P_iso=0.05*","pRA=0*"
"316","L-Phenylalanine","Isotopologue","C13-6","0.5",0.00223554299234766,0.75115732687588,0,0,0.0495346134356268,"<0.05%",-29.003,0.7,"P_iso=0.05*","pRA=0*"
"317","L-Phenylalanine","Isotopologue","C13-6","1",0.000312287060432904,1,0,0,0.0495346134356268,"<0.05%",-28.001,0.7,"P_iso=0.05*","pRA=0*"
"318","L-Phenylalanine","Isotopologue","C13-7","0.5",0.00223554299234766,0.75115732687588,0,0,0.0495346134356268,"<0.05%",-29.003,0.7,"P_iso=0.05*","pRA=0*"
"319","L-Phenylalanine","Isotopologue","C13-7","1",0.000312287060432904,1,0,0,0.0495346134356268,"<0.05%",-28.001,0.7,"P_iso=0.05*","pRA=0*"
"320","L-Phenylalanine","Isotopologue","C13-8","0.5",0.00223554299234766,0.75115732687588,0,0,0.0495346134356268,"<0.05%",-29.003,0.7,"P_iso=0.05*","pRA=0*"
"321","L-Phenylalanine","Isotopologue","C13-8","1",0.000312287060432904,1,0,0,0.0495346134356268,"<0.05%",-28.001,0.7,"P_iso=0.05*","pRA=0*"
"322","L-Phenylalanine","Isotopologue","C13-9","0.5",0.00223554299234766,0.75115732687588,0,0,0.0495346134356268,"<0.05%",-29.003,0.7,"P_iso=0.05*","pRA=0*"
"323","L-Phenylalanine","Isotopologue","C13-9","1",0.000312287060432904,1,0,0,0.0495346134356268,"<0.05%",-28.001,0.7,"P_iso=0.05*","pRA=0*"
"324","L-Proline","Isotopologue","C13-0","0.5",0.0100534224430913,0.651455395223242,0.651455395223242,1,0.0495346134356268,"100%",-29.503,0,"P_iso=0.05*","pRA=0.01*"
"325","L-Proline","Isotopologue","C13-0","1",0.000707208797789999,1,1,1,0.0495346134356268,"100%",-28.501,0,"P_iso=0.05*","pRA=0*"
"326","L-Proline","Isotopologue","C13-1","0.5",0.0100534224430913,0.651455395223242,0,0,0.827259346562712,"<0.05%",-30.003,0.7,"P_iso=0.83","pRA=0.01*"
"327","L-Proline","Isotopologue","C13-1","1",0.000707208797789999,1,0,0,0.827259346562712,"<0.05%",-29.001,0.7,"P_iso=0.83","pRA=0*"
"328","L-Proline","Isotopologue","C13-2","0.5",0.0100534224430913,0.651455395223242,0,0,0.0495346134356268,"<0.05%",-30.003,0.7,"P_iso=0.05*","pRA=0.01*"
"329","L-Proline","Isotopologue","C13-2","1",0.000707208797789999,1,0,0,0.126630457947616,"<0.05%",-29.001,0.7,"P_iso=0.13","pRA=0*"
"330","L-Proline","Isotopologue","C13-3","0.5",0.0100534224430913,0.651455395223242,0,0,0.0495346134356268,"<0.05%",-30.003,0.7,"P_iso=0.05*","pRA=0.01*"
"331","L-Proline","Isotopologue","C13-3","1",0.000707208797789999,1,0,0,0.0495346134356268,"<0.05%",-29.001,0.7,"P_iso=0.05*","pRA=0*"
"332","L-Proline","Isotopologue","C13-4","0.5",0.0100534224430913,0.651455395223242,0,0,0.0495346134356268,"<0.05%",-30.003,0.7,"P_iso=0.05*","pRA=0.01*"
"333","L-Proline","Isotopologue","C13-4","1",0.000707208797789999,1,0,0,0.0495346134356268,"<0.05%",-29.001,0.7,"P_iso=0.05*","pRA=0*"
"334","L-Proline","Isotopologue","C13-5","0.5",0.0100534224430913,0.651455395223242,0,0,0.0495346134356268,"<0.05%",-30.003,0.7,"P_iso=0.05*","pRA=0.01*"
"335","L-Proline","Isotopologue","C13-5","1",0.000707208797789999,1,0,0,0.0495346134356268,"<0.05%",-29.001,0.7,"P_iso=0.05*","pRA=0*"
"336","L-Serine","Isotopologue","C13-0","0.5",0.809767273291231,0.0881800904370903,0.0881800904370903,1,NA,"100%",-30.503,0,"","pRA=0.81"
"337","L-Serine","Isotopologue","C13-0","1",0.029069861242977,1,1,1,NA,"100%",-29.501,0,"","pRA=0.03*"
"338","L-Serine","Isotopologue","C13-1","0.5",0.809767273291231,0.0881800904370903,0,0,NA,"<0.05%",-31.003,0.7,"","pRA=0.81"
"339","L-Serine","Isotopologue","C13-1","1",0.029069861242977,1,0,0,NA,"<0.05%",-30.001,0.7,"","pRA=0.03*"
"340","L-Serine","Isotopologue","C13-2","0.5",0.809767273291231,0.0881800904370903,0,0,NA,"<0.05%",-31.003,0.7,"","pRA=0.81"
"341","L-Serine","Isotopologue","C13-2","1",0.029069861242977,1,0,0,NA,"<0.05%",-30.001,0.7,"","pRA=0.03*"
"342","L-Serine","Isotopologue","C13-3","0.5",0.809767273291231,0.0881800904370903,0,0,NA,"<0.05%",-31.003,0.7,"","pRA=0.81"
"343","L-Serine","Isotopologue","C13-3","1",0.029069861242977,1,0,0,NA,"<0.05%",-30.001,0.7,"","pRA=0.03*"
"344","L-Threonine","Isotopologue","C13-0","0.5",0.0108308436428975,0.549763977967079,0.549763977967079,1,0.0495346134356268,"100%",-31.503,0,"P_iso=0.05*","pRA=0.01*"
"345","L-Threonine","Isotopologue","C13-0","1",0.000101600274901548,1,1,1,0.0495346134356268,"100%",-30.501,0,"P_iso=0.05*","pRA=0*"
"346","L-Threonine","Isotopologue","C13-1","0.5",0.0108308436428975,0.549763977967079,0,0,0.275233524074834,"<0.05%",-32.003,0.7,"P_iso=0.28","pRA=0.01*"
"347","L-Threonine","Isotopologue","C13-1","1",0.000101600274901548,1,0,0,0.275233524074834,"<0.05%",-31.001,0.7,"P_iso=0.28","pRA=0*"
"348","L-Threonine","Isotopologue","C13-2","0.5",0.0108308436428975,0.549763977967079,0,0,0.275233524074834,"<0.05%",-32.003,0.7,"P_iso=0.28","pRA=0.01*"
"349","L-Threonine","Isotopologue","C13-2","1",0.000101600274901548,1,0,0,0.0495346134356268,"<0.05%",-31.001,0.7,"P_iso=0.05*","pRA=0*"
"350","L-Threonine","Isotopologue","C13-3","0.5",0.0108308436428975,0.549763977967079,0,0,0.0495346134356268,"<0.05%",-32.003,0.7,"P_iso=0.05*","pRA=0.01*"
"351","L-Threonine","Isotopologue","C13-3","1",0.000101600274901548,1,0,0,0.0495346134356268,"<0.05%",-31.001,0.7,"P_iso=0.05*","pRA=0*"
"352","L-Threonine","Isotopologue","C13-4","0.5",0.0108308436428975,0.549763977967079,0,0,0.0495346134356268,"<0.05%",-32.003,0.7,"P_iso=0.05*","pRA=0.01*"
"353","L-Threonine","Isotopologue","C13-4","1",0.000101600274901548,1,0,0,0.0495346134356268,"<0.05%",-31.001,0.7,"P_iso=0.05*","pRA=0*"
"354","L-Tryptophan","Isotopologue","C13-0","0.5",0.0110409528776583,0.727017694842146,0.727017694842146,1,0.0495346134356268,"100%",-32.503,0,"P_iso=0.05*","pRA=0.01*"
"355","L-Tryptophan","Isotopologue","C13-0","1",0.00134635268766288,1,1,1,0.0495346134356268,"100%",-31.501,0,"P_iso=0.05*","pRA=0*"
"356","L-Tryptophan","Isotopologue","C13-1","0.5",0.0110409528776583,0.727017694842146,0,0,0.126630457947616,"<0.05%",-33.003,0.7,"P_iso=0.13","pRA=0.01*"
"357","L-Tryptophan","Isotopologue","C13-1","1",0.00134635268766288,1,0,0,0.126630457947616,"<0.05%",-32.001,0.7,"P_iso=0.13","pRA=0*"
"358","L-Tryptophan","Isotopologue","C13-10","0.5",0.0110409528776583,0.727017694842146,0,0,0.0495346134356268,"<0.05%",-33.003,0.7,"P_iso=0.05*","pRA=0.01*"
"359","L-Tryptophan","Isotopologue","C13-10","1",0.00134635268766288,1,0,0,0.0495346134356268,"<0.05%",-32.001,0.7,"P_iso=0.05*","pRA=0*"
"360","L-Tryptophan","Isotopologue","C13-11","0.5",0.0110409528776583,0.727017694842146,0,0,0.0495346134356268,"<0.05%",-33.003,0.7,"P_iso=0.05*","pRA=0.01*"
"361","L-Tryptophan","Isotopologue","C13-11","1",0.00134635268766288,1,0,0,0.0495346134356268,"<0.05%",-32.001,0.7,"P_iso=0.05*","pRA=0*"
"362","L-Tryptophan","Isotopologue","C13-2","0.5",0.0110409528776583,0.727017694842146,0,0,0.0495346134356268,"<0.05%",-33.003,0.7,"P_iso=0.05*","pRA=0.01*"
"363","L-Tryptophan","Isotopologue","C13-2","1",0.00134635268766288,1,0,0,0.0495346134356268,"<0.05%",-32.001,0.7,"P_iso=0.05*","pRA=0*"
"364","L-Tryptophan","Isotopologue","C13-3","0.5",0.0110409528776583,0.727017694842146,0,0,0.0495346134356268,"<0.05%",-33.003,0.7,"P_iso=0.05*","pRA=0.01*"
"365","L-Tryptophan","Isotopologue","C13-3","1",0.00134635268766288,1,0,0,0.0495346134356268,"<0.05%",-32.001,0.7,"P_iso=0.05*","pRA=0*"
"366","L-Tryptophan","Isotopologue","C13-4","0.5",0.0110409528776583,0.727017694842146,0,0,0.0495346134356268,"<0.05%",-33.003,0.7,"P_iso=0.05*","pRA=0.01*"
"367","L-Tryptophan","Isotopologue","C13-4","1",0.00134635268766288,1,0,0,0.0495346134356268,"<0.05%",-32.001,0.7,"P_iso=0.05*","pRA=0*"
"368","L-Tryptophan","Isotopologue","C13-5","0.5",0.0110409528776583,0.727017694842146,0,0,0.0495346134356268,"<0.05%",-33.003,0.7,"P_iso=0.05*","pRA=0.01*"
"369","L-Tryptophan","Isotopologue","C13-5","1",0.00134635268766288,1,0,0,0.0495346134356268,"<0.05%",-32.001,0.7,"P_iso=0.05*","pRA=0*"
"370","L-Tryptophan","Isotopologue","C13-6","0.5",0.0110409528776583,0.727017694842146,0,0,0.0495346134356268,"<0.05%",-33.003,0.7,"P_iso=0.05*","pRA=0.01*"
"371","L-Tryptophan","Isotopologue","C13-6","1",0.00134635268766288,1,0,0,0.0495346134356268,"<0.05%",-32.001,0.7,"P_iso=0.05*","pRA=0*"
"372","L-Tryptophan","Isotopologue","C13-7","0.5",0.0110409528776583,0.727017694842146,0,0,0.0495346134356268,"<0.05%",-33.003,0.7,"P_iso=0.05*","pRA=0.01*"
"373","L-Tryptophan","Isotopologue","C13-7","1",0.00134635268766288,1,0,0,0.0495346134356268,"<0.05%",-32.001,0.7,"P_iso=0.05*","pRA=0*"
"374","L-Tryptophan","Isotopologue","C13-8","0.5",0.0110409528776583,0.727017694842146,0,0,0.0495346134356268,"<0.05%",-33.003,0.7,"P_iso=0.05*","pRA=0.01*"
"375","L-Tryptophan","Isotopologue","C13-8","1",0.00134635268766288,1,0,0,0.0495346134356268,"<0.05%",-32.001,0.7,"P_iso=0.05*","pRA=0*"
"376","L-Tryptophan","Isotopologue","C13-9","0.5",0.0110409528776583,0.727017694842146,0,0,0.0495346134356268,"<0.05%",-33.003,0.7,"P_iso=0.05*","pRA=0.01*"
"377","L-Tryptophan","Isotopologue","C13-9","1",0.00134635268766288,1,0,0,0.0495346134356268,"<0.05%",-32.001,0.7,"P_iso=0.05*","pRA=0*"
"378","L-Tyrosine","Isotopologue","C13-0","0.5",0.0111098349674592,0.631045884377248,0.572880376713926,0.908,0.0495346134356268,"90.8%",-33.457,0.7,"P_iso=0.05*","pRA=0.01*"
"379","L-Tyrosine","Isotopologue","C13-0","1",0.000754867282300661,1,0.966858072165029,0.967,0.0495346134356268,"96.7%",-32.4845,0.7,"P_iso=0.05*","pRA=0*"
"380","L-Tyrosine","Isotopologue","C13-1","0.5",0.0111098349674592,0.631045884377248,0.0581655076633224,0.092,0.0495346134356268,"9.2%",-33.957,0.7,"P_iso=0.05*","pRA=0.01*"
"381","L-Tyrosine","Isotopologue","C13-1","1",0.000754867282300661,1,0.0331419278349715,0.033,0.0495346134356268,"3.3%",-32.9845,0.7,"P_iso=0.05*","pRA=0*"
"382","L-Tyrosine","Isotopologue","C13-2","0.5",0.0111098349674592,0.631045884377248,0,0,0.0495346134356268,"<0.05%",-34.003,0.7,"P_iso=0.05*","pRA=0.01*"
"383","L-Tyrosine","Isotopologue","C13-2","1",0.000754867282300661,1,0,0,0.0495346134356268,"<0.05%",-33.001,0.7,"P_iso=0.05*","pRA=0*"
"384","L-Tyrosine","Isotopologue","C13-3","0.5",0.0111098349674592,0.631045884377248,0,0,0.275233524074834,"<0.05%",-34.003,0.7,"P_iso=0.28","pRA=0.01*"
"385","L-Tyrosine","Isotopologue","C13-3","1",0.000754867282300661,1,0,0,0.126630457947616,"<0.05%",-33.001,0.7,"P_iso=0.13","pRA=0*"
"386","L-Tyrosine","Isotopologue","C13-4","0.5",0.0111098349674592,0.631045884377248,0,0,0.0495346134356268,"<0.05%",-34.003,0.7,"P_iso=0.05*","pRA=0.01*"
"387","L-Tyrosine","Isotopologue","C13-4","1",0.000754867282300661,1,0,0,0.0495346134356268,"<0.05%",-33.001,0.7,"P_iso=0.05*","pRA=0*"
"388","L-Tyrosine","Isotopologue","C13-5","0.5",0.0111098349674592,0.631045884377248,0,0,0.275233524074834,"<0.05%",-34.003,0.7,"P_iso=0.28","pRA=0.01*"
"389","L-Tyrosine","Isotopologue","C13-5","1",0.000754867282300661,1,0,0,0.0495346134356268,"<0.05%",-33.001,0.7,"P_iso=0.05*","pRA=0*"
"390","L-Tyrosine","Isotopologue","C13-6","0.5",0.0111098349674592,0.631045884377248,0,0,0.827259346562712,"<0.05%",-34.003,0.7,"P_iso=0.83","pRA=0.01*"
"391","L-Tyrosine","Isotopologue","C13-6","1",0.000754867282300661,1,0,0,0.512690760261924,"<0.05%",-33.001,0.7,"P_iso=0.51","pRA=0*"
"392","L-Tyrosine","Isotopologue","C13-7","0.5",0.0111098349674592,0.631045884377248,0,0,0.827259346562712,"<0.05%",-34.003,0.7,"P_iso=0.83","pRA=0.01*"
"393","L-Tyrosine","Isotopologue","C13-7","1",0.000754867282300661,1,0,0,0.512690760261924,"<0.05%",-33.001,0.7,"P_iso=0.51","pRA=0*"
"394","L-Tyrosine","Isotopologue","C13-8","0.5",0.0111098349674592,0.631045884377248,0,0,0.827259346562712,"<0.05%",-34.003,0.7,"P_iso=0.83","pRA=0.01*"
"395","L-Tyrosine","Isotopologue","C13-8","1",0.000754867282300661,1,0,0,0.512690760261924,"<0.05%",-33.001,0.7,"P_iso=0.51","pRA=0*"
"396","L-Tyrosine","Isotopologue","C13-9","0.5",0.0111098349674592,0.631045884377248,0,0,0.275233524074834,"<0.05%",-34.003,0.7,"P_iso=0.28","pRA=0.01*"
"397","L-Tyrosine","Isotopologue","C13-9","1",0.000754867282300661,1,0,0,0.827259346562712,"<0.05%",-33.001,0.7,"P_iso=0.83","pRA=0*"
"398","L-Valine","Isotopologue","C13-0","0.5",0.00330088990399284,0.593831466898271,0.589116180078007,0.992,0.0495346134356268,"99.2%",-34.499,0.7,"P_iso=0.05*","pRA=0*"
"399","L-Valine","Isotopologue","C13-0","1",6.49224639087752e-05,1,0.994151864719825,0.994,0.0495346134356268,"99.4%",-33.498,0.7,"P_iso=0.05*","pRA=0*"
"400","L-Valine","Isotopologue","C13-1","0.5",0.00330088990399284,0.593831466898271,0,0,0.126630457947616,"<0.05%",-34.995,0.7,"P_iso=0.13","pRA=0*"
"401","L-Valine","Isotopologue","C13-1","1",6.49224639087752e-05,1,0,0,0.126630457947616,"<0.05%",-33.995,0.7,"P_iso=0.13","pRA=0*"
"402","L-Valine","Isotopologue","C13-2","0.5",0.00330088990399284,0.593831466898271,0,0,0.275233524074834,"<0.05%",-34.995,0.7,"P_iso=0.28","pRA=0*"
"403","L-Valine","Isotopologue","C13-2","1",6.49224639087752e-05,1,0,0,0.275233524074834,"<0.05%",-33.995,0.7,"P_iso=0.28","pRA=0*"
"404","L-Valine","Isotopologue","C13-3","0.5",0.00330088990399284,0.593831466898271,0.00471528682026478,0.008,0.0495346134356268,"0.8%",-34.999,0.7,"P_iso=0.05*","pRA=0*"
"405","L-Valine","Isotopologue","C13-3","1",6.49224639087752e-05,1,0.00584813528017542,0.006,0.0495346134356268,"0.6%",-33.998,0.7,"P_iso=0.05*","pRA=0*"
"406","L-Valine","Isotopologue","C13-4","0.5",0.00330088990399284,0.593831466898271,0,0,0.0495346134356268,"<0.05%",-35.003,0.7,"P_iso=0.05*","pRA=0*"
"407","L-Valine","Isotopologue","C13-4","1",6.49224639087752e-05,1,0,0,0.0495346134356268,"<0.05%",-34.001,0.7,"P_iso=0.05*","pRA=0*"
"408","L-Valine","Isotopologue","C13-5","0.5",0.00330088990399284,0.593831466898271,0,0,0.0495346134356268,"<0.05%",-35.003,0.7,"P_iso=0.05*","pRA=0*"
"409","L-Valine","Isotopologue","C13-5","1",6.49224639087752e-05,1,0,0,0.0495346134356268,"<0.05%",-34.001,0.7,"P_iso=0.05*","pRA=0*"
"410","Mannitol","Isotopologue","C13-0","0.5",0.28349494865112,1,0.936907610755145,0.937,0.512690760261924,"93.7%",-35.4715,0.7,"P_iso=0.51","pRA=0.28"
"411","Mannitol","Isotopologue","C13-0","1",0.871555756768525,0.585882030524637,0.536278839207777,0.915,0.512690760261924,"91.5%",-34.4585,0.7,"P_iso=0.51","pRA=0.87"
"412","Mannitol","Isotopologue","C13-1","0.5",0.28349494865112,1,0,0,0.512690760261924,"<0.05%",-35.94,0.7,"P_iso=0.51","pRA=0.28"
"413","Mannitol","Isotopologue","C13-1","1",0.871555756768525,0.585882030524637,0,0,0.506555169049041,"<0.05%",-34.916,0.7,"P_iso=0.51","pRA=0.87"
"414","Mannitol","Isotopologue","C13-2","0.5",0.28349494865112,1,0,0,0.512690760261924,"<0.05%",-35.94,0.7,"P_iso=0.51","pRA=0.28"
"415","Mannitol","Isotopologue","C13-2","1",0.871555756768525,0.585882030524637,0,0,0.375825087488698,"<0.05%",-34.916,0.7,"P_iso=0.38","pRA=0.87"
"416","Mannitol","Isotopologue","C13-3","0.5",0.28349494865112,1,0.0447610685037217,0.045,0.512690760261924,"4.5%",-35.9625,0.7,"P_iso=0.51","pRA=0.28"
"417","Mannitol","Isotopologue","C13-3","1",0.871555756768525,0.585882030524637,0.0440157949559179,0.075,0.506555169049041,"7.5%",-34.9535,0.7,"P_iso=0.51","pRA=0.87"
"418","Mannitol","Isotopologue","C13-4","0.5",0.28349494865112,1,0.0183313207411329,0.018,0.512690760261924,"1.8%",-35.994,0.7,"P_iso=0.51","pRA=0.28"
"419","Mannitol","Isotopologue","C13-4","1",0.871555756768525,0.585882030524637,0.0055873963609421,0.01,0.824778095082514,"1%",-34.996,0.7,"P_iso=0.82","pRA=0.87"
"420","Mannitol","Isotopologue","C13-5","0.5",0.28349494865112,1,0,0,0.512690760261924,"<0.05%",-36.003,0.7,"P_iso=0.51","pRA=0.28"
"421","Mannitol","Isotopologue","C13-5","1",0.871555756768525,0.585882030524637,0,0,0.506555169049041,"<0.05%",-35.001,0.7,"P_iso=0.51","pRA=0.87"
"422","Mannitol","Isotopologue","C13-6","0.5",0.28349494865112,1,0,0,0.275233524074834,"<0.05%",-36.003,0.7,"P_iso=0.28","pRA=0.28"
"423","Mannitol","Isotopologue","C13-6","1",0.871555756768525,0.585882030524637,0,0,0.268285883677117,"<0.05%",-35.001,0.7,"P_iso=0.27","pRA=0.87"
"424","Myo-inositol","Isotopologue","C13-0","0.5",0.236852719120091,1,1,1,0.512690760261924,"100%",-36.503,0,"P_iso=0.51","pRA=0.24"
"425","Myo-inositol","Isotopologue","C13-0","1",0.594324914256703,0.829211708806583,0.829211708806583,1,0.827259346562712,"100%",-35.501,0,"P_iso=0.83","pRA=0.59"
"426","Myo-inositol","Isotopologue","C13-1","0.5",0.236852719120091,1,0,0,0.275233524074834,"<0.05%",-37.003,0.7,"P_iso=0.28","pRA=0.24"
"427","Myo-inositol","Isotopologue","C13-1","1",0.594324914256703,0.829211708806583,0,0,0.827259346562712,"<0.05%",-36.001,0.7,"P_iso=0.83","pRA=0.59"
"428","Myo-inositol","Isotopologue","C13-2","0.5",0.236852719120091,1,0,0,0.275233524074834,"<0.05%",-37.003,0.7,"P_iso=0.28","pRA=0.24"
"429","Myo-inositol","Isotopologue","C13-2","1",0.594324914256703,0.829211708806583,0,0,0.512690760261924,"<0.05%",-36.001,0.7,"P_iso=0.51","pRA=0.59"
"430","Myo-inositol","Isotopologue","C13-3","0.5",0.236852719120091,1,0,0,0.827259346562712,"<0.05%",-37.003,0.7,"P_iso=0.83","pRA=0.24"
"431","Myo-inositol","Isotopologue","C13-3","1",0.594324914256703,0.829211708806583,0,0,0.512690760261924,"<0.05%",-36.001,0.7,"P_iso=0.51","pRA=0.59"
"432","Myo-inositol","Isotopologue","C13-4","0.5",0.236852719120091,1,0,0,0.827259346562712,"<0.05%",-37.003,0.7,"P_iso=0.83","pRA=0.24"
"433","Myo-inositol","Isotopologue","C13-4","1",0.594324914256703,0.829211708806583,0,0,0.827259346562712,"<0.05%",-36.001,0.7,"P_iso=0.83","pRA=0.59"
"434","Myo-inositol","Isotopologue","C13-5","0.5",0.236852719120091,1,0,0,0.275233524074834,"<0.05%",-37.003,0.7,"P_iso=0.28","pRA=0.24"
"435","Myo-inositol","Isotopologue","C13-5","1",0.594324914256703,0.829211708806583,0,0,0.827259346562712,"<0.05%",-36.001,0.7,"P_iso=0.83","pRA=0.59"
"436","Myo-inositol","Isotopologue","C13-6","0.5",0.236852719120091,1,0,0,0.827259346562712,"<0.05%",-37.003,0.7,"P_iso=0.83","pRA=0.24"
"437","Myo-inositol","Isotopologue","C13-6","1",0.594324914256703,0.829211708806583,0,0,0.827259346562712,"<0.05%",-36.001,0.7,"P_iso=0.83","pRA=0.59"
"438","Oxoadipic acid","Isotopologue","C13-0","0.5",0.5448887923888,0.42357466048347,0.416142113124571,0.982,0,"98.2%",-37.494,0.7,"P_iso=0*","pRA=0.54"
"439","Oxoadipic acid","Isotopologue","C13-0","1",0.529115296057238,0.400002357561824,0.392983438009706,0.982,0,"98.2%",-36.492,0.7,"P_iso=0*","pRA=0.53"
"440","Oxoadipic acid","Isotopologue","C13-1","0.5",0.5448887923888,0.42357466048347,0,0,0,"<0.05%",-37.985,0.7,"P_iso=0*","pRA=0.54"
"441","Oxoadipic acid","Isotopologue","C13-1","1",0.529115296057238,0.400002357561824,0,0,0,"<0.05%",-36.983,0.7,"P_iso=0*","pRA=0.53"
"442","Oxoadipic acid","Isotopologue","C13-2","0.5",0.5448887923888,0.42357466048347,0,0,0,"<0.05%",-37.985,0.7,"P_iso=0*","pRA=0.54"
"443","Oxoadipic acid","Isotopologue","C13-2","1",0.529115296057238,0.400002357561824,0,0,0,"<0.05%",-36.983,0.7,"P_iso=0*","pRA=0.53"
"444","Oxoadipic acid","Isotopologue","C13-3","0.5",0.5448887923888,0.42357466048347,0.00743254735889816,0.018,0,"1.8%",-37.994,0.7,"P_iso=0*","pRA=0.54"
"445","Oxoadipic acid","Isotopologue","C13-3","1",0.529115296057238,0.400002357561824,0.00701891955211801,0.018,0,"1.8%",-36.992,0.7,"P_iso=0*","pRA=0.53"
"446","Oxoadipic acid","Isotopologue","C13-4","0.5",0.5448887923888,0.42357466048347,0,0,0,"<0.05%",-38.003,0.7,"P_iso=0*","pRA=0.54"
"447","Oxoadipic acid","Isotopologue","C13-4","1",0.529115296057238,0.400002357561824,0,0,1,"<0.05%",-37.001,0.7,"P_iso=1","pRA=0.53"
"448","Oxoadipic acid","Isotopologue","C13-5","0.5",0.5448887923888,0.42357466048347,0,0,0,"<0.05%",-38.003,0.7,"P_iso=0*","pRA=0.54"
"449","Oxoadipic acid","Isotopologue","C13-5","1",0.529115296057238,0.400002357561824,0,0,0,"<0.05%",-37.001,0.7,"P_iso=0*","pRA=0.53"
"450","Oxoadipic acid","Isotopologue","C13-6","0.5",0.5448887923888,0.42357466048347,0,0,0,"<0.05%",-38.003,0.7,"P_iso=0*","pRA=0.54"
"451","Oxoadipic acid","Isotopologue","C13-6","1",0.529115296057238,0.400002357561824,0,0,0,"<0.05%",-37.001,0.7,"P_iso=0*","pRA=0.53"
"452","Oxoglutaric acid","Isotopologue","C13-0","0.5",0.00417735552042955,1,1,1,0.0495346134356268,"100%",-38.503,0,"P_iso=0.05*","pRA=0*"
"453","Oxoglutaric acid","Isotopologue","C13-0","1",0.0182879954611595,0.824437224497812,0.824437224497812,1,0.126630457947616,"100%",-37.501,0,"P_iso=0.13","pRA=0.02*"
"454","Oxoglutaric acid","Isotopologue","C13-1","0.5",0.00417735552042955,1,0,0,0.0495346134356268,"<0.05%",-39.003,0.7,"P_iso=0.05*","pRA=0*"
"455","Oxoglutaric acid","Isotopologue","C13-1","1",0.0182879954611595,0.824437224497812,0,0,0.827259346562712,"<0.05%",-38.001,0.7,"P_iso=0.83","pRA=0.02*"
"456","Oxoglutaric acid","Isotopologue","C13-2","0.5",0.00417735552042955,1,0,0,0.0495346134356268,"<0.05%",-39.003,0.7,"P_iso=0.05*","pRA=0*"
"457","Oxoglutaric acid","Isotopologue","C13-2","1",0.0182879954611595,0.824437224497812,0,0,0.0495346134356268,"<0.05%",-38.001,0.7,"P_iso=0.05*","pRA=0.02*"
"458","Oxoglutaric acid","Isotopologue","C13-3","0.5",0.00417735552042955,1,0,0,0.275233524074834,"<0.05%",-39.003,0.7,"P_iso=0.28","pRA=0*"
"459","Oxoglutaric acid","Isotopologue","C13-3","1",0.0182879954611595,0.824437224497812,0,0,0.126630457947616,"<0.05%",-38.001,0.7,"P_iso=0.13","pRA=0.02*"
"460","Oxoglutaric acid","Isotopologue","C13-4","0.5",0.00417735552042955,1,0,0,0.0495346134356268,"<0.05%",-39.003,0.7,"P_iso=0.05*","pRA=0*"
"461","Oxoglutaric acid","Isotopologue","C13-4","1",0.0182879954611595,0.824437224497812,0,0,0.0495346134356268,"<0.05%",-38.001,0.7,"P_iso=0.05*","pRA=0.02*"
"462","Oxoglutaric acid","Isotopologue","C13-5","0.5",0.00417735552042955,1,0,0,0.0495346134356268,"<0.05%",-39.003,0.7,"P_iso=0.05*","pRA=0*"
"463","Oxoglutaric acid","Isotopologue","C13-5","1",0.0182879954611595,0.824437224497812,0,0,0.0495346134356268,"<0.05%",-38.001,0.7,"P_iso=0.05*","pRA=0.02*"
"464","Pentose-phosphate","Isotopologue","C13-0","0.5",0.280960382234097,1,1,1,0.275233524074834,"100%",-39.503,0,"P_iso=0.28","pRA=0.28"
"465","Pentose-phosphate","Isotopologue","C13-0","1",0.124740088250671,0.62925634798528,0.622146661619347,0.989,0.126630457947616,"98.9%",-38.4955,0.7,"P_iso=0.13","pRA=0.12"
"466","Pentose-phosphate","Isotopologue","C13-1","0.5",0.280960382234097,1,0,0,0.827259346562712,"<0.05%",-40.003,0.7,"P_iso=0.83","pRA=0.28"
"467","Pentose-phosphate","Isotopologue","C13-1","1",0.124740088250671,0.62925634798528,0,0,0.512690760261924,"<0.05%",-38.99,0.7,"P_iso=0.51","pRA=0.12"
"468","Pentose-phosphate","Isotopologue","C13-2","0.5",0.280960382234097,1,0,0,0.512690760261924,"<0.05%",-40.003,0.7,"P_iso=0.51","pRA=0.28"
"469","Pentose-phosphate","Isotopologue","C13-2","1",0.124740088250671,0.62925634798528,0.00710968636593292,0.011,0.0495346134356268,"1.1%",-38.9955,0.7,"P_iso=0.05*","pRA=0.12"
"470","Pentose-phosphate","Isotopologue","C13-3","0.5",0.280960382234097,1,0,0,0.0495346134356268,"<0.05%",-40.003,0.7,"P_iso=0.05*","pRA=0.28"
"471","Pentose-phosphate","Isotopologue","C13-3","1",0.124740088250671,0.62925634798528,0,0,0.512690760261924,"<0.05%",-39.001,0.7,"P_iso=0.51","pRA=0.12"
"472","Pentose-phosphate","Isotopologue","C13-4","0.5",0.280960382234097,1,0,0,0.827259346562712,"<0.05%",-40.003,0.7,"P_iso=0.83","pRA=0.28"
"473","Pentose-phosphate","Isotopologue","C13-4","1",0.124740088250671,0.62925634798528,0,0,0.0495346134356268,"<0.05%",-39.001,0.7,"P_iso=0.05*","pRA=0.12"
"474","Pentose-phosphate","Isotopologue","C13-5","0.5",0.280960382234097,1,0,0,0.512690760261924,"<0.05%",-40.003,0.7,"P_iso=0.51","pRA=0.28"
"475","Pentose-phosphate","Isotopologue","C13-5","1",0.124740088250671,0.62925634798528,0,0,0.827259346562712,"<0.05%",-39.001,0.7,"P_iso=0.83","pRA=0.12"
"476","Phosphoenolpyruvic acid","Isotopologue","C13-0","0.5",0.0025908145077421,0.937272639803863,0.843077963905006,0.9,0.0495346134356268,"90%",-40.453,0.7,"P_iso=0.05*","pRA=0*"
"477","Phosphoenolpyruvic acid","Isotopologue","C13-0","1",0.00155360511393027,1,0.881248377765812,0.881,0.0495346134356268,"88.1%",-39.4415,0.7,"P_iso=0.05*","pRA=0*"
"478","Phosphoenolpyruvic acid","Isotopologue","C13-1","0.5",0.0025908145077421,0.937272639803863,0,0,0.275233524074834,"<0.05%",-40.903,0.7,"P_iso=0.28","pRA=0*"
"479","Phosphoenolpyruvic acid","Isotopologue","C13-1","1",0.00155360511393027,1,0,0,0.512690760261924,"<0.05%",-39.882,0.7,"P_iso=0.51","pRA=0*"
"480","Phosphoenolpyruvic acid","Isotopologue","C13-2","0.5",0.0025908145077421,0.937272639803863,0,0,0.512690760261924,"<0.05%",-40.903,0.7,"P_iso=0.51","pRA=0*"
"481","Phosphoenolpyruvic acid","Isotopologue","C13-2","1",0.00155360511393027,1,0,0,0.512690760261924,"<0.05%",-39.882,0.7,"P_iso=0.51","pRA=0*"
"482","Phosphoenolpyruvic acid","Isotopologue","C13-3","0.5",0.0025908145077421,0.937272639803863,0.0941946758988566,0.1,0.0495346134356268,"10%",-40.953,0.7,"P_iso=0.05*","pRA=0*"
"483","Phosphoenolpyruvic acid","Isotopologue","C13-3","1",0.00155360511393027,1,0.118751622234188,0.119,0.0495346134356268,"11.9%",-39.9415,0.7,"P_iso=0.05*","pRA=0*"
"484","Pyruvic acid","Isotopologue","C13-0","0.5",0.0165696057366841,1,1,1,0.275233524074834,"100%",-41.503,0,"P_iso=0.28","pRA=0.02*"
"485","Pyruvic acid","Isotopologue","C13-0","1",0.0465122875979461,0.872810636124161,0.872810636124161,1,0.827259346562712,"100%",-40.501,0,"P_iso=0.83","pRA=0.05*"
"486","Pyruvic acid","Isotopologue","C13-1","0.5",0.0165696057366841,1,0,0,0.512690760261924,"<0.05%",-42.003,0.7,"P_iso=0.51","pRA=0.02*"
"487","Pyruvic acid","Isotopologue","C13-1","1",0.0465122875979461,0.872810636124161,0,0,0.827259346562712,"<0.05%",-41.001,0.7,"P_iso=0.83","pRA=0.05*"
"488","Pyruvic acid","Isotopologue","C13-2","0.5",0.0165696057366841,1,0,0,0.512690760261924,"<0.05%",-42.003,0.7,"P_iso=0.51","pRA=0.02*"
"489","Pyruvic acid","Isotopologue","C13-2","1",0.0465122875979461,0.872810636124161,0,0,0.827259346562712,"<0.05%",-41.001,0.7,"P_iso=0.83","pRA=0.05*"
"490","Pyruvic acid","Isotopologue","C13-3","0.5",0.0165696057366841,1,0,0,0.512690760261924,"<0.05%",-42.003,0.7,"P_iso=0.51","pRA=0.02*"
"491","Pyruvic acid","Isotopologue","C13-3","1",0.0465122875979461,0.872810636124161,0,0,0.827259346562712,"<0.05%",-41.001,0.7,"P_iso=0.83","pRA=0.05*"
"492","Sorbitol","Isotopologue","C13-0","0.5",0.647143948252829,1,0.994161810949191,0.994,0.512690760261924,"99.4%",-42.5,0.7,"P_iso=0.51","pRA=0.65"
"493","Sorbitol","Isotopologue","C13-0","1",0.743038277151925,0.873966126354721,0.863672503324264,0.988,0.0495346134356268,"98.8%",-41.495,0.7,"P_iso=0.05*","pRA=0.74"
"494","Sorbitol","Isotopologue","C13-1","0.5",0.647143948252829,1,0,0,0.512690760261924,"<0.05%",-42.997,0.7,"P_iso=0.51","pRA=0.65"
"495","Sorbitol","Isotopologue","C13-1","1",0.743038277151925,0.873966126354721,0,0,0.827259346562712,"<0.05%",-41.989,0.7,"P_iso=0.83","pRA=0.74"
"496","Sorbitol","Isotopologue","C13-2","0.5",0.647143948252829,1,0,0,0.827259346562712,"<0.05%",-42.997,0.7,"P_iso=0.83","pRA=0.65"
"497","Sorbitol","Isotopologue","C13-2","1",0.743038277151925,0.873966126354721,0,0,0.827259346562712,"<0.05%",-41.989,0.7,"P_iso=0.83","pRA=0.74"
"498","Sorbitol","Isotopologue","C13-3","0.5",0.647143948252829,1,0,0,0.827259346562712,"<0.05%",-42.997,0.7,"P_iso=0.83","pRA=0.65"
"499","Sorbitol","Isotopologue","C13-3","1",0.743038277151925,0.873966126354721,0,0,0.827259346562712,"<0.05%",-41.989,0.7,"P_iso=0.83","pRA=0.74"
"500","Sorbitol","Isotopologue","C13-4","0.5",0.647143948252829,1,0,0,0.827259346562712,"<0.05%",-42.997,0.7,"P_iso=0.83","pRA=0.65"
"501","Sorbitol","Isotopologue","C13-4","1",0.743038277151925,0.873966126354721,0,0,0.827259346562712,"<0.05%",-41.989,0.7,"P_iso=0.83","pRA=0.74"
"502","Sorbitol","Isotopologue","C13-5","0.5",0.647143948252829,1,0,0,0.512690760261924,"<0.05%",-42.997,0.7,"P_iso=0.51","pRA=0.65"
"503","Sorbitol","Isotopologue","C13-5","1",0.743038277151925,0.873966126354721,0,0,0.827259346562712,"<0.05%",-41.989,0.7,"P_iso=0.83","pRA=0.74"
"504","Sorbitol","Isotopologue","C13-6","0.5",0.647143948252829,1,0.0058381890508091,0.006,0.0495346134356268,"0.6%",-43,0.7,"P_iso=0.05*","pRA=0.65"
"505","Sorbitol","Isotopologue","C13-6","1",0.743038277151925,0.873966126354721,0.0102936230304568,0.012,0.0495346134356268,"1.2%",-41.995,0.7,"P_iso=0.05*","pRA=0.74"
"506","Stearic acid","Isotopologue","C13-0","0.5",0.459973530526559,0.274686684710881,0.274686684710881,1,0.512690760261924,"100%",-43.503,0,"P_iso=0.51","pRA=0.46"
"507","Stearic acid","Isotopologue","C13-0","1",0.770726911480651,1,1,1,0.827259346562712,"100%",-42.501,0,"P_iso=0.83","pRA=0.77"
"508","Stearic acid","Isotopologue","C13-1","0.5",0.459973530526559,0.274686684710881,0,0,0.827259346562712,"<0.05%",-44.003,0.7,"P_iso=0.83","pRA=0.46"
"509","Stearic acid","Isotopologue","C13-1","1",0.770726911480651,1,0,0,0.827259346562712,"<0.05%",-43.001,0.7,"P_iso=0.83","pRA=0.77"
"510","Stearic acid","Isotopologue","C13-10","0.5",0.459973530526559,0.274686684710881,0,0,0.512690760261924,"<0.05%",-44.003,0.7,"P_iso=0.51","pRA=0.46"
"511","Stearic acid","Isotopologue","C13-10","1",0.770726911480651,1,0,0,0.512690760261924,"<0.05%",-43.001,0.7,"P_iso=0.51","pRA=0.77"
"512","Stearic acid","Isotopologue","C13-11","0.5",0.459973530526559,0.274686684710881,0,0,0.512690760261924,"<0.05%",-44.003,0.7,"P_iso=0.51","pRA=0.46"
"513","Stearic acid","Isotopologue","C13-11","1",0.770726911480651,1,0,0,0.512690760261924,"<0.05%",-43.001,0.7,"P_iso=0.51","pRA=0.77"
"514","Stearic acid","Isotopologue","C13-12","0.5",0.459973530526559,0.274686684710881,0,0,0.512690760261924,"<0.05%",-44.003,0.7,"P_iso=0.51","pRA=0.46"
"515","Stearic acid","Isotopologue","C13-12","1",0.770726911480651,1,0,0,0.512690760261924,"<0.05%",-43.001,0.7,"P_iso=0.51","pRA=0.77"
"516","Stearic acid","Isotopologue","C13-13","0.5",0.459973530526559,0.274686684710881,0,0,0.512690760261924,"<0.05%",-44.003,0.7,"P_iso=0.51","pRA=0.46"
"517","Stearic acid","Isotopologue","C13-13","1",0.770726911480651,1,0,0,0.512690760261924,"<0.05%",-43.001,0.7,"P_iso=0.51","pRA=0.77"
"518","Stearic acid","Isotopologue","C13-14","0.5",0.459973530526559,0.274686684710881,0,0,0.512690760261924,"<0.05%",-44.003,0.7,"P_iso=0.51","pRA=0.46"
"519","Stearic acid","Isotopologue","C13-14","1",0.770726911480651,1,0,0,0.512690760261924,"<0.05%",-43.001,0.7,"P_iso=0.51","pRA=0.77"
"520","Stearic acid","Isotopologue","C13-15","0.5",0.459973530526559,0.274686684710881,0,0,0.512690760261924,"<0.05%",-44.003,0.7,"P_iso=0.51","pRA=0.46"
"521","Stearic acid","Isotopologue","C13-15","1",0.770726911480651,1,0,0,0.512690760261924,"<0.05%",-43.001,0.7,"P_iso=0.51","pRA=0.77"
"522","Stearic acid","Isotopologue","C13-16","0.5",0.459973530526559,0.274686684710881,0,0,0.512690760261924,"<0.05%",-44.003,0.7,"P_iso=0.51","pRA=0.46"
"523","Stearic acid","Isotopologue","C13-16","1",0.770726911480651,1,0,0,0.512690760261924,"<0.05%",-43.001,0.7,"P_iso=0.51","pRA=0.77"
"524","Stearic acid","Isotopologue","C13-17","0.5",0.459973530526559,0.274686684710881,0,0,0.512690760261924,"<0.05%",-44.003,0.7,"P_iso=0.51","pRA=0.46"
"525","Stearic acid","Isotopologue","C13-17","1",0.770726911480651,1,0,0,0.512690760261924,"<0.05%",-43.001,0.7,"P_iso=0.51","pRA=0.77"
"526","Stearic acid","Isotopologue","C13-18","0.5",0.459973530526559,0.274686684710881,0,0,0.512690760261924,"<0.05%",-44.003,0.7,"P_iso=0.51","pRA=0.46"
"527","Stearic acid","Isotopologue","C13-18","1",0.770726911480651,1,0,0,0.512690760261924,"<0.05%",-43.001,0.7,"P_iso=0.51","pRA=0.77"
"528","Stearic acid","Isotopologue","C13-2","0.5",0.459973530526559,0.274686684710881,0,0,0.275233524074834,"<0.05%",-44.003,0.7,"P_iso=0.28","pRA=0.46"
"529","Stearic acid","Isotopologue","C13-2","1",0.770726911480651,1,0,0,0.275233524074834,"<0.05%",-43.001,0.7,"P_iso=0.28","pRA=0.77"
"530","Stearic acid","Isotopologue","C13-3","0.5",0.459973530526559,0.274686684710881,0,0,0.827259346562712,"<0.05%",-44.003,0.7,"P_iso=0.83","pRA=0.46"
"531","Stearic acid","Isotopologue","C13-3","1",0.770726911480651,1,0,0,0.512690760261924,"<0.05%",-43.001,0.7,"P_iso=0.51","pRA=0.77"
"532","Stearic acid","Isotopologue","C13-4","0.5",0.459973530526559,0.274686684710881,0,0,0.512690760261924,"<0.05%",-44.003,0.7,"P_iso=0.51","pRA=0.46"
"533","Stearic acid","Isotopologue","C13-4","1",0.770726911480651,1,0,0,0.512690760261924,"<0.05%",-43.001,0.7,"P_iso=0.51","pRA=0.77"
"534","Stearic acid","Isotopologue","C13-5","0.5",0.459973530526559,0.274686684710881,0,0,0.827259346562712,"<0.05%",-44.003,0.7,"P_iso=0.83","pRA=0.46"
"535","Stearic acid","Isotopologue","C13-5","1",0.770726911480651,1,0,0,0.126630457947616,"<0.05%",-43.001,0.7,"P_iso=0.13","pRA=0.77"
"536","Stearic acid","Isotopologue","C13-6","0.5",0.459973530526559,0.274686684710881,0,0,0.512690760261924,"<0.05%",-44.003,0.7,"P_iso=0.51","pRA=0.46"
"537","Stearic acid","Isotopologue","C13-6","1",0.770726911480651,1,0,0,0.512690760261924,"<0.05%",-43.001,0.7,"P_iso=0.51","pRA=0.77"
"538","Stearic acid","Isotopologue","C13-7","0.5",0.459973530526559,0.274686684710881,0,0,0.512690760261924,"<0.05%",-44.003,0.7,"P_iso=0.51","pRA=0.46"
"539","Stearic acid","Isotopologue","C13-7","1",0.770726911480651,1,0,0,0.512690760261924,"<0.05%",-43.001,0.7,"P_iso=0.51","pRA=0.77"
"540","Stearic acid","Isotopologue","C13-8","0.5",0.459973530526559,0.274686684710881,0,0,0.512690760261924,"<0.05%",-44.003,0.7,"P_iso=0.51","pRA=0.46"
"541","Stearic acid","Isotopologue","C13-8","1",0.770726911480651,1,0,0,0.512690760261924,"<0.05%",-43.001,0.7,"P_iso=0.51","pRA=0.77"
"542","Stearic acid","Isotopologue","C13-9","0.5",0.459973530526559,0.274686684710881,0,0,0.512690760261924,"<0.05%",-44.003,0.7,"P_iso=0.51","pRA=0.46"
"543","Stearic acid","Isotopologue","C13-9","1",0.770726911480651,1,0,0,0.512690760261924,"<0.05%",-43.001,0.7,"P_iso=0.51","pRA=0.77"
"544","Succinic acid","Isotopologue","C13-0","0.5",0.00235743162060923,0.112894820812145,0.112894820812145,1,0.827259346562712,"100%",-44.503,0,"P_iso=0.83","pRA=0*"
"545","Succinic acid","Isotopologue","C13-0","1",0.00115527338774399,0,0,0,0.126630457947616,"ND",0,0,"P_iso=0.13","pRA=0*"
"546","Succinic acid","Isotopologue","C13-1","0.5",0.00235743162060923,0.112894820812145,0,0,0.0495346134356268,"<0.05%",-45.003,0.7,"P_iso=0.05*","pRA=0*"
"547","Succinic acid","Isotopologue","C13-2","0.5",0.00235743162060923,0.112894820812145,0,0,0.0495346134356268,"<0.05%",-45.003,0.7,"P_iso=0.05*","pRA=0*"
"548","Succinic acid","Isotopologue","C13-3","0.5",0.00235743162060923,0.112894820812145,0,0,0.0495346134356268,"<0.05%",-45.003,0.7,"P_iso=0.05*","pRA=0*"
"549","Succinic acid","Isotopologue","C13-4","0.5",0.00235743162060923,0.112894820812145,0,0,0.126630457947616,"<0.05%",-45.003,0.7,"P_iso=0.13","pRA=0*"
"550","a-Ketobutyric acid","Isotopologue","C13-0","0.5",0.954433427735586,1,0.994156468820465,0.994,1,"99.4%",-45.5,0.7,"P_iso=1","pRA=0.95"
"551","a-Ketobutyric acid","Isotopologue","C13-0","1",0.981188367643957,0.53745589303657,0.534315252767986,0.994,1,"99.4%",-43.498,0.7,"P_iso=1","pRA=0.98"
"552","a-Ketobutyric acid","Isotopologue","C13-1","0.5",0.954433427735586,1,0,0,1,"<0.05%",-45.997,0.7,"P_iso=1","pRA=0.95"
"553","a-Ketobutyric acid","Isotopologue","C13-1","1",0.981188367643957,0.53745589303657,0,0,1,"<0.05%",-43.995,0.7,"P_iso=1","pRA=0.98"
"554","a-Ketobutyric acid","Isotopologue","C13-2","0.5",0.954433427735586,1,0,0,0,"<0.05%",-45.997,0.7,"P_iso=0*","pRA=0.95"
"555","a-Ketobutyric acid","Isotopologue","C13-2","1",0.981188367643957,0.53745589303657,0,0,0,"<0.05%",-43.995,0.7,"P_iso=0*","pRA=0.98"
"556","a-Ketobutyric acid","Isotopologue","C13-3","0.5",0.954433427735586,1,0.00584353117953534,0.006,1,"0.6%",-46,0.7,"P_iso=1","pRA=0.95"
"557","a-Ketobutyric acid","Isotopologue","C13-3","1",0.981188367643957,0.53745589303657,0.00314064026858421,0.006,0,"0.6%",-43.998,0.7,"P_iso=0*","pRA=0.98"
"558","a-Ketobutyric acid","Isotopologue","C13-4","0.5",0.954433427735586,1,0,0,0,"<0.05%",-46.003,0.7,"P_iso=0*","pRA=0.95"
"559","a-Ketobutyric acid","Isotopologue","C13-4","1",0.981188367643957,0.53745589303657,0,0,0,"<0.05%",-44.001,0.7,"P_iso=0*","pRA=0.98"
"560","(2 and/or 3-)Phosphoglyceric acid","Isotopologue","C13-0","0",NA,0.648009982903484,0.6429059680915,0.992,NA,"99.2%",-0.496,0.7,"",""
"561","(2 and/or 3-)Phosphoglyceric acid","Isotopologue","C13-1","0",NA,0.648009982903484,0,0,NA,"<0.05%",-0.992,0.7,"",""
"562","(2 and/or 3-)Phosphoglyceric acid","Isotopologue","C13-2","0",NA,0.648009982903484,0,0,NA,"<0.05%",-0.992,0.7,"",""
"563","(2 and/or 3-)Phosphoglyceric acid","Isotopologue","C13-3","0",NA,0.648009982903484,0.00510401481198418,0.008,NA,"0.8%",-0.996,0.7,"",""
"564","2-Phosphoglyceric acid","Isotopologue","C13-0","0",NA,0.684538953949969,0.684538953949969,1,NA,"100%",-1.5,0,"",""
"565","2-Phosphoglyceric acid","Isotopologue","C13-1","0",NA,0.684538953949969,0,0,NA,"<0.05%",-2,0.7,"",""
"566","2-Phosphoglyceric acid","Isotopologue","C13-2","0",NA,0.684538953949969,0,0,NA,"<0.05%",-2,0.7,"",""
"567","2-Phosphoglyceric acid","Isotopologue","C13-3","0",NA,0.684538953949969,0,0,NA,"<0.05%",-2,0.7,"",""
"568","3-DL-Hydroxybutyric acid","Isotopologue","C13-0","0",NA,0.856396825332155,0.851239097844569,0.994,NA,"99.4%",-2.497,0.7,"",""
"569","3-DL-Hydroxybutyric acid","Isotopologue","C13-1","0",NA,0.856396825332155,0.00515772748758592,0.006,NA,"0.6%",-2.997,0.7,"",""
"570","3-DL-Hydroxybutyric acid","Isotopologue","C13-2","0",NA,0.856396825332155,0,0,NA,"<0.05%",-3,0.7,"",""
"571","3-DL-Hydroxybutyric acid","Isotopologue","C13-3","0",NA,0.856396825332155,0,0,NA,"<0.05%",-3,0.7,"",""
"572","3-DL-Hydroxybutyric acid","Isotopologue","C13-4","0",NA,0.856396825332155,0,0,NA,"<0.05%",-3,0.7,"",""
"573","Citric acid","Isotopologue","C13-0","0",NA,1,1,1,NA,"100%",-3.5,0,"",""
"574","Citric acid","Isotopologue","C13-1","0",NA,1,0,0,NA,"<0.05%",-4,0.7,"",""
"575","Citric acid","Isotopologue","C13-2","0",NA,1,0,0,NA,"<0.05%",-4,0.7,"",""
"576","Citric acid","Isotopologue","C13-3","0",NA,1,0,0,NA,"<0.05%",-4,0.7,"",""
"577","Citric acid","Isotopologue","C13-4","0",NA,1,0,0,NA,"<0.05%",-4,0.7,"",""
"578","Citric acid","Isotopologue","C13-5","0",NA,1,0,0,NA,"<0.05%",-4,0.7,"",""
"579","Citric acid","Isotopologue","C13-6","0",NA,1,0,0,NA,"<0.05%",-4,0.7,"",""
"580","D-Glyceraldehyde 3-phosphate","Isotopologue","C13-0","0",NA,0.242711280967225,0.240419114942382,0.991,NA,"99.1%",-4.4955,0.7,"",""
"581","D-Glyceraldehyde 3-phosphate","Isotopologue","C13-1","0",NA,0.242711280967225,0,0,NA,"<0.05%",-4.991,0.7,"",""
"582","D-Glyceraldehyde 3-phosphate","Isotopologue","C13-2","0",NA,0.242711280967225,0,0,NA,"<0.05%",-4.991,0.7,"",""
"583","D-Glyceraldehyde 3-phosphate","Isotopologue","C13-3","0",NA,0.242711280967225,0.00229216602484301,0.009,NA,"0.9%",-4.9955,0.7,"",""
"584","DL-2-Hydroxyglutaric acid","Isotopologue","C13-0","0",NA,0.904302321855934,0.904302321855934,1,NA,"100%",-5.5,0,"",""
"585","DL-2-Hydroxyglutaric acid","Isotopologue","C13-1","0",NA,0.904302321855934,0,0,NA,"<0.05%",-6,0.7,"",""
"586","DL-2-Hydroxyglutaric acid","Isotopologue","C13-2","0",NA,0.904302321855934,0,0,NA,"<0.05%",-6,0.7,"",""
"587","DL-2-Hydroxyglutaric acid","Isotopologue","C13-3","0",NA,0.904302321855934,0,0,NA,"<0.05%",-6,0.7,"",""
"588","DL-2-Hydroxyglutaric acid","Isotopologue","C13-4","0",NA,0.904302321855934,0,0,NA,"<0.05%",-6,0.7,"",""
"589","DL-2-Hydroxyglutaric acid","Isotopologue","C13-5","0",NA,0.904302321855934,0,0,NA,"<0.05%",-6,0.7,"",""
"590","Dihydroxyacetone phosphate","Isotopologue","C13-0","0",NA,0.294691596286656,0.287210705949472,0.975,NA,"97.5%",-6.4875,0.7,"",""
"591","Dihydroxyacetone phosphate","Isotopologue","C13-1","0",NA,0.294691596286656,0,0,NA,"<0.05%",-6.975,0.7,"",""
"592","Dihydroxyacetone phosphate","Isotopologue","C13-2","0",NA,0.294691596286656,0,0,NA,"<0.05%",-6.975,0.7,"",""
"593","Dihydroxyacetone phosphate","Isotopologue","C13-3","0",NA,0.294691596286656,0.00748089033718429,0.025,NA,"2.5%",-6.9875,0.7,"",""
"594","Fructose","Isotopologue","C13-0","0",NA,0.872946531194245,0.637398226612916,0.73,NA,"73%",-7.365,0.7,"",""
"595","Fructose","Isotopologue","C13-1","0",NA,0.872946531194245,0,0,NA,"<0.05%",-7.73,0.7,"",""
"596","Fructose","Isotopologue","C13-2","0",NA,0.872946531194245,0,0,NA,"<0.05%",-7.73,0.7,"",""
"597","Fructose","Isotopologue","C13-3","0",NA,0.872946531194245,0,0,NA,"<0.05%",-7.73,0.7,"",""
"598","Fructose","Isotopologue","C13-4","0",NA,0.872946531194245,0,0,NA,"<0.05%",-7.73,0.7,"",""
"599","Fructose","Isotopologue","C13-5","0",NA,0.872946531194245,0,0,NA,"<0.05%",-7.73,0.7,"",""
"600","Fructose","Isotopologue","C13-6","0",NA,0.872946531194245,0.235548304581329,0.27,NA,"27%",-7.865,0.7,"",""
"601","Fucose","Isotopologue","C13-0","0",NA,0.546345749057536,0.546345749057536,1,NA,"100%",-8.5,0,"",""
"602","Fucose","Isotopologue","C13-1","0",NA,0.546345749057536,0,0,NA,"<0.05%",-9,0.7,"",""
"603","Fucose","Isotopologue","C13-2","0",NA,0.546345749057536,0,0,NA,"<0.05%",-9,0.7,"",""
"604","Fucose","Isotopologue","C13-3","0",NA,0.546345749057536,0,0,NA,"<0.05%",-9,0.7,"",""
"605","Fucose","Isotopologue","C13-4","0",NA,0.546345749057536,0,0,NA,"<0.05%",-9,0.7,"",""
"606","Fucose","Isotopologue","C13-5","0",NA,0.546345749057536,0,0,NA,"<0.05%",-9,0.7,"",""
"607","Fucose","Isotopologue","C13-6","0",NA,0.546345749057536,0,0,NA,"<0.05%",-9,0.7,"",""
"608","Fumaric acid","Isotopologue","C13-0","0",NA,0.500207787793875,0.500207787793875,1,NA,"100%",-9.5,0,"",""
"609","Fumaric acid","Isotopologue","C13-1","0",NA,0.500207787793875,0,0,NA,"<0.05%",-10,0.7,"",""
"610","Fumaric acid","Isotopologue","C13-2","0",NA,0.500207787793875,0,0,NA,"<0.05%",-10,0.7,"",""
"611","Fumaric acid","Isotopologue","C13-3","0",NA,0.500207787793875,0,0,NA,"<0.05%",-10,0.7,"",""
"612","Fumaric acid","Isotopologue","C13-4","0",NA,0.500207787793875,0,0,NA,"<0.05%",-10,0.7,"",""
"613","Galacturonic acid","Isotopologue","C13-0","0",NA,1,0,0,NA,"<0.05%",-10,0.7,"",""
"614","Galacturonic acid","Isotopologue","C13-1","0",NA,1,0,0,NA,"<0.05%",-10,0.7,"",""
"615","Galacturonic acid","Isotopologue","C13-2","0",NA,1,0,0,NA,"<0.05%",-10,0.7,"",""
"616","Galacturonic acid","Isotopologue","C13-3","0",NA,1,0,0,NA,"<0.05%",-10,0.7,"",""
"617","Galacturonic acid","Isotopologue","C13-4","0",NA,1,0,0,NA,"<0.05%",-10,0.7,"",""
"618","Galacturonic acid","Isotopologue","C13-5","0",NA,1,1,1,NA,"100%",-10.5,0,"",""
"619","Galacturonic acid","Isotopologue","C13-6","0",NA,1,0,0,NA,"<0.05%",-11,0.7,"",""
"620","Glucose","Isotopologue","C13-0","0",NA,0.901788927510034,0.00720994569748166,0.008,NA,"0.8%",-11.004,0.7,"",""
"621","Glucose","Isotopologue","C13-1","0",NA,0.901788927510034,0,0,NA,"<0.05%",-11.008,0.7,"",""
"622","Glucose","Isotopologue","C13-2","0",NA,0.901788927510034,0,0,NA,"<0.05%",-11.008,0.7,"",""
"623","Glucose","Isotopologue","C13-3","0",NA,0.901788927510034,0,0,NA,"<0.05%",-11.008,0.7,"",""
"624","Glucose","Isotopologue","C13-4","0",NA,0.901788927510034,0,0,NA,"<0.05%",-11.008,0.7,"",""
"625","Glucose","Isotopologue","C13-5","0",NA,0.901788927510034,0,0,NA,"<0.05%",-11.008,0.7,"",""
"626","Glucose","Isotopologue","C13-6","0",NA,0.901788927510034,0.894578981812552,0.992,NA,"99.2%",-11.504,0.7,"",""
"627","Glucuronic acid","Isotopologue","C13-0","0",NA,0.136739588207976,0.135143566802376,0.988,NA,"98.8%",-12.494,0.7,"",""
"628","Glucuronic acid","Isotopologue","C13-1","0",NA,0.136739588207976,0,0,NA,"<0.05%",-12.988,0.7,"",""
"629","Glucuronic acid","Isotopologue","C13-2","0",NA,0.136739588207976,0.000689717887632081,0.005,NA,"0.5%",-12.9905,0.7,"",""
"630","Glucuronic acid","Isotopologue","C13-3","0",NA,0.136739588207976,0,0,NA,"<0.05%",-12.993,0.7,"",""
"631","Glucuronic acid","Isotopologue","C13-4","0",NA,0.136739588207976,0,0,NA,"<0.05%",-12.993,0.7,"",""
"632","Glucuronic acid","Isotopologue","C13-5","0",NA,0.136739588207976,0,0,NA,"<0.05%",-12.993,0.7,"",""
"633","Glucuronic acid","Isotopologue","C13-6","0",NA,0.136739588207976,0.000906303517968065,0.007,NA,"0.7%",-12.9965,0.7,"",""
"634","Glycerol 3-phosphate","Isotopologue","C13-0","0",NA,0.57336080794484,0.568945691896059,0.992,NA,"99.2%",-13.496,0.7,"",""
"635","Glycerol 3-phosphate","Isotopologue","C13-1","0",NA,0.57336080794484,0,0,NA,"<0.05%",-13.992,0.7,"",""
"636","Glycerol 3-phosphate","Isotopologue","C13-2","0",NA,0.57336080794484,0,0,NA,"<0.05%",-13.992,0.7,"",""
"637","Glycerol 3-phosphate","Isotopologue","C13-3","0",NA,0.57336080794484,0.00441511604878016,0.008,NA,"0.8%",-13.996,0.7,"",""
"638","Glycine","Isotopologue","C13-0","0",NA,0.621928691540663,0.621928691540663,1,NA,"100%",-14.5,0,"",""
"639","Glycine","Isotopologue","C13-1","0",NA,0.621928691540663,0,0,NA,"<0.05%",-15,0.7,"",""
"640","Glycine","Isotopologue","C13-2","0",NA,0.621928691540663,0,0,NA,"<0.05%",-15,0.7,"",""
"641","Hexose","Isotopologue","C13-0","0",NA,0.889964271032737,0.00785902248454006,0.009,NA,"0.9%",-15.0045,0.7,"",""
"642","Hexose","Isotopologue","C13-1","0",NA,0.889964271032737,0,0,NA,"<0.05%",-15.009,0.7,"",""
"643","Hexose","Isotopologue","C13-2","0",NA,0.889964271032737,0,0,NA,"<0.05%",-15.009,0.7,"",""
"644","Hexose","Isotopologue","C13-3","0",NA,0.889964271032737,0,0,NA,"<0.05%",-15.009,0.7,"",""
"645","Hexose","Isotopologue","C13-4","0",NA,0.889964271032737,0,0,NA,"<0.05%",-15.009,0.7,"",""
"646","Hexose","Isotopologue","C13-5","0",NA,0.889964271032737,0,0,NA,"<0.05%",-15.009,0.7,"",""
"647","Hexose","Isotopologue","C13-6","0",NA,0.889964271032737,0.882105248548196,0.991,NA,"99.1%",-15.5045,0.7,"",""
"648","Hexose-phosphate","Isotopologue","C13-0","0",NA,0.24019573745984,0.223653875452581,0.931,NA,"93.1%",-16.4655,0.7,"",""
"649","Hexose-phosphate","Isotopologue","C13-1","0",NA,0.24019573745984,0,0,NA,"<0.05%",-16.931,0.7,"",""
"650","Hexose-phosphate","Isotopologue","C13-2","0",NA,0.24019573745984,0,0,NA,"<0.05%",-16.931,0.7,"",""
"651","Hexose-phosphate","Isotopologue","C13-3","0",NA,0.24019573745984,0,0,NA,"<0.05%",-16.931,0.7,"",""
"652","Hexose-phosphate","Isotopologue","C13-4","0",NA,0.24019573745984,0,0,NA,"<0.05%",-16.931,0.7,"",""
"653","Hexose-phosphate","Isotopologue","C13-5","0",NA,0.24019573745984,0,0,NA,"<0.05%",-16.931,0.7,"",""
"654","Hexose-phosphate","Isotopologue","C13-6","0",NA,0.24019573745984,0.0165418620072596,0.069,NA,"6.9%",-16.9655,0.7,"",""
"655","L-Alanine","Isotopologue","C13-0","0",NA,0.303022125233735,0.303022125233735,1,NA,"100%",-17.5,0,"",""
"656","L-Alanine","Isotopologue","C13-1","0",NA,0.303022125233735,0,0,NA,"<0.05%",-18,0.7,"",""
"657","L-Alanine","Isotopologue","C13-2","0",NA,0.303022125233735,0,0,NA,"<0.05%",-18,0.7,"",""
"658","L-Alanine","Isotopologue","C13-3","0",NA,0.303022125233735,0,0,NA,"<0.05%",-18,0.7,"",""
"659","L-Asparagine","Isotopologue","C13-0","0",NA,1,0.858722503877659,0.859,NA,"85.9%",-18.4295,0.7,"",""
"660","L-Asparagine","Isotopologue","C13-1","0",NA,1,0.132266671190525,0.132,NA,"13.2%",-18.925,0.7,"",""
"661","L-Asparagine","Isotopologue","C13-2","0",NA,1,0,0,NA,"<0.05%",-18.991,0.7,"",""
"662","L-Asparagine","Isotopologue","C13-3","0",NA,1,0,0,NA,"<0.05%",-18.991,0.7,"",""
"663","L-Asparagine","Isotopologue","C13-4","0",NA,1,0.0090108249318156,0.009,NA,"0.9%",-18.9955,0.7,"",""
"664","L-Aspartic acid","Isotopologue","C13-0","0",NA,0.525390904201075,0.493617198762795,0.94,NA,"94%",-19.47,0.7,"",""
"665","L-Aspartic acid","Isotopologue","C13-1","0",NA,0.525390904201075,0,0,NA,"<0.05%",-19.94,0.7,"",""
"666","L-Aspartic acid","Isotopologue","C13-2","0",NA,0.525390904201075,0,0,NA,"<0.05%",-19.94,0.7,"",""
"667","L-Aspartic acid","Isotopologue","C13-3","0",NA,0.525390904201075,0.0317737054382795,0.06,NA,"6%",-19.97,0.7,"",""
"668","L-Aspartic acid","Isotopologue","C13-4","0",NA,0.525390904201075,0,0,NA,"<0.05%",-20,0.7,"",""
"669","L-Cysteine","Isotopologue","C13-0","0",NA,0.649381809413856,0.643617422983944,0.991,NA,"99.1%",-20.4955,0.7,"",""
"670","L-Cysteine","Isotopologue","C13-1","0",NA,0.649381809413856,0,0,NA,"<0.05%",-20.991,0.7,"",""
"671","L-Cysteine","Isotopologue","C13-2","0",NA,0.649381809413856,0,0,NA,"<0.05%",-20.991,0.7,"",""
"672","L-Cysteine","Isotopologue","C13-3","0",NA,0.649381809413856,0.00576438642991237,0.009,NA,"0.9%",-20.9955,0.7,"",""
"673","L-Glutamic acid","Isotopologue","C13-0","0",NA,0.213448303027094,0.213448303027094,1,NA,"100%",-21.5,0,"",""
"674","L-Glutamic acid","Isotopologue","C13-1","0",NA,0.213448303027094,0,0,NA,"<0.05%",-22,0.7,"",""
"675","L-Glutamic acid","Isotopologue","C13-2","0",NA,0.213448303027094,0,0,NA,"<0.05%",-22,0.7,"",""
"676","L-Glutamic acid","Isotopologue","C13-3","0",NA,0.213448303027094,0,0,NA,"<0.05%",-22,0.7,"",""
"677","L-Glutamic acid","Isotopologue","C13-4","0",NA,0.213448303027094,0,0,NA,"<0.05%",-22,0.7,"",""
"678","L-Glutamic acid","Isotopologue","C13-5","0",NA,0.213448303027094,0,0,NA,"<0.05%",-22,0.7,"",""
"679","L-Isoleucine","Isotopologue","C13-0","0",NA,0.205923284115081,0.166560751994466,0.809,NA,"80.9%",-22.4045,0.7,"",""
"680","L-Isoleucine","Isotopologue","C13-1","0",NA,0.205923284115081,0.0294913168557291,0.143,NA,"14.3%",-22.8805,0.7,"",""
"681","L-Isoleucine","Isotopologue","C13-2","0",NA,0.205923284115081,0.00987121526488664,0.048,NA,"4.8%",-22.976,0.7,"",""
"682","L-Isoleucine","Isotopologue","C13-3","0",NA,0.205923284115081,0,0,NA,"<0.05%",-23,0.7,"",""
"683","L-Isoleucine","Isotopologue","C13-4","0",NA,0.205923284115081,0,0,NA,"<0.05%",-23,0.7,"",""
"684","L-Isoleucine","Isotopologue","C13-5","0",NA,0.205923284115081,0,0,NA,"<0.05%",-23,0.7,"",""
"685","L-Isoleucine","Isotopologue","C13-6","0",NA,0.205923284115081,0,0,NA,"<0.05%",-23,0.7,"",""
"686","L-Lactic acid","Isotopologue","C13-0","0",NA,0.795681044408225,0.795681044408225,1,NA,"100%",-23.5,0,"",""
"687","L-Lactic acid","Isotopologue","C13-1","0",NA,0.795681044408225,0,0,NA,"<0.05%",-24,0.7,"",""
"688","L-Lactic acid","Isotopologue","C13-2","0",NA,0.795681044408225,0,0,NA,"<0.05%",-24,0.7,"",""
"689","L-Lactic acid","Isotopologue","C13-3","0",NA,0.795681044408225,0,0,NA,"<0.05%",-24,0.7,"",""
"690","L-Leucine","Isotopologue","C13-0","0",NA,0.218293293356087,0.215903632056612,0.989,NA,"98.9%",-24.4945,0.7,"",""
"691","L-Leucine","Isotopologue","C13-1","0",NA,0.218293293356087,0,0,NA,"<0.05%",-24.989,0.7,"",""
"692","L-Leucine","Isotopologue","C13-2","0",NA,0.218293293356087,0,0,NA,"<0.05%",-24.989,0.7,"",""
"693","L-Leucine","Isotopologue","C13-3","0",NA,0.218293293356087,0.00139191436153291,0.006,NA,"0.6%",-24.992,0.7,"",""
"694","L-Leucine","Isotopologue","C13-4","0",NA,0.218293293356087,0.000997746937942706,0.005,NA,"0.5%",-24.9975,0.7,"",""
"695","L-Leucine","Isotopologue","C13-5","0",NA,0.218293293356087,0,0,NA,"<0.05%",-25,0.7,"",""
"696","L-Leucine","Isotopologue","C13-6","0",NA,0.218293293356087,0,0,NA,"<0.05%",-25,0.7,"",""
"697","L-Lysine","Isotopologue","C13-0","0",NA,0.223356586766434,0.223356586766434,1,NA,"100%",-25.5,0,"",""
"698","L-Lysine","Isotopologue","C13-1","0",NA,0.223356586766434,0,0,NA,"<0.05%",-26,0.7,"",""
"699","L-Lysine","Isotopologue","C13-2","0",NA,0.223356586766434,0,0,NA,"<0.05%",-26,0.7,"",""
"700","L-Lysine","Isotopologue","C13-3","0",NA,0.223356586766434,0,0,NA,"<0.05%",-26,0.7,"",""
"701","L-Lysine","Isotopologue","C13-4","0",NA,0.223356586766434,0,0,NA,"<0.05%",-26,0.7,"",""
"702","L-Lysine","Isotopologue","C13-5","0",NA,0.223356586766434,0,0,NA,"<0.05%",-26,0.7,"",""
"703","L-Lysine","Isotopologue","C13-6","0",NA,0.223356586766434,0,0,NA,"<0.05%",-26,0.7,"",""
"704","L-Malic acid","Isotopologue","C13-0","0",NA,0.567124225138429,0.567124225138429,1,NA,"100%",-26.5,0,"",""
"705","L-Malic acid","Isotopologue","C13-1","0",NA,0.567124225138429,0,0,NA,"<0.05%",-27,0.7,"",""
"706","L-Malic acid","Isotopologue","C13-2","0",NA,0.567124225138429,0,0,NA,"<0.05%",-27,0.7,"",""
"707","L-Malic acid","Isotopologue","C13-3","0",NA,0.567124225138429,0,0,NA,"<0.05%",-27,0.7,"",""
"708","L-Malic acid","Isotopologue","C13-4","0",NA,0.567124225138429,0,0,NA,"<0.05%",-27,0.7,"",""
"709","L-Methionine","Isotopologue","C13-0","0",NA,0.379303523868781,0.375460558781161,0.99,NA,"99%",-27.495,0.7,"",""
"710","L-Methionine","Isotopologue","C13-1","0",NA,0.379303523868781,0,0,NA,"<0.05%",-27.99,0.7,"",""
"711","L-Methionine","Isotopologue","C13-2","0",NA,0.379303523868781,0,0,NA,"<0.05%",-27.99,0.7,"",""
"712","L-Methionine","Isotopologue","C13-3","0",NA,0.379303523868781,0.00197064393194311,0.005,NA,"0.5%",-27.9925,0.7,"",""
"713","L-Methionine","Isotopologue","C13-4","0",NA,0.379303523868781,0.00187232115567678,0.005,NA,"0.5%",-27.9975,0.7,"",""
"714","L-Methionine","Isotopologue","C13-5","0",NA,0.379303523868781,0,0,NA,"<0.05%",-28,0.7,"",""
"715","L-Phenylalanine","Isotopologue","C13-0","0",NA,0.202115787966979,0.202115787966979,1,NA,"100%",-28.5,0,"",""
"716","L-Phenylalanine","Isotopologue","C13-1","0",NA,0.202115787966979,0,0,NA,"<0.05%",-29,0.7,"",""
"717","L-Phenylalanine","Isotopologue","C13-2","0",NA,0.202115787966979,0,0,NA,"<0.05%",-29,0.7,"",""
"718","L-Phenylalanine","Isotopologue","C13-3","0",NA,0.202115787966979,0,0,NA,"<0.05%",-29,0.7,"",""
"719","L-Phenylalanine","Isotopologue","C13-4","0",NA,0.202115787966979,0,0,NA,"<0.05%",-29,0.7,"",""
"720","L-Phenylalanine","Isotopologue","C13-5","0",NA,0.202115787966979,0,0,NA,"<0.05%",-29,0.7,"",""
"721","L-Phenylalanine","Isotopologue","C13-6","0",NA,0.202115787966979,0,0,NA,"<0.05%",-29,0.7,"",""
"722","L-Phenylalanine","Isotopologue","C13-7","0",NA,0.202115787966979,0,0,NA,"<0.05%",-29,0.7,"",""
"723","L-Phenylalanine","Isotopologue","C13-8","0",NA,0.202115787966979,0,0,NA,"<0.05%",-29,0.7,"",""
"724","L-Phenylalanine","Isotopologue","C13-9","0",NA,0.202115787966979,0,0,NA,"<0.05%",-29,0.7,"",""
"725","L-Proline","Isotopologue","C13-0","0",NA,0.166251886561574,0.166251886561574,1,NA,"100%",-29.5,0,"",""
"726","L-Proline","Isotopologue","C13-1","0",NA,0.166251886561574,0,0,NA,"<0.05%",-30,0.7,"",""
"727","L-Proline","Isotopologue","C13-2","0",NA,0.166251886561574,0,0,NA,"<0.05%",-30,0.7,"",""
"728","L-Proline","Isotopologue","C13-3","0",NA,0.166251886561574,0,0,NA,"<0.05%",-30,0.7,"",""
"729","L-Proline","Isotopologue","C13-4","0",NA,0.166251886561574,0,0,NA,"<0.05%",-30,0.7,"",""
"730","L-Proline","Isotopologue","C13-5","0",NA,0.166251886561574,0,0,NA,"<0.05%",-30,0.7,"",""
"731","L-Threonine","Isotopologue","C13-0","0",NA,0.247170934070887,0.242214942414149,0.98,NA,"98%",-30.49,0.7,"",""
"732","L-Threonine","Isotopologue","C13-1","0",NA,0.247170934070887,0,0,NA,"<0.05%",-30.98,0.7,"",""
"733","L-Threonine","Isotopologue","C13-2","0",NA,0.247170934070887,0,0,NA,"<0.05%",-30.98,0.7,"",""
"734","L-Threonine","Isotopologue","C13-3","0",NA,0.247170934070887,0.00495599165673895,0.02,NA,"2%",-30.99,0.7,"",""
"735","L-Threonine","Isotopologue","C13-4","0",NA,0.247170934070887,0,0,NA,"<0.05%",-31,0.7,"",""
"736","L-Tryptophan","Isotopologue","C13-0","0",NA,0.233158985051732,0.229638211346384,0.985,NA,"98.5%",-31.4925,0.7,"",""
"737","L-Tryptophan","Isotopologue","C13-1","0",NA,0.233158985051732,0,0,NA,"<0.05%",-31.985,0.7,"",""
"738","L-Tryptophan","Isotopologue","C13-10","0",NA,0.233158985051732,0,0,NA,"<0.05%",-31.985,0.7,"",""
"739","L-Tryptophan","Isotopologue","C13-11","0",NA,0.233158985051732,0,0,NA,"<0.05%",-31.985,0.7,"",""
"740","L-Tryptophan","Isotopologue","C13-2","0",NA,0.233158985051732,0,0,NA,"<0.05%",-31.985,0.7,"",""
"741","L-Tryptophan","Isotopologue","C13-3","0",NA,0.233158985051732,0.00247951923069348,0.011,NA,"1.1%",-31.9905,0.7,"",""
"742","L-Tryptophan","Isotopologue","C13-4","0",NA,0.233158985051732,0.00104125447465428,0.004,NA,"0.4%",-31.998,0.7,"",""
"743","L-Tryptophan","Isotopologue","C13-5","0",NA,0.233158985051732,0,0,NA,"<0.05%",-32,0.7,"",""
"744","L-Tryptophan","Isotopologue","C13-6","0",NA,0.233158985051732,0,0,NA,"<0.05%",-32,0.7,"",""
"745","L-Tryptophan","Isotopologue","C13-7","0",NA,0.233158985051732,0,0,NA,"<0.05%",-32,0.7,"",""
"746","L-Tryptophan","Isotopologue","C13-8","0",NA,0.233158985051732,0,0,NA,"<0.05%",-32,0.7,"",""
"747","L-Tryptophan","Isotopologue","C13-9","0",NA,0.233158985051732,0,0,NA,"<0.05%",-32,0.7,"",""
"748","L-Tyrosine","Isotopologue","C13-0","0",NA,0.130242269251165,0.0774944227685237,0.595,NA,"59.5%",-32.2975,0.7,"",""
"749","L-Tyrosine","Isotopologue","C13-1","0",NA,0.130242269251165,0.050767495758126,0.39,NA,"39%",-32.79,0.7,"",""
"750","L-Tyrosine","Isotopologue","C13-2","0",NA,0.130242269251165,0,0,NA,"<0.05%",-32.985,0.7,"",""
"751","L-Tyrosine","Isotopologue","C13-3","0",NA,0.130242269251165,0,0,NA,"<0.05%",-32.985,0.7,"",""
"752","L-Tyrosine","Isotopologue","C13-4","0",NA,0.130242269251165,0.00198035072451546,0.015,NA,"1.5%",-32.9925,0.7,"",""
"753","L-Tyrosine","Isotopologue","C13-5","0",NA,0.130242269251165,0,0,NA,"<0.05%",-33,0.7,"",""
"754","L-Tyrosine","Isotopologue","C13-6","0",NA,0.130242269251165,0,0,NA,"<0.05%",-33,0.7,"",""
"755","L-Tyrosine","Isotopologue","C13-7","0",NA,0.130242269251165,0,0,NA,"<0.05%",-33,0.7,"",""
"756","L-Tyrosine","Isotopologue","C13-8","0",NA,0.130242269251165,0,0,NA,"<0.05%",-33,0.7,"",""
"757","L-Tyrosine","Isotopologue","C13-9","0",NA,0.130242269251165,0,0,NA,"<0.05%",-33,0.7,"",""
"758","L-Valine","Isotopologue","C13-0","0",NA,0.218512079995023,0.210403967814868,0.963,NA,"96.3%",-33.4815,0.7,"",""
"759","L-Valine","Isotopologue","C13-1","0",NA,0.218512079995023,0,0,NA,"<0.05%",-33.963,0.7,"",""
"760","L-Valine","Isotopologue","C13-2","0",NA,0.218512079995023,0,0,NA,"<0.05%",-33.963,0.7,"",""
"761","L-Valine","Isotopologue","C13-3","0",NA,0.218512079995023,0.00607132636332961,0.028,NA,"2.8%",-33.977,0.7,"",""
"762","L-Valine","Isotopologue","C13-4","0",NA,0.218512079995023,0,0,NA,"<0.05%",-33.991,0.7,"",""
"763","L-Valine","Isotopologue","C13-5","0",NA,0.218512079995023,0.0020367858168261,0.009,NA,"0.9%",-33.9955,0.7,"",""
"764","Mannitol","Isotopologue","C13-0","0",NA,0.637775602130668,0.609201654971202,0.955,NA,"95.5%",-34.4775,0.7,"",""
"765","Mannitol","Isotopologue","C13-1","0",NA,0.637775602130668,0,0,NA,"<0.05%",-34.955,0.7,"",""
"766","Mannitol","Isotopologue","C13-2","0",NA,0.637775602130668,0,0,NA,"<0.05%",-34.955,0.7,"",""
"767","Mannitol","Isotopologue","C13-3","0",NA,0.637775602130668,0.0218459224433217,0.034,NA,"3.4%",-34.972,0.7,"",""
"768","Mannitol","Isotopologue","C13-4","0",NA,0.637775602130668,0.00672802471614454,0.011,NA,"1.1%",-34.9945,0.7,"",""
"769","Mannitol","Isotopologue","C13-5","0",NA,0.637775602130668,0,0,NA,"<0.05%",-35,0.7,"",""
"770","Mannitol","Isotopologue","C13-6","0",NA,0.637775602130668,0,0,NA,"<0.05%",-35,0.7,"",""
"771","Myo-inositol","Isotopologue","C13-0","0",NA,0.880390597292653,0.880390597292653,1,NA,"100%",-35.5,0,"",""
"772","Myo-inositol","Isotopologue","C13-1","0",NA,0.880390597292653,0,0,NA,"<0.05%",-36,0.7,"",""
"773","Myo-inositol","Isotopologue","C13-2","0",NA,0.880390597292653,0,0,NA,"<0.05%",-36,0.7,"",""
"774","Myo-inositol","Isotopologue","C13-3","0",NA,0.880390597292653,0,0,NA,"<0.05%",-36,0.7,"",""
"775","Myo-inositol","Isotopologue","C13-4","0",NA,0.880390597292653,0,0,NA,"<0.05%",-36,0.7,"",""
"776","Myo-inositol","Isotopologue","C13-5","0",NA,0.880390597292653,0,0,NA,"<0.05%",-36,0.7,"",""
"777","Myo-inositol","Isotopologue","C13-6","0",NA,0.880390597292653,0,0,NA,"<0.05%",-36,0.7,"",""
"778","Oxoadipic acid","Isotopologue","C13-0","0",NA,1,0.9824528045412,0.982,NA,"98.2%",-36.491,0.7,"",""
"779","Oxoadipic acid","Isotopologue","C13-1","0",NA,1,0,0,NA,"<0.05%",-36.982,0.7,"",""
"780","Oxoadipic acid","Isotopologue","C13-2","0",NA,1,0,0,NA,"<0.05%",-36.982,0.7,"",""
"781","Oxoadipic acid","Isotopologue","C13-3","0",NA,1,0.0175471954587997,0.018,NA,"1.8%",-36.991,0.7,"",""
"782","Oxoadipic acid","Isotopologue","C13-4","0",NA,1,0,0,NA,"<0.05%",-37,0.7,"",""
"783","Oxoadipic acid","Isotopologue","C13-5","0",NA,1,0,0,NA,"<0.05%",-37,0.7,"",""
"784","Oxoadipic acid","Isotopologue","C13-6","0",NA,1,0,0,NA,"<0.05%",-37,0.7,"",""
"785","Oxoglutaric acid","Isotopologue","C13-0","0",NA,0.38019902678278,0.38019902678278,1,NA,"100%",-37.5,0,"",""
"786","Oxoglutaric acid","Isotopologue","C13-1","0",NA,0.38019902678278,0,0,NA,"<0.05%",-38,0.7,"",""
"787","Oxoglutaric acid","Isotopologue","C13-2","0",NA,0.38019902678278,0,0,NA,"<0.05%",-38,0.7,"",""
"788","Oxoglutaric acid","Isotopologue","C13-3","0",NA,0.38019902678278,0,0,NA,"<0.05%",-38,0.7,"",""
"789","Oxoglutaric acid","Isotopologue","C13-4","0",NA,0.38019902678278,0,0,NA,"<0.05%",-38,0.7,"",""
"790","Oxoglutaric acid","Isotopologue","C13-5","0",NA,0.38019902678278,0,0,NA,"<0.05%",-38,0.7,"",""
"791","Pentose-phosphate","Isotopologue","C13-0","0",NA,0.852039595341026,0.852039595341026,1,NA,"100%",-38.5,0,"",""
"792","Pentose-phosphate","Isotopologue","C13-1","0",NA,0.852039595341026,0,0,NA,"<0.05%",-39,0.7,"",""
"793","Pentose-phosphate","Isotopologue","C13-2","0",NA,0.852039595341026,0,0,NA,"<0.05%",-39,0.7,"",""
"794","Pentose-phosphate","Isotopologue","C13-3","0",NA,0.852039595341026,0,0,NA,"<0.05%",-39,0.7,"",""
"795","Pentose-phosphate","Isotopologue","C13-4","0",NA,0.852039595341026,0,0,NA,"<0.05%",-39,0.7,"",""
"796","Pentose-phosphate","Isotopologue","C13-5","0",NA,0.852039595341026,0,0,NA,"<0.05%",-39,0.7,"",""
"797","Phosphoenolpyruvic acid","Isotopologue","C13-0","0",NA,0.349713058937185,0.349713058937185,1,NA,"100%",-39.5,0,"",""
"798","Phosphoenolpyruvic acid","Isotopologue","C13-1","0",NA,0.349713058937185,0,0,NA,"<0.05%",-40,0.7,"",""
"799","Phosphoenolpyruvic acid","Isotopologue","C13-2","0",NA,0.349713058937185,0,0,NA,"<0.05%",-40,0.7,"",""
"800","Phosphoenolpyruvic acid","Isotopologue","C13-3","0",NA,0.349713058937185,0,0,NA,"<0.05%",-40,0.7,"",""
"801","Pyruvic acid","Isotopologue","C13-0","0",NA,0.471228348323504,0.471228348323504,1,NA,"100%",-40.5,0,"",""
"802","Pyruvic acid","Isotopologue","C13-1","0",NA,0.471228348323504,0,0,NA,"<0.05%",-41,0.7,"",""
"803","Pyruvic acid","Isotopologue","C13-2","0",NA,0.471228348323504,0,0,NA,"<0.05%",-41,0.7,"",""
"804","Pyruvic acid","Isotopologue","C13-3","0",NA,0.471228348323504,0,0,NA,"<0.05%",-41,0.7,"",""
"805","Sorbitol","Isotopologue","C13-0","0",NA,0.926422568189113,0.926422568189113,1,NA,"100%",-41.5,0,"",""
"806","Sorbitol","Isotopologue","C13-1","0",NA,0.926422568189113,0,0,NA,"<0.05%",-42,0.7,"",""
"807","Sorbitol","Isotopologue","C13-2","0",NA,0.926422568189113,0,0,NA,"<0.05%",-42,0.7,"",""
"808","Sorbitol","Isotopologue","C13-3","0",NA,0.926422568189113,0,0,NA,"<0.05%",-42,0.7,"",""
"809","Sorbitol","Isotopologue","C13-4","0",NA,0.926422568189113,0,0,NA,"<0.05%",-42,0.7,"",""
"810","Sorbitol","Isotopologue","C13-5","0",NA,0.926422568189113,0,0,NA,"<0.05%",-42,0.7,"",""
"811","Sorbitol","Isotopologue","C13-6","0",NA,0.926422568189113,0,0,NA,"<0.05%",-42,0.7,"",""
"812","Stearic acid","Isotopologue","C13-0","0",NA,0.797883242124224,0.797883242124224,1,NA,"100%",-42.5,0,"",""
"813","Stearic acid","Isotopologue","C13-1","0",NA,0.797883242124224,0,0,NA,"<0.05%",-43,0.7,"",""
"814","Stearic acid","Isotopologue","C13-10","0",NA,0.797883242124224,0,0,NA,"<0.05%",-43,0.7,"",""
"815","Stearic acid","Isotopologue","C13-11","0",NA,0.797883242124224,0,0,NA,"<0.05%",-43,0.7,"",""
"816","Stearic acid","Isotopologue","C13-12","0",NA,0.797883242124224,0,0,NA,"<0.05%",-43,0.7,"",""
"817","Stearic acid","Isotopologue","C13-13","0",NA,0.797883242124224,0,0,NA,"<0.05%",-43,0.7,"",""
"818","Stearic acid","Isotopologue","C13-14","0",NA,0.797883242124224,0,0,NA,"<0.05%",-43,0.7,"",""
"819","Stearic acid","Isotopologue","C13-15","0",NA,0.797883242124224,0,0,NA,"<0.05%",-43,0.7,"",""
"820","Stearic acid","Isotopologue","C13-16","0",NA,0.797883242124224,0,0,NA,"<0.05%",-43,0.7,"",""
"821","Stearic acid","Isotopologue","C13-17","0",NA,0.797883242124224,0,0,NA,"<0.05%",-43,0.7,"",""
"822","Stearic acid","Isotopologue","C13-18","0",NA,0.797883242124224,0,0,NA,"<0.05%",-43,0.7,"",""
"823","Stearic acid","Isotopologue","C13-2","0",NA,0.797883242124224,0,0,NA,"<0.05%",-43,0.7,"",""
"824","Stearic acid","Isotopologue","C13-3","0",NA,0.797883242124224,0,0,NA,"<0.05%",-43,0.7,"",""
"825","Stearic acid","Isotopologue","C13-4","0",NA,0.797883242124224,0,0,NA,"<0.05%",-43,0.7,"",""
"826","Stearic acid","Isotopologue","C13-5","0",NA,0.797883242124224,0,0,NA,"<0.05%",-43,0.7,"",""
"827","Stearic acid","Isotopologue","C13-6","0",NA,0.797883242124224,0,0,NA,"<0.05%",-43,0.7,"",""
"828","Stearic acid","Isotopologue","C13-7","0",NA,0.797883242124224,0,0,NA,"<0.05%",-43,0.7,"",""
"829","Stearic acid","Isotopologue","C13-8","0",NA,0.797883242124224,0,0,NA,"<0.05%",-43,0.7,"",""
"830","Stearic acid","Isotopologue","C13-9","0",NA,0.797883242124224,0,0,NA,"<0.05%",-43,0.7,"",""
"831","Succinic acid","Isotopologue","C13-0","0",NA,1,1,1,NA,"100%",-43.5,0,"",""
"832","Succinic acid","Isotopologue","C13-1","0",NA,1,0,0,NA,"<0.05%",-44,0.7,"",""
"833","Succinic acid","Isotopologue","C13-2","0",NA,1,0,0,NA,"<0.05%",-44,0.7,"",""
"834","Succinic acid","Isotopologue","C13-3","0",NA,1,0,0,NA,"<0.05%",-44,0.7,"",""
"835","Succinic acid","Isotopologue","C13-4","0",NA,1,0,0,NA,"<0.05%",-44,0.7,"",""
"836","a-Ketobutyric acid","Isotopologue","C13-0","0",NA,0.212553805205443,0.211311740417397,0.994,NA,"99.4%",-44.497,0.7,"",""
"837","a-Ketobutyric acid","Isotopologue","C13-1","0",NA,0.212553805205443,0,0,NA,"<0.05%",-44.994,0.7,"",""
"838","a-Ketobutyric acid","Isotopologue","C13-2","0",NA,0.212553805205443,0,0,NA,"<0.05%",-44.994,0.7,"",""
"839","a-Ketobutyric acid","Isotopologue","C13-3","0",NA,0.212553805205443,0.00124206478804689,0.006,NA,"0.6%",-44.997,0.7,"",""
"840","a-Ketobutyric acid","Isotopologue","C13-4","0",NA,0.212553805205443,0,0,NA,"<0.05%",-45,0.7,"",""
