Sample,cohort,compound,datatype,value
MCF002044_001,0,13C5-D5-15N Glutamic acid,Abund,6731674
MCF002044_001,0,13C5-D5-15N Glutamic acid,BlankcorAbund,6731674
MCF002044_001,0,13C5-D5-15N Glutamic acid,NormAbund,13463348
MCF002044_001,0,D7-Glucose,Abund,1178957312
MCF002044_001,0,D7-Glucose,BlankcorAbund,1178052069.8133333
MCF002044_001,0,D7-Glucose,NormAbund,2356104139.6266665
MCF002044_001,0,Myristic acid d27,Abund,2671348.25
MCF002044_001,0,Myristic acid d27,BlankcorAbund,857964.8300000001
MCF002044_001,0,Myristic acid d27,NormAbund,1715929.6600000001
MCF002044_001,0,2-Phosphoglyceric acid,Abund,108488.7807122494
MCF002044_001,0,2-Phosphoglyceric acid,BlankcorAbund,108488.7807122494
MCF002044_001,0,2-Phosphoglyceric acid,NormAbund,216977.5614244988
MCF002044_001,0,(2 and/or 3-)Phosphoglyceric acid,Abund,2124179.780434399
MCF002044_001,0,(2 and/or 3-)Phosphoglyceric acid,BlankcorAbund,2124179.780434399
MCF002044_001,0,(2 and/or 3-)Phosphoglyceric acid,NormAbund,4248359.560868798
MCF002044_001,0,D-Glyceraldehyde 3-phosphate,Abund,91846.78908452205
MCF002044_001,0,D-Glyceraldehyde 3-phosphate,BlankcorAbund,91846.78908452205
MCF002044_001,0,D-Glyceraldehyde 3-phosphate,NormAbund,183693.5781690441
MCF002044_001,0,Dihydroxyacetone phosphate,Abund,568250.8436681657
MCF002044_001,0,Dihydroxyacetone phosphate,BlankcorAbund,568250.8436681657
MCF002044_001,0,Dihydroxyacetone phosphate,NormAbund,1136501.6873363315
MCF002044_001,0,Glycerol 3-phosphate,Abund,14009105.1981075
MCF002044_001,0,Glycerol 3-phosphate,BlankcorAbund,14006236.186437802
MCF002044_001,0,Glycerol 3-phosphate,NormAbund,28012472.372875605
MCF002044_001,0,Hexose-phosphate,Abund,1357061.255142085
MCF002044_001,0,Hexose-phosphate,BlankcorAbund,1357061.255142085
MCF002044_001,0,Hexose-phosphate,NormAbund,2714122.51028417
MCF002044_001,0,Hexose,Abund,6768991837.532963
MCF002044_001,0,Hexose,BlankcorAbund,6761759151.090961
MCF002044_001,0,Hexose,NormAbund,13523518302.181923
MCF002044_001,0,L-Lactic acid,Abund,17128150.81505917
MCF002044_001,0,L-Lactic acid,BlankcorAbund,11833068.67366148
MCF002044_001,0,L-Lactic acid,NormAbund,23666137.34732296
MCF002044_001,0,Phosphoenolpyruvic acid,Abund,354143.3240197366
MCF002044_001,0,Phosphoenolpyruvic acid,BlankcorAbund,354143.3240197366
MCF002044_001,0,Phosphoenolpyruvic acid,NormAbund,708286.6480394732
MCF002044_001,0,Pyruvic acid,Abund,135694.8579236272
MCF002044_001,0,Pyruvic acid,BlankcorAbund,41489.71496047136
MCF002044_001,0,Pyruvic acid,NormAbund,82979.42992094273
MCF002044_001,0,Citric acid,Abund,3855315.325805764
MCF002044_001,0,Citric acid,BlankcorAbund,3725059.7937958413
MCF002044_001,0,Citric acid,NormAbund,7450119.587591683
MCF002044_001,0,Fumaric acid,Abund,808672.8385298569
MCF002044_001,0,Fumaric acid,BlankcorAbund,422449.09114724025
MCF002044_001,0,Fumaric acid,NormAbund,844898.1822944805
MCF002044_001,0,L-Malic acid,Abund,14363926.01605819
MCF002044_001,0,L-Malic acid,BlankcorAbund,14011805.90769066
MCF002044_001,0,L-Malic acid,NormAbund,28023611.81538132
MCF002044_001,0,Oxoglutaric acid,Abund,205079.0406186638
MCF002044_001,0,Oxoglutaric acid,BlankcorAbund,205079.0406186638
MCF002044_001,0,Oxoglutaric acid,NormAbund,410158.0812373276
MCF002044_001,0,Succinic acid,Abund,6485474.974972803
MCF002044_001,0,Succinic acid,BlankcorAbund,3907030.690019312
MCF002044_001,0,Succinic acid,NormAbund,7814061.380038624
MCF002044_001,0,Glycine,Abund,30293856.31796815
MCF002044_001,0,Glycine,BlankcorAbund,28104885.371477164
MCF002044_001,0,Glycine,NormAbund,56209770.74295433
MCF002044_001,0,L-Alanine,Abund,9650945.758805918
MCF002044_001,0,L-Alanine,BlankcorAbund,7884084.551972959
MCF002044_001,0,L-Alanine,NormAbund,15768169.103945918
MCF002044_001,0,L-Asparagine,Abund,35808.5611044937
MCF002044_001,0,L-Asparagine,BlankcorAbund,6541.0167066397735
MCF002044_001,0,L-Asparagine,NormAbund,13082.033413279547
MCF002044_001,0,L-Aspartic acid,Abund,18871557.68884933
MCF002044_001,0,L-Aspartic acid,BlankcorAbund,18871557.68884933
MCF002044_001,0,L-Aspartic acid,NormAbund,37743115.37769866
MCF002044_001,0,L-Cysteine,Abund,1669000.980492997
MCF002044_001,0,L-Cysteine,BlankcorAbund,1653381.6454501175
MCF002044_001,0,L-Cysteine,NormAbund,3306763.290900235
MCF002044_001,0,L-Glutamic acid,Abund,40280991.51938695
MCF002044_001,0,L-Glutamic acid,BlankcorAbund,40280991.51938695
MCF002044_001,0,L-Glutamic acid,NormAbund,80561983.0387739
MCF002044_001,0,L-Isoleucine,Abund,1826520.016924426
MCF002044_001,0,L-Isoleucine,BlankcorAbund,1167760.311464596
MCF002044_001,0,L-Isoleucine,NormAbund,2335520.622929192
MCF002044_001,0,L-Leucine,Abund,1203306.298072847
MCF002044_001,0,L-Leucine,BlankcorAbund,1002080.0388627651
MCF002044_001,0,L-Leucine,NormAbund,2004160.0777255301
MCF002044_001,0,L-Lysine,Abund,611857.5258103918
MCF002044_001,0,L-Lysine,BlankcorAbund,611857.5258103918
MCF002044_001,0,L-Lysine,NormAbund,1223715.0516207835
MCF002044_001,0,L-Methionine,Abund,1406307.815247439
MCF002044_001,0,L-Methionine,BlankcorAbund,1378901.8156169597
MCF002044_001,0,L-Methionine,NormAbund,2757803.6312339194
MCF002044_001,0,L-Phenylalanine,Abund,1189465.272264069
MCF002044_001,0,L-Phenylalanine,BlankcorAbund,1189465.272264069
MCF002044_001,0,L-Phenylalanine,NormAbund,2378930.544528138
MCF002044_001,0,L-Proline,Abund,1236218.659889603
MCF002044_001,0,L-Proline,BlankcorAbund,1232699.2249631104
MCF002044_001,0,L-Proline,NormAbund,2465398.449926221
MCF002044_001,0,L-Serine,Abund,0
MCF002044_001,0,L-Serine,BlankcorAbund,0
MCF002044_001,0,L-Serine,NormAbund,0
MCF002044_001,0,L-Threonine,Abund,2040714.032794368
MCF002044_001,0,L-Threonine,BlankcorAbund,1926569.9164836789
MCF002044_001,0,L-Threonine,NormAbund,3853139.8329673577
MCF002044_001,0,L-Tryptophan,Abund,110164.7163374696
MCF002044_001,0,L-Tryptophan,BlankcorAbund,110164.7163374696
MCF002044_001,0,L-Tryptophan,NormAbund,220329.4326749392
MCF002044_001,0,L-Tyrosine,Abund,91880.20596223006
MCF002044_001,0,L-Tyrosine,BlankcorAbund,91880.20596223006
MCF002044_001,0,L-Tyrosine,NormAbund,183760.41192446012
MCF002044_001,0,L-Valine,Abund,3422223.383669832
MCF002044_001,0,L-Valine,BlankcorAbund,3031356.084043331
MCF002044_001,0,L-Valine,NormAbund,6062712.168086662
MCF002044_001,0,Myristic acid,Abund,5147470.388980408
MCF002044_001,0,Myristic acid,BlankcorAbund,327151.4216426667
MCF002044_001,0,Myristic acid,NormAbund,654302.8432853334
MCF002044_001,0,Palmitic acid,Abund,249953176.859042
MCF002044_001,0,Palmitic acid,BlankcorAbund,-23086379.763856113
MCF002044_001,0,Palmitic acid,NormAbund,-46172759.527712226
MCF002044_001,0,Stearic acid,Abund,120795907.8757457
MCF002044_001,0,Stearic acid,BlankcorAbund,28479168.706762552
MCF002044_001,0,Stearic acid,NormAbund,56958337.413525105
MCF002044_001,0,Fructose,Abund,6561134.872284233
MCF002044_001,0,Fructose,BlankcorAbund,5962360.707940247
MCF002044_001,0,Fructose,NormAbund,11924721.415880494
MCF002044_001,0,Glucose,Abund,5211871464.574143
MCF002044_001,0,Glucose,BlankcorAbund,5210427883.69735
MCF002044_001,0,Glucose,NormAbund,10420855767.3947
MCF002044_001,0,Pentose-phosphate,Abund,4903175.535307777
MCF002044_001,0,Pentose-phosphate,BlankcorAbund,4903175.535307777
MCF002044_001,0,Pentose-phosphate,NormAbund,9806351.070615554
MCF002044_001,0,Myo-inositol,Abund,103097176.0815086
MCF002044_001,0,Myo-inositol,BlankcorAbund,103084922.2522309
MCF002044_001,0,Myo-inositol,NormAbund,206169844.5044618
MCF002044_001,0,2-DL-Hydroxybutyric acid,Abund,68071.08691075657
MCF002044_001,0,2-DL-Hydroxybutyric acid,BlankcorAbund,-5144.509177049433
MCF002044_001,0,2-DL-Hydroxybutyric acid,NormAbund,-10289.018354098866
MCF002044_001,0,3-DL-Hydroxybutyric acid,Abund,2350243.119357774
MCF002044_001,0,3-DL-Hydroxybutyric acid,BlankcorAbund,348638.3654470858
MCF002044_001,0,3-DL-Hydroxybutyric acid,NormAbund,697276.7308941716
MCF002044_001,0,DL-2-Hydroxyglutaric acid,Abund,872736.7038126001
MCF002044_001,0,DL-2-Hydroxyglutaric acid,BlankcorAbund,841282.9166183438
MCF002044_001,0,DL-2-Hydroxyglutaric acid,NormAbund,1682565.8332366876
MCF002044_001,0,Oxoadipic acid,Abund,0
MCF002044_001,0,Oxoadipic acid,BlankcorAbund,0
MCF002044_001,0,Oxoadipic acid,NormAbund,0
MCF002044_001,0,(S)-a-Acetolactic Acid,Abund,0
MCF002044_001,0,(S)-a-Acetolactic Acid,BlankcorAbund,0
MCF002044_001,0,(S)-a-Acetolactic Acid,NormAbund,0
MCF002044_001,0,"2,3-dihydroxyisovalerate",Abund,0
MCF002044_001,0,"2,3-dihydroxyisovalerate",BlankcorAbund,0
MCF002044_001,0,"2,3-dihydroxyisovalerate",NormAbund,0
MCF002044_001,0,2-isopropylmalic acid,Abund,0
MCF002044_001,0,2-isopropylmalic acid,BlankcorAbund,0
MCF002044_001,0,2-isopropylmalic acid,NormAbund,0
MCF002044_001,0,a-Ketobutyric acid,Abund,0
MCF002044_001,0,a-Ketobutyric acid,BlankcorAbund,-364265.91866605467
MCF002044_001,0,a-Ketobutyric acid,NormAbund,-728531.8373321093
MCF002044_001,0,Fucose,Abund,98330.57384999598
MCF002044_001,0,Fucose,BlankcorAbund,98330.57384999598
MCF002044_001,0,Fucose,NormAbund,196661.14769999197
MCF002044_001,0,Galacturonic acid,Abund,51843.82703759462
MCF002044_001,0,Galacturonic acid,BlankcorAbund,51843.82703759462
MCF002044_001,0,Galacturonic acid,NormAbund,103687.65407518925
MCF002044_001,0,Glucuronic acid,Abund,798121.1849768907
MCF002044_001,0,Glucuronic acid,BlankcorAbund,798121.1849768907
MCF002044_001,0,Glucuronic acid,NormAbund,1596242.3699537814
MCF002044_001,0,Mannitol,Abund,23911.97374865138
MCF002044_001,0,Mannitol,BlankcorAbund,23911.97374865138
MCF002044_001,0,Mannitol,NormAbund,47823.94749730276
MCF002044_001,0,Sorbitol,Abund,4472067.764602231
MCF002044_001,0,Sorbitol,BlankcorAbund,4387810.936345056
MCF002044_001,0,Sorbitol,NormAbund,8775621.872690111
MCF002044_002,0,13C5-D5-15N Glutamic acid,Abund,6240796
MCF002044_002,0,13C5-D5-15N Glutamic acid,BlankcorAbund,6240796
MCF002044_002,0,13C5-D5-15N Glutamic acid,NormAbund,12481592
MCF002044_002,0,D7-Glucose,Abund,1309357568
MCF002044_002,0,D7-Glucose,BlankcorAbund,1308452325.8133333
MCF002044_002,0,D7-Glucose,NormAbund,2616904651.6266665
MCF002044_002,0,Myristic acid d27,Abund,2477026
MCF002044_002,0,Myristic acid d27,BlankcorAbund,663642.5800000001
MCF002044_002,0,Myristic acid d27,NormAbund,1327285.1600000001
MCF002044_002,0,2-Phosphoglyceric acid,Abund,228448.1479316067
MCF002044_002,0,2-Phosphoglyceric acid,BlankcorAbund,228448.1479316067
MCF002044_002,0,2-Phosphoglyceric acid,NormAbund,456896.2958632134
MCF002044_002,0,(2 and/or 3-)Phosphoglyceric acid,Abund,4172890.104735001
MCF002044_002,0,(2 and/or 3-)Phosphoglyceric acid,BlankcorAbund,4172890.104735001
MCF002044_002,0,(2 and/or 3-)Phosphoglyceric acid,NormAbund,8345780.209470002
MCF002044_002,0,D-Glyceraldehyde 3-phosphate,Abund,144837.7430999489
MCF002044_002,0,D-Glyceraldehyde 3-phosphate,BlankcorAbund,144837.7430999489
MCF002044_002,0,D-Glyceraldehyde 3-phosphate,NormAbund,289675.4861998978
MCF002044_002,0,Dihydroxyacetone phosphate,Abund,753722.6545629215
MCF002044_002,0,Dihydroxyacetone phosphate,BlankcorAbund,753722.6545629215
MCF002044_002,0,Dihydroxyacetone phosphate,NormAbund,1507445.309125843
MCF002044_002,0,Glycerol 3-phosphate,Abund,24402444.4953758
MCF002044_002,0,Glycerol 3-phosphate,BlankcorAbund,24399575.4837061
MCF002044_002,0,Glycerol 3-phosphate,NormAbund,48799150.9674122
MCF002044_002,0,Hexose-phosphate,Abund,1530600.881739463
MCF002044_002,0,Hexose-phosphate,BlankcorAbund,1530600.881739463
MCF002044_002,0,Hexose-phosphate,NormAbund,3061201.763478926
MCF002044_002,0,Hexose,Abund,8433312631.315703
MCF002044_002,0,Hexose,BlankcorAbund,8426079944.873702
MCF002044_002,0,Hexose,NormAbund,16852159889.747404
MCF002044_002,0,L-Lactic acid,Abund,26708511.28326859
MCF002044_002,0,L-Lactic acid,BlankcorAbund,21413429.1418709
MCF002044_002,0,L-Lactic acid,NormAbund,42826858.2837418
MCF002044_002,0,Phosphoenolpyruvic acid,Abund,781170.1681651856
MCF002044_002,0,Phosphoenolpyruvic acid,BlankcorAbund,781170.1681651856
MCF002044_002,0,Phosphoenolpyruvic acid,NormAbund,1562340.3363303712
MCF002044_002,0,Pyruvic acid,Abund,201959.2510685095
MCF002044_002,0,Pyruvic acid,BlankcorAbund,107754.10810535368
MCF002044_002,0,Pyruvic acid,NormAbund,215508.21621070735
MCF002044_002,0,Citric acid,Abund,8541563.152013404
MCF002044_002,0,Citric acid,BlankcorAbund,8411307.620003482
MCF002044_002,0,Citric acid,NormAbund,16822615.240006965
MCF002044_002,0,Fumaric acid,Abund,1294607.431255738
MCF002044_002,0,Fumaric acid,BlankcorAbund,908383.6838731214
MCF002044_002,0,Fumaric acid,NormAbund,1816767.3677462428
MCF002044_002,0,L-Malic acid,Abund,27990562.71465068
MCF002044_002,0,L-Malic acid,BlankcorAbund,27638442.606283147
MCF002044_002,0,L-Malic acid,NormAbund,55276885.212566294
MCF002044_002,0,Oxoglutaric acid,Abund,783921.1523227608
MCF002044_002,0,Oxoglutaric acid,BlankcorAbund,783921.1523227608
MCF002044_002,0,Oxoglutaric acid,NormAbund,1567842.3046455216
MCF002044_002,0,Succinic acid,Abund,10875493.25335012
MCF002044_002,0,Succinic acid,BlankcorAbund,8297048.968396628
MCF002044_002,0,Succinic acid,NormAbund,16594097.936793257
MCF002044_002,0,Glycine,Abund,28590974.46876326
MCF002044_002,0,Glycine,BlankcorAbund,26402003.522272274
MCF002044_002,0,Glycine,NormAbund,52804007.04454455
MCF002044_002,0,L-Alanine,Abund,14321695.00247068
MCF002044_002,0,L-Alanine,BlankcorAbund,12554833.795637721
MCF002044_002,0,L-Alanine,NormAbund,25109667.591275442
MCF002044_002,0,L-Asparagine,Abund,100983.4173633138
MCF002044_002,0,L-Asparagine,BlankcorAbund,71715.87296545987
MCF002044_002,0,L-Asparagine,NormAbund,143431.74593091974
MCF002044_002,0,L-Aspartic acid,Abund,29836653.61648346
MCF002044_002,0,L-Aspartic acid,BlankcorAbund,29836653.61648346
MCF002044_002,0,L-Aspartic acid,NormAbund,59673307.23296692
MCF002044_002,0,L-Cysteine,Abund,2068493.502041934
MCF002044_002,0,L-Cysteine,BlankcorAbund,2052874.1669990546
MCF002044_002,0,L-Cysteine,NormAbund,4105748.333998109
MCF002044_002,0,L-Glutamic acid,Abund,63776375.00363443
MCF002044_002,0,L-Glutamic acid,BlankcorAbund,63776375.00363443
MCF002044_002,0,L-Glutamic acid,NormAbund,127552750.00726886
MCF002044_002,0,L-Isoleucine,Abund,2148727.945466421
MCF002044_002,0,L-Isoleucine,BlankcorAbund,1489968.2400065912
MCF002044_002,0,L-Isoleucine,NormAbund,2979936.4800131824
MCF002044_002,0,L-Leucine,Abund,1299695.459566464
MCF002044_002,0,L-Leucine,BlankcorAbund,1098469.200356382
MCF002044_002,0,L-Leucine,NormAbund,2196938.400712764
MCF002044_002,0,L-Lysine,Abund,790399.4083621183
MCF002044_002,0,L-Lysine,BlankcorAbund,790399.4083621183
MCF002044_002,0,L-Lysine,NormAbund,1580798.8167242366
MCF002044_002,0,L-Methionine,Abund,2310365.237251159
MCF002044_002,0,L-Methionine,BlankcorAbund,2282959.2376206797
MCF002044_002,0,L-Methionine,NormAbund,4565918.475241359
MCF002044_002,0,L-Phenylalanine,Abund,2293289.701670855
MCF002044_002,0,L-Phenylalanine,BlankcorAbund,2293289.701670855
MCF002044_002,0,L-Phenylalanine,NormAbund,4586579.40334171
MCF002044_002,0,L-Proline,Abund,2327220.091121517
MCF002044_002,0,L-Proline,BlankcorAbund,2323700.6561950245
MCF002044_002,0,L-Proline,NormAbund,4647401.312390049
MCF002044_002,0,L-Serine,Abund,0
MCF002044_002,0,L-Serine,BlankcorAbund,0
MCF002044_002,0,L-Serine,NormAbund,0
MCF002044_002,0,L-Threonine,Abund,2007343.66207751
MCF002044_002,0,L-Threonine,BlankcorAbund,1893199.5457668211
MCF002044_002,0,L-Threonine,NormAbund,3786399.0915336423
MCF002044_002,0,L-Tryptophan,Abund,225634.4093127656
MCF002044_002,0,L-Tryptophan,BlankcorAbund,225634.4093127656
MCF002044_002,0,L-Tryptophan,NormAbund,451268.8186255312
MCF002044_002,0,L-Tyrosine,Abund,157742.8718330607
MCF002044_002,0,L-Tyrosine,BlankcorAbund,157742.8718330607
MCF002044_002,0,L-Tyrosine,NormAbund,315485.7436661214
MCF002044_002,0,L-Valine,Abund,4540773.737966261
MCF002044_002,0,L-Valine,BlankcorAbund,4149906.43833976
MCF002044_002,0,L-Valine,NormAbund,8299812.87667952
MCF002044_002,0,Myristic acid,Abund,3251799.520075316
MCF002044_002,0,Myristic acid,BlankcorAbund,-1568519.4472624254
MCF002044_002,0,Myristic acid,NormAbund,-3137038.894524851
MCF002044_002,0,Palmitic acid,Abund,212819623.4733202
MCF002044_002,0,Palmitic acid,BlankcorAbund,-60219933.149577916
MCF002044_002,0,Palmitic acid,NormAbund,-120439866.29915583
MCF002044_002,0,Stearic acid,Abund,95246272.65169358
MCF002044_002,0,Stearic acid,BlankcorAbund,2929533.482710436
MCF002044_002,0,Stearic acid,NormAbund,5859066.965420872
MCF002044_002,0,Fructose,Abund,7536309.252884766
MCF002044_002,0,Fructose,BlankcorAbund,6937535.08854078
MCF002044_002,0,Fructose,NormAbund,13875070.17708156
MCF002044_002,0,Glucose,Abund,6670321487.960841
MCF002044_002,0,Glucose,BlankcorAbund,6668877907.084047
MCF002044_002,0,Glucose,NormAbund,13337755814.168095
MCF002044_002,0,Pentose-phosphate,Abund,8978064.203507083
MCF002044_002,0,Pentose-phosphate,BlankcorAbund,8978064.203507083
MCF002044_002,0,Pentose-phosphate,NormAbund,17956128.407014165
MCF002044_002,0,Myo-inositol,Abund,145786875.9760904
MCF002044_002,0,Myo-inositol,BlankcorAbund,145774622.1468127
MCF002044_002,0,Myo-inositol,NormAbund,291549244.2936254
MCF002044_002,0,2-DL-Hydroxybutyric acid,Abund,70765.4339750567
MCF002044_002,0,2-DL-Hydroxybutyric acid,BlankcorAbund,-2450.162112749298
MCF002044_002,0,2-DL-Hydroxybutyric acid,NormAbund,-4900.324225498596
MCF002044_002,0,3-DL-Hydroxybutyric acid,Abund,2841459.426789418
MCF002044_002,0,3-DL-Hydroxybutyric acid,BlankcorAbund,839854.6728787296
MCF002044_002,0,3-DL-Hydroxybutyric acid,NormAbund,1679709.3457574593
MCF002044_002,0,DL-2-Hydroxyglutaric acid,Abund,1688813.656038816
MCF002044_002,0,DL-2-Hydroxyglutaric acid,BlankcorAbund,1657359.8688445599
MCF002044_002,0,DL-2-Hydroxyglutaric acid,NormAbund,3314719.7376891198
MCF002044_002,0,Oxoadipic acid,Abund,27179.99581857619
MCF002044_002,0,Oxoadipic acid,BlankcorAbund,27179.99581857619
MCF002044_002,0,Oxoadipic acid,NormAbund,54359.99163715238
MCF002044_002,0,(S)-a-Acetolactic Acid,Abund,0
MCF002044_002,0,(S)-a-Acetolactic Acid,BlankcorAbund,0
MCF002044_002,0,(S)-a-Acetolactic Acid,NormAbund,0
MCF002044_002,0,"2,3-dihydroxyisovalerate",Abund,0
MCF002044_002,0,"2,3-dihydroxyisovalerate",BlankcorAbund,0
MCF002044_002,0,"2,3-dihydroxyisovalerate",NormAbund,0
MCF002044_002,0,2-isopropylmalic acid,Abund,0
MCF002044_002,0,2-isopropylmalic acid,BlankcorAbund,0
MCF002044_002,0,2-isopropylmalic acid,NormAbund,0
MCF002044_002,0,a-Ketobutyric acid,Abund,1119318.492599124
MCF002044_002,0,a-Ketobutyric acid,BlankcorAbund,755052.5739330694
MCF002044_002,0,a-Ketobutyric acid,NormAbund,1510105.1478661387
MCF002044_002,0,Fucose,Abund,249104.2182571167
MCF002044_002,0,Fucose,BlankcorAbund,249104.2182571167
MCF002044_002,0,Fucose,NormAbund,498208.4365142334
MCF002044_002,0,Galacturonic acid,Abund,24231.99287003068
MCF002044_002,0,Galacturonic acid,BlankcorAbund,24231.99287003068
MCF002044_002,0,Galacturonic acid,NormAbund,48463.98574006136
MCF002044_002,0,Glucuronic acid,Abund,963127.5015815442
MCF002044_002,0,Glucuronic acid,BlankcorAbund,963127.5015815442
MCF002044_002,0,Glucuronic acid,NormAbund,1926255.0031630883
MCF002044_002,0,Mannitol,Abund,31236.78744025442
MCF002044_002,0,Mannitol,BlankcorAbund,31236.78744025442
MCF002044_002,0,Mannitol,NormAbund,62473.57488050884
MCF002044_002,0,Sorbitol,Abund,7541177.169327592
MCF002044_002,0,Sorbitol,BlankcorAbund,7456920.341070416
MCF002044_002,0,Sorbitol,NormAbund,14913840.682140833
MCF002044_003,0,13C5-D5-15N Glutamic acid,Abund,6093117
MCF002044_003,0,13C5-D5-15N Glutamic acid,BlankcorAbund,6093117
MCF002044_003,0,13C5-D5-15N Glutamic acid,NormAbund,12186234
MCF002044_003,0,D7-Glucose,Abund,1191369216
MCF002044_003,0,D7-Glucose,BlankcorAbund,1190463973.8133333
MCF002044_003,0,D7-Glucose,NormAbund,2380927947.6266665
MCF002044_003,0,Myristic acid d27,Abund,2599823.75
MCF002044_003,0,Myristic acid d27,BlankcorAbund,786440.3300000001
MCF002044_003,0,Myristic acid d27,NormAbund,1572880.6600000001
MCF002044_003,0,2-Phosphoglyceric acid,Abund,159134.1477253984
MCF002044_003,0,2-Phosphoglyceric acid,BlankcorAbund,159134.1477253984
MCF002044_003,0,2-Phosphoglyceric acid,NormAbund,318268.2954507968
MCF002044_003,0,(2 and/or 3-)Phosphoglyceric acid,Abund,2779523.4325923002
MCF002044_003,0,(2 and/or 3-)Phosphoglyceric acid,BlankcorAbund,2779523.4325923002
MCF002044_003,0,(2 and/or 3-)Phosphoglyceric acid,NormAbund,5559046.8651846005
MCF002044_003,0,D-Glyceraldehyde 3-phosphate,Abund,102312.8880475901
MCF002044_003,0,D-Glyceraldehyde 3-phosphate,BlankcorAbund,102312.8880475901
MCF002044_003,0,D-Glyceraldehyde 3-phosphate,NormAbund,204625.7760951802
MCF002044_003,0,Dihydroxyacetone phosphate,Abund,604664.5047987612
MCF002044_003,0,Dihydroxyacetone phosphate,BlankcorAbund,604664.5047987612
MCF002044_003,0,Dihydroxyacetone phosphate,NormAbund,1209329.0095975224
MCF002044_003,0,Glycerol 3-phosphate,Abund,23023269.2612297
MCF002044_003,0,Glycerol 3-phosphate,BlankcorAbund,23020400.249560002
MCF002044_003,0,Glycerol 3-phosphate,NormAbund,46040800.499120004
MCF002044_003,0,Hexose-phosphate,Abund,1445870.840057016
MCF002044_003,0,Hexose-phosphate,BlankcorAbund,1445870.840057016
MCF002044_003,0,Hexose-phosphate,NormAbund,2891741.680114032
MCF002044_003,0,Hexose,Abund,8269170117.845638
MCF002044_003,0,Hexose,BlankcorAbund,8261937431.403637
MCF002044_003,0,Hexose,NormAbund,16523874862.807274
MCF002044_003,0,L-Lactic acid,Abund,22342972.68809006
MCF002044_003,0,L-Lactic acid,BlankcorAbund,17047890.54669237
MCF002044_003,0,L-Lactic acid,NormAbund,34095781.09338474
MCF002044_003,0,Phosphoenolpyruvic acid,Abund,407843.4462850441
MCF002044_003,0,Phosphoenolpyruvic acid,BlankcorAbund,407843.4462850441
MCF002044_003,0,Phosphoenolpyruvic acid,NormAbund,815686.8925700882
MCF002044_003,0,Pyruvic acid,Abund,210045.4913837728
MCF002044_003,0,Pyruvic acid,BlankcorAbund,115840.34842061698
MCF002044_003,0,Pyruvic acid,NormAbund,231680.69684123396
MCF002044_003,0,Citric acid,Abund,5808863.751667434
MCF002044_003,0,Citric acid,BlankcorAbund,5678608.219657511
MCF002044_003,0,Citric acid,NormAbund,11357216.439315023
MCF002044_003,0,Fumaric acid,Abund,1186391.57975647
MCF002044_003,0,Fumaric acid,BlankcorAbund,800167.8323738533
MCF002044_003,0,Fumaric acid,NormAbund,1600335.6647477066
MCF002044_003,0,L-Malic acid,Abund,25204955.86864861
MCF002044_003,0,L-Malic acid,BlankcorAbund,24852835.76028108
MCF002044_003,0,L-Malic acid,NormAbund,49705671.52056216
MCF002044_003,0,Oxoglutaric acid,Abund,525150.1168990482
MCF002044_003,0,Oxoglutaric acid,BlankcorAbund,525150.1168990482
MCF002044_003,0,Oxoglutaric acid,NormAbund,1050300.2337980964
MCF002044_003,0,Succinic acid,Abund,8426525.509105649
MCF002044_003,0,Succinic acid,BlankcorAbund,5848081.224152157
MCF002044_003,0,Succinic acid,NormAbund,11696162.448304314
MCF002044_003,0,Glycine,Abund,22024254.21472683
MCF002044_003,0,Glycine,BlankcorAbund,19835283.268235847
MCF002044_003,0,Glycine,NormAbund,39670566.536471695
MCF002044_003,0,L-Alanine,Abund,12848447.19309574
MCF002044_003,0,L-Alanine,BlankcorAbund,11081585.986262782
MCF002044_003,0,L-Alanine,NormAbund,22163171.972525563
MCF002044_003,0,L-Asparagine,Abund,27251.71155591386
MCF002044_003,0,L-Asparagine,BlankcorAbund,-2015.8328419400714
MCF002044_003,0,L-Asparagine,NormAbund,-4031.6656838801428
MCF002044_003,0,L-Aspartic acid,Abund,25796804.02835965
MCF002044_003,0,L-Aspartic acid,BlankcorAbund,25796804.02835965
MCF002044_003,0,L-Aspartic acid,NormAbund,51593608.0567193
MCF002044_003,0,L-Cysteine,Abund,2501856.579333515
MCF002044_003,0,L-Cysteine,BlankcorAbund,2486237.2442906355
MCF002044_003,0,L-Cysteine,NormAbund,4972474.488581271
MCF002044_003,0,L-Glutamic acid,Abund,67869805.32757434
MCF002044_003,0,L-Glutamic acid,BlankcorAbund,67869805.32757434
MCF002044_003,0,L-Glutamic acid,NormAbund,135739610.65514868
MCF002044_003,0,L-Isoleucine,Abund,1799230.999257465
MCF002044_003,0,L-Isoleucine,BlankcorAbund,1140471.293797635
MCF002044_003,0,L-Isoleucine,NormAbund,2280942.58759527
MCF002044_003,0,L-Leucine,Abund,1328386.360307261
MCF002044_003,0,L-Leucine,BlankcorAbund,1127160.101097179
MCF002044_003,0,L-Leucine,NormAbund,2254320.202194358
MCF002044_003,0,L-Lysine,Abund,766916.4726518122
MCF002044_003,0,L-Lysine,BlankcorAbund,766916.4726518122
MCF002044_003,0,L-Lysine,NormAbund,1533832.9453036245
MCF002044_003,0,L-Methionine,Abund,2202323.953395407
MCF002044_003,0,L-Methionine,BlankcorAbund,2174917.953764928
MCF002044_003,0,L-Methionine,NormAbund,4349835.907529856
MCF002044_003,0,L-Phenylalanine,Abund,1737067.906278005
MCF002044_003,0,L-Phenylalanine,BlankcorAbund,1737067.906278005
MCF002044_003,0,L-Phenylalanine,NormAbund,3474135.81255601
MCF002044_003,0,L-Proline,Abund,1845954.078849926
MCF002044_003,0,L-Proline,BlankcorAbund,1842434.6439234333
MCF002044_003,0,L-Proline,NormAbund,3684869.2878468665
MCF002044_003,0,L-Serine,Abund,0
MCF002044_003,0,L-Serine,BlankcorAbund,0
MCF002044_003,0,L-Serine,NormAbund,0
MCF002044_003,0,L-Threonine,Abund,2273023.297679091
MCF002044_003,0,L-Threonine,BlankcorAbund,2158879.1813684017
MCF002044_003,0,L-Threonine,NormAbund,4317758.3627368035
MCF002044_003,0,L-Tryptophan,Abund,151514.0025398054
MCF002044_003,0,L-Tryptophan,BlankcorAbund,151514.0025398054
MCF002044_003,0,L-Tryptophan,NormAbund,303028.0050796108
MCF002044_003,0,L-Tyrosine,Abund,244140.7720016291
MCF002044_003,0,L-Tyrosine,BlankcorAbund,244140.7720016291
MCF002044_003,0,L-Tyrosine,NormAbund,488281.5440032582
MCF002044_003,0,L-Valine,Abund,3755569.528404007
MCF002044_003,0,L-Valine,BlankcorAbund,3364702.2287775064
MCF002044_003,0,L-Valine,NormAbund,6729404.457555013
MCF002044_003,0,Myristic acid,Abund,4117714.385176767
MCF002044_003,0,Myristic acid,BlankcorAbund,-702604.5821609744
MCF002044_003,0,Myristic acid,NormAbund,-1405209.1643219488
MCF002044_003,0,Palmitic acid,Abund,237401395.8773628
MCF002044_003,0,Palmitic acid,BlankcorAbund,-35638160.745535314
MCF002044_003,0,Palmitic acid,NormAbund,-71276321.49107063
MCF002044_003,0,Stearic acid,Abund,98835556.94454016
MCF002044_003,0,Stearic acid,BlankcorAbund,6518817.775557011
MCF002044_003,0,Stearic acid,NormAbund,13037635.551114023
MCF002044_003,0,Fructose,Abund,7720508.458535849
MCF002044_003,0,Fructose,BlankcorAbund,7121734.294191863
MCF002044_003,0,Fructose,NormAbund,14243468.588383727
MCF002044_003,0,Glucose,Abund,5317887964.896536
MCF002044_003,0,Glucose,BlankcorAbund,5316444384.019742
MCF002044_003,0,Glucose,NormAbund,10632888768.039484
MCF002044_003,0,Pentose-phosphate,Abund,7561365.511989119
MCF002044_003,0,Pentose-phosphate,BlankcorAbund,7561365.511989119
MCF002044_003,0,Pentose-phosphate,NormAbund,15122731.023978239
MCF002044_003,0,Myo-inositol,Abund,133053973.3817444
MCF002044_003,0,Myo-inositol,BlankcorAbund,133041719.55246669
MCF002044_003,0,Myo-inositol,NormAbund,266083439.10493338
MCF002044_003,0,2-DL-Hydroxybutyric acid,Abund,60796.82900357179
MCF002044_003,0,2-DL-Hydroxybutyric acid,BlankcorAbund,-12418.767084234212
MCF002044_003,0,2-DL-Hydroxybutyric acid,NormAbund,-24837.534168468424
MCF002044_003,0,3-DL-Hydroxybutyric acid,Abund,2613125.890829566
MCF002044_003,0,3-DL-Hydroxybutyric acid,BlankcorAbund,611521.1369188777
MCF002044_003,0,3-DL-Hydroxybutyric acid,NormAbund,1223042.2738377554
MCF002044_003,0,DL-2-Hydroxyglutaric acid,Abund,1012263.302464709
MCF002044_003,0,DL-2-Hydroxyglutaric acid,BlankcorAbund,980809.5152704527
MCF002044_003,0,DL-2-Hydroxyglutaric acid,NormAbund,1961619.0305409054
MCF002044_003,0,Oxoadipic acid,Abund,0
MCF002044_003,0,Oxoadipic acid,BlankcorAbund,0
MCF002044_003,0,Oxoadipic acid,NormAbund,0
MCF002044_003,0,(S)-a-Acetolactic Acid,Abund,0
MCF002044_003,0,(S)-a-Acetolactic Acid,BlankcorAbund,0
MCF002044_003,0,(S)-a-Acetolactic Acid,NormAbund,0
MCF002044_003,0,"2,3-dihydroxyisovalerate",Abund,0
MCF002044_003,0,"2,3-dihydroxyisovalerate",BlankcorAbund,0
MCF002044_003,0,"2,3-dihydroxyisovalerate",NormAbund,0
MCF002044_003,0,2-isopropylmalic acid,Abund,0
MCF002044_003,0,2-isopropylmalic acid,BlankcorAbund,0
MCF002044_003,0,2-isopropylmalic acid,NormAbund,0
MCF002044_003,0,a-Ketobutyric acid,Abund,0
MCF002044_003,0,a-Ketobutyric acid,BlankcorAbund,-364265.91866605467
MCF002044_003,0,a-Ketobutyric acid,NormAbund,-728531.8373321093
MCF002044_003,0,Fucose,Abund,213508.1960392677
MCF002044_003,0,Fucose,BlankcorAbund,213508.1960392677
MCF002044_003,0,Fucose,NormAbund,427016.3920785354
MCF002044_003,0,Galacturonic acid,Abund,21571.49834748974
MCF002044_003,0,Galacturonic acid,BlankcorAbund,21571.49834748974
MCF002044_003,0,Galacturonic acid,NormAbund,43142.99669497948
MCF002044_003,0,Glucuronic acid,Abund,783239.6114418788
MCF002044_003,0,Glucuronic acid,BlankcorAbund,783239.6114418788
MCF002044_003,0,Glucuronic acid,NormAbund,1566479.2228837577
MCF002044_003,0,Mannitol,Abund,13469.70579350326
MCF002044_003,0,Mannitol,BlankcorAbund,13469.70579350326
MCF002044_003,0,Mannitol,NormAbund,26939.41158700652
MCF002044_003,0,Sorbitol,Abund,5727640.304678094
MCF002044_003,0,Sorbitol,BlankcorAbund,5643383.4764209185
MCF002044_003,0,Sorbitol,NormAbund,11286766.952841837
MCF002044_001,0,(2 and/or 3-)Phosphoglyceric acid,FracCont,0.012826567747531029
MCF002044_001,0,(S)-a-Acetolactic Acid,FracCont,0
MCF002044_001,0,"2,3-dihydroxyisovalerate",FracCont,0
MCF002044_001,0,2-DL-Hydroxybutyric acid,FracCont,0.018241990305791437
MCF002044_001,0,2-Phosphoglyceric acid,FracCont,0.011773741149469183
MCF002044_001,0,2-isopropylmalic acid,FracCont,0
MCF002044_001,0,3-DL-Hydroxybutyric acid,FracCont,0.010321266627463944
MCF002044_001,0,Citric acid,FracCont,0.001096418909842798
MCF002044_001,0,D-Glyceraldehyde 3-phosphate,FracCont,0.02939382799695106
MCF002044_001,0,DL-2-Hydroxyglutaric acid,FracCont,0.0022370376864288056
MCF002044_001,0,Dihydroxyacetone phosphate,FracCont,0.04001642773033912
MCF002044_001,0,Fructose,FracCont,0.2694050914033357
MCF002044_001,0,Fucose,FracCont,0.03475754489348504
MCF002044_001,0,Fumaric acid,FracCont,0.007916341236896196
MCF002044_001,0,Galacturonic acid,FracCont,1.0835689889910631
MCF002044_001,0,Glucose,FracCont,1.0080385895072541
MCF002044_001,0,Glucuronic acid,FracCont,0.0017845780049905817
MCF002044_001,0,Glycerol 3-phosphate,FracCont,0.01369431723435003
MCF002044_001,0,Glycine,FracCont,0
MCF002044_001,0,Hexose,FracCont,1.0073635885261696
MCF002044_001,0,Hexose-phosphate,FracCont,0.107086863097121
MCF002044_001,0,L-Alanine,FracCont,0.01340486960392318
MCF002044_001,0,L-Asparagine,FracCont,0.022252874605938253
MCF002044_001,0,L-Aspartic acid,FracCont,0.052165959170003495
MCF002044_001,0,L-Cysteine,FracCont,0.01100537702180849
MCF002044_001,0,L-Glutamic acid,FracCont,8.984112276105323e-4
MCF002044_001,0,L-Isoleucine,FracCont,0.04734178478578957
MCF002044_001,0,L-Lactic acid,FracCont,1.456855236727831e-4
MCF002044_001,0,L-Leucine,FracCont,0.02581726608754907
MCF002044_001,0,L-Lysine,FracCont,7.865772681874394e-4
MCF002044_001,0,L-Malic acid,FracCont,9.537003242492618e-4
MCF002044_001,0,L-Methionine,FracCont,0.006453002939380737
MCF002044_001,0,L-Phenylalanine,FracCont,0.0011583963452581139
MCF002044_001,0,L-Proline,FracCont,3.431423293017131e-4
MCF002044_001,0,L-Serine,FracCont,0
MCF002044_001,0,L-Threonine,FracCont,0.02217007005566563
MCF002044_001,0,L-Tryptophan,FracCont,0.005129239127504222
MCF002044_001,0,L-Tyrosine,FracCont,0.06819621561415433
MCF002044_001,0,L-Valine,FracCont,0.029143173262787293
MCF002044_001,0,Mannitol,FracCont,0.08947227448410418
MCF002044_001,0,Myo-inositol,FracCont,0.0024039751401489363
MCF002044_001,0,Myristic acid,FracCont,0.0016324775332173201
MCF002044_001,0,Oxoadipic acid,FracCont,0
MCF002044_001,0,Oxoglutaric acid,FracCont,0.009694124389331754
MCF002044_001,0,Palmitic acid,FracCont,4.322140486548709e-4
MCF002044_001,0,Pentose-phosphate,FracCont,0
MCF002044_001,0,Phosphoenolpyruvic acid,FracCont,0.009307181815156343
MCF002044_001,0,Pyruvic acid,FracCont,0.003406219593830988
MCF002044_001,0,Sorbitol,FracCont,0.0013815233636517085
MCF002044_001,0,Stearic acid,FracCont,1.0437861728697128e-4
MCF002044_001,0,Succinic acid,FracCont,0
MCF002044_001,0,a-Ketobutyric acid,FracCont,0
MCF002044_001,0,13C5-D5-15N Glutamic acid,FracCont,0
MCF002044_001,0,D7-Glucose,FracCont,0
MCF002044_001,0,Myristic acid d27,FracCont,0
MCF002044_002,0,(2 and/or 3-)Phosphoglyceric acid,FracCont,0.01014037738391338
MCF002044_002,0,(S)-a-Acetolactic Acid,FracCont,0
MCF002044_002,0,"2,3-dihydroxyisovalerate",FracCont,0
MCF002044_002,0,2-DL-Hydroxybutyric acid,FracCont,0.015528211742994532
MCF002044_002,0,2-Phosphoglyceric acid,FracCont,0
MCF002044_002,0,2-isopropylmalic acid,FracCont,0
MCF002044_002,0,3-DL-Hydroxybutyric acid,FracCont,0.008417139851759023
MCF002044_002,0,Citric acid,FracCont,1.5108315794948944e-4
MCF002044_002,0,D-Glyceraldehyde 3-phosphate,FracCont,0.0029283943521112494
MCF002044_002,0,DL-2-Hydroxyglutaric acid,FracCont,5.160691738712355e-4
MCF002044_002,0,Dihydroxyacetone phosphate,FracCont,0.031788675449087
MCF002044_002,0,Fructose,FracCont,0.27230225409875397
MCF002044_002,0,Fucose,FracCont,0.007866581183221972
MCF002044_002,0,Fumaric acid,FracCont,0.008113847405671547
MCF002044_002,0,Galacturonic acid,FracCont,1.0835689889910631
MCF002044_002,0,Glucose,FracCont,1.0091671856127145
MCF002044_002,0,Glucuronic acid,FracCont,0.013842948487960265
MCF002044_002,0,Glycerol 3-phosphate,FracCont,0.007358970592890333
MCF002044_002,0,Glycine,FracCont,0
MCF002044_002,0,Hexose,FracCont,1.0084358018639283
MCF002044_002,0,Hexose-phosphate,FracCont,0.1086155388992615
MCF002044_002,0,L-Alanine,FracCont,9.298930426686151e-4
MCF002044_002,0,L-Asparagine,FracCont,0.03407066001332407
MCF002044_002,0,L-Aspartic acid,FracCont,0.0415166847404842
MCF002044_002,0,L-Cysteine,FracCont,0.01212910355390124
MCF002044_002,0,L-Glutamic acid,FracCont,2.8080861822363256e-4
MCF002044_002,0,L-Isoleucine,FracCont,0.036636429598683344
MCF002044_002,0,L-Lactic acid,FracCont,2.692595558283532e-4
MCF002044_002,0,L-Leucine,FracCont,0.008733852734156588
MCF002044_002,0,L-Lysine,FracCont,9.406529825972858e-4
MCF002044_002,0,L-Malic acid,FracCont,0
MCF002044_002,0,L-Methionine,FracCont,0.010934775910506966
MCF002044_002,0,L-Phenylalanine,FracCont,1.9571580759968836e-4
MCF002044_002,0,L-Proline,FracCont,0
MCF002044_002,0,L-Serine,FracCont,0
MCF002044_002,0,L-Threonine,FracCont,0.006026641875491397
MCF002044_002,0,L-Tryptophan,FracCont,0.005233697820986731
MCF002044_002,0,L-Tyrosine,FracCont,0.08668888168149802
MCF002044_002,0,L-Valine,FracCont,0.028528607223283303
MCF002044_002,0,Mannitol,FracCont,0.08653488684971163
MCF002044_002,0,Myo-inositol,FracCont,0.0035631118068271106
MCF002044_002,0,Myristic acid,FracCont,0.0016265857713094643
MCF002044_002,0,Oxoadipic acid,FracCont,0.013806700102849215
MCF002044_002,0,Oxoglutaric acid,FracCont,0.0011379004176772065
MCF002044_002,0,Palmitic acid,FracCont,4.172493051236765e-4
MCF002044_002,0,Pentose-phosphate,FracCont,0
MCF002044_002,0,Phosphoenolpyruvic acid,FracCont,0.005626477938397194
MCF002044_002,0,Pyruvic acid,FracCont,0.004173834586824563
MCF002044_002,0,Sorbitol,FracCont,0.001819545327032412
MCF002044_002,0,Stearic acid,FracCont,2.942505748190489e-4
MCF002044_002,0,Succinic acid,FracCont,0
MCF002044_002,0,a-Ketobutyric acid,FracCont,0.006213847265236986
MCF002044_002,0,13C5-D5-15N Glutamic acid,FracCont,0
MCF002044_002,0,D7-Glucose,FracCont,0
MCF002044_002,0,Myristic acid d27,FracCont,0
MCF002044_003,0,(2 and/or 3-)Phosphoglyceric acid,FracCont,0.001038927026111202
MCF002044_003,0,(S)-a-Acetolactic Acid,FracCont,0
MCF002044_003,0,"2,3-dihydroxyisovalerate",FracCont,0
MCF002044_003,0,2-DL-Hydroxybutyric acid,FracCont,0.00729593211395565
MCF002044_003,0,2-Phosphoglyceric acid,FracCont,0.001631906757144456
MCF002044_003,0,2-isopropylmalic acid,FracCont,0
MCF002044_003,0,3-DL-Hydroxybutyric acid,FracCont,0.009004093019150866
MCF002044_003,0,Citric acid,FracCont,8.394154200650353e-4
MCF002044_003,0,D-Glyceraldehyde 3-phosphate,FracCont,0.002983399224146208
MCF002044_003,0,DL-2-Hydroxyglutaric acid,FracCont,0.001536309856712207
MCF002044_003,0,Dihydroxyacetone phosphate,FracCont,0.011605785464623411
MCF002044_003,0,Fructose,FracCont,0.2818935502144074
MCF002044_003,0,Fucose,FracCont,8.610510513902553e-4
MCF002044_003,0,Fumaric acid,FracCont,0.008605803449159136
MCF002044_003,0,Galacturonic acid,FracCont,1.0835689889910638
MCF002044_003,0,Glucose,FracCont,1.0086391981181042
MCF002044_003,0,Glucuronic acid,FracCont,0.015621078597168764
MCF002044_003,0,Glycerol 3-phosphate,FracCont,0.0031162267442972325
MCF002044_003,0,Glycine,FracCont,0
MCF002044_003,0,Hexose,FracCont,1.008581242510717
MCF002044_003,0,Hexose-phosphate,FracCont,0.02115980783954842
MCF002044_003,0,L-Alanine,FracCont,0
MCF002044_003,0,L-Asparagine,FracCont,0.1721553985261123
MCF002044_003,0,L-Aspartic acid,FracCont,0.04622368602839041
MCF002044_003,0,L-Cysteine,FracCont,0.01084976105576691
MCF002044_003,0,L-Glutamic acid,FracCont,8.155371830502486e-4
MCF002044_003,0,L-Isoleucine,FracCont,0.04002364074430861
MCF002044_003,0,L-Lactic acid,FracCont,4.691933936185936e-4
MCF002044_003,0,L-Leucine,FracCont,0.007993927179565452
MCF002044_003,0,L-Lysine,FracCont,1.6936256711757138e-4
MCF002044_003,0,L-Malic acid,FracCont,0
MCF002044_003,0,L-Methionine,FracCont,0.008301967521072803
MCF002044_003,0,L-Phenylalanine,FracCont,4.222815954004831e-4
MCF002044_003,0,L-Proline,FracCont,6.287336860114604e-5
MCF002044_003,0,L-Serine,FracCont,0
MCF002044_003,0,L-Threonine,FracCont,0.018469603722949306
MCF002044_003,0,L-Tryptophan,FracCont,0.005591458409466423
MCF002044_003,0,L-Tyrosine,FracCont,0.034344613819482436
MCF002044_003,0,L-Valine,FracCont,0.022048912727742953
MCF002044_003,0,Mannitol,FracCont,0.10176053246406135
MCF002044_003,0,Myo-inositol,FracCont,0.002552317367028824
MCF002044_003,0,Myristic acid,FracCont,0.001245357756883177
MCF002044_003,0,Oxoadipic acid,FracCont,0
MCF002044_003,0,Oxoglutaric acid,FracCont,0.0013563269389483856
MCF002044_003,0,Palmitic acid,FracCont,4.1580082573313185e-4
MCF002044_003,0,Pentose-phosphate,FracCont,0
MCF002044_003,0,Phosphoenolpyruvic acid,FracCont,0
MCF002044_003,0,Pyruvic acid,FracCont,8.875165687064782e-4
MCF002044_003,0,Sorbitol,FracCont,4.6418986514283963e-4
MCF002044_003,0,Stearic acid,FracCont,4.3597589697547346e-4
MCF002044_003,0,Succinic acid,FracCont,0
MCF002044_003,0,a-Ketobutyric acid,FracCont,0
MCF002044_003,0,13C5-D5-15N Glutamic acid,FracCont,0
MCF002044_003,0,D7-Glucose,FracCont,0
MCF002044_003,0,Myristic acid d27,FracCont,0
MCF002044_001,0,2-Phosphoglyceric acid,Isotopologue_C13-0,1.281809112505205
MCF002044_002,0,2-Phosphoglyceric acid,Isotopologue_C13-0,1.192065791740407
MCF002044_003,0,2-Phosphoglyceric acid,Isotopologue_C13-0,1.092966446796123
MCF002044_001,0,2-Phosphoglyceric acid,Isotopologue_C13-1,-0.1427115054596757
MCF002044_002,0,2-Phosphoglyceric acid,Isotopologue_C13-1,-0.1331004255863701
MCF002044_003,0,2-Phosphoglyceric acid,Isotopologue_C13-1,-0.04456607116697526
MCF002044_001,0,2-Phosphoglyceric acid,Isotopologue_C13-2,-0.1508713481949989
MCF002044_002,0,2-Phosphoglyceric acid,Isotopologue_C13-2,-0.03311532949049188
MCF002044_003,0,2-Phosphoglyceric acid,Isotopologue_C13-2,0.002447860135716684
MCF002044_001,0,2-Phosphoglyceric acid,Isotopologue_C13-3,0.01177374114946918
MCF002044_002,0,2-Phosphoglyceric acid,Isotopologue_C13-3,-0.0258500366635445
MCF002044_003,0,2-Phosphoglyceric acid,Isotopologue_C13-3,-0.05084823576486441
MCF002044_001,0,(2 and/or 3-)Phosphoglyceric acid,Isotopologue_C13-0,1.009213568767581
MCF002044_002,0,(2 and/or 3-)Phosphoglyceric acid,Isotopologue_C13-0,1.001278322438527
MCF002044_003,0,(2 and/or 3-)Phosphoglyceric acid,Isotopologue_C13-0,1.013307813116127
MCF002044_001,0,(2 and/or 3-)Phosphoglyceric acid,Isotopologue_C13-1,-0.01470046330343676
MCF002044_002,0,(2 and/or 3-)Phosphoglyceric acid,Isotopologue_C13-1,-0.00709815436507663
MCF002044_003,0,(2 and/or 3-)Phosphoglyceric acid,Isotopologue_C13-1,-0.00741086737868331
MCF002044_001,0,(2 and/or 3-)Phosphoglyceric acid,Isotopologue_C13-2,-0.007339673211675449
MCF002044_002,0,(2 and/or 3-)Phosphoglyceric acid,Isotopologue_C13-2,-0.004320545457364004
MCF002044_003,0,(2 and/or 3-)Phosphoglyceric acid,Isotopologue_C13-2,-0.006935872763554739
MCF002044_001,0,(2 and/or 3-)Phosphoglyceric acid,Isotopologue_C13-3,0.01282656774753103
MCF002044_002,0,(2 and/or 3-)Phosphoglyceric acid,Isotopologue_C13-3,0.01014037738391338
MCF002044_003,0,(2 and/or 3-)Phosphoglyceric acid,Isotopologue_C13-3,0.001038927026111202
MCF002044_001,0,D-Glyceraldehyde 3-phosphate,Isotopologue_C13-0,1.335688280444311
MCF002044_002,0,D-Glyceraldehyde 3-phosphate,Isotopologue_C13-0,1.160820900555813
MCF002044_003,0,D-Glyceraldehyde 3-phosphate,Isotopologue_C13-0,1.206602286112218
MCF002044_001,0,D-Glyceraldehyde 3-phosphate,Isotopologue_C13-1,-0.2260178700449452
MCF002044_002,0,D-Glyceraldehyde 3-phosphate,Isotopologue_C13-1,-0.04104868749156333
MCF002044_003,0,D-Glyceraldehyde 3-phosphate,Isotopologue_C13-1,-0.1287852905824516
MCF002044_001,0,D-Glyceraldehyde 3-phosphate,Isotopologue_C13-2,-0.1390642383963165
MCF002044_002,0,D-Glyceraldehyde 3-phosphate,Isotopologue_C13-2,-0.1227006074163602
MCF002044_003,0,D-Glyceraldehyde 3-phosphate,Isotopologue_C13-2,-0.08080039475391214
MCF002044_001,0,D-Glyceraldehyde 3-phosphate,Isotopologue_C13-3,0.02939382799695106
MCF002044_002,0,D-Glyceraldehyde 3-phosphate,Isotopologue_C13-3,0.00292839435211125
MCF002044_003,0,D-Glyceraldehyde 3-phosphate,Isotopologue_C13-3,0.002983399224146208
MCF002044_001,0,Dihydroxyacetone phosphate,Isotopologue_C13-0,1.022222568876499
MCF002044_002,0,Dihydroxyacetone phosphate,Isotopologue_C13-0,1.028594291717798
MCF002044_003,0,Dihydroxyacetone phosphate,Isotopologue_C13-0,1.012800951375059
MCF002044_001,0,Dihydroxyacetone phosphate,Isotopologue_C13-1,-0.0299618119102601
MCF002044_002,0,Dihydroxyacetone phosphate,Isotopologue_C13-1,-0.05948188339871067
MCF002044_003,0,Dihydroxyacetone phosphate,Isotopologue_C13-1,-0.02621361817008412
MCF002044_001,0,Dihydroxyacetone phosphate,Isotopologue_C13-2,-0.03227718469657866
MCF002044_002,0,Dihydroxyacetone phosphate,Isotopologue_C13-2,-9.010837681738539e-4
MCF002044_003,0,Dihydroxyacetone phosphate,Isotopologue_C13-2,0.005420643991204432
MCF002044_001,0,Dihydroxyacetone phosphate,Isotopologue_C13-3,0.04001642773033912
MCF002044_002,0,Dihydroxyacetone phosphate,Isotopologue_C13-3,0.031788675449087
MCF002044_003,0,Dihydroxyacetone phosphate,Isotopologue_C13-3,0.007992022803820458
MCF002044_001,0,Glycerol 3-phosphate,Isotopologue_C13-0,1.040011140612832
MCF002044_002,0,Glycerol 3-phosphate,Isotopologue_C13-0,1.032927332237969
MCF002044_003,0,Glycerol 3-phosphate,Isotopologue_C13-0,1.041620926894675
MCF002044_001,0,Glycerol 3-phosphate,Isotopologue_C13-1,-0.02208920170392244
MCF002044_002,0,Glycerol 3-phosphate,Isotopologue_C13-1,-0.01798485800971791
MCF002044_003,0,Glycerol 3-phosphate,Isotopologue_C13-1,-0.01876494156796754
MCF002044_001,0,Glycerol 3-phosphate,Isotopologue_C13-2,-0.03161625614325962
MCF002044_002,0,Glycerol 3-phosphate,Isotopologue_C13-2,-0.02230144482114136
MCF002044_003,0,Glycerol 3-phosphate,Isotopologue_C13-2,-0.02597221207100442
MCF002044_001,0,Glycerol 3-phosphate,Isotopologue_C13-3,0.01369431723435003
MCF002044_002,0,Glycerol 3-phosphate,Isotopologue_C13-3,0.007358970592890333
MCF002044_003,0,Glycerol 3-phosphate,Isotopologue_C13-3,0.003116226744297232
MCF002044_001,0,Hexose-phosphate,Isotopologue_C13-0,1.04245864507787
MCF002044_002,0,Hexose-phosphate,Isotopologue_C13-0,1.044098596896508
MCF002044_003,0,Hexose-phosphate,Isotopologue_C13-0,1.092088316603582
MCF002044_001,0,Hexose-phosphate,Isotopologue_C13-1,-0.07019863361753702
MCF002044_002,0,Hexose-phosphate,Isotopologue_C13-1,-0.08984352804189047
MCF002044_003,0,Hexose-phosphate,Isotopologue_C13-1,-0.02153006438804778
MCF002044_001,0,Hexose-phosphate,Isotopologue_C13-2,-0.04107263649825534
MCF002044_002,0,Hexose-phosphate,Isotopologue_C13-2,-0.043096176356206
MCF002044_003,0,Hexose-phosphate,Isotopologue_C13-2,-0.04409165472383182
MCF002044_001,0,Hexose-phosphate,Isotopologue_C13-3,-0.02867394366631667
MCF002044_002,0,Hexose-phosphate,Isotopologue_C13-3,-0.006132121347016678
MCF002044_003,0,Hexose-phosphate,Isotopologue_C13-3,-0.04619082251724156
MCF002044_001,0,Hexose-phosphate,Isotopologue_C13-4,-0.005411008628158652
MCF002044_002,0,Hexose-phosphate,Isotopologue_C13-4,-0.004265655520785124
MCF002044_003,0,Hexose-phosphate,Isotopologue_C13-4,-0.001788301922752252
MCF002044_001,0,Hexose-phosphate,Isotopologue_C13-5,-0.004189285764723746
MCF002044_002,0,Hexose-phosphate,Isotopologue_C13-5,-0.009376654529870769
MCF002044_003,0,Hexose-phosphate,Isotopologue_C13-5,0.002116314652458802
MCF002044_001,0,Hexose-phosphate,Isotopologue_C13-6,0.107086863097121
MCF002044_002,0,Hexose-phosphate,Isotopologue_C13-6,0.1086155388992615
MCF002044_003,0,Hexose-phosphate,Isotopologue_C13-6,0.01939621229583275
MCF002044_001,0,Hexose,Isotopologue_C13-0,0.009855559373489526
MCF002044_002,0,Hexose,Isotopologue_C13-0,0.008726689031427915
MCF002044_003,0,Hexose,Isotopologue_C13-0,0.008354005829976523
MCF002044_001,0,Hexose,Isotopologue_C13-1,1.062317482808389e-4
MCF002044_002,0,Hexose,Isotopologue_C13-1,4.302263886726899e-5
MCF002044_003,0,Hexose,Isotopologue_C13-1,9.50824448671198e-5
MCF002044_001,0,Hexose,Isotopologue_C13-2,-7.667089827758512e-5
MCF002044_002,0,Hexose,Isotopologue_C13-2,-5.532155072364673e-5
MCF002044_003,0,Hexose,Isotopologue_C13-2,-1.29451547672978e-4
MCF002044_001,0,Hexose,Isotopologue_C13-3,-6.975630905971222e-5
MCF002044_002,0,Hexose,Isotopologue_C13-3,-1.1887529856023e-4
MCF002044_003,0,Hexose,Isotopologue_C13-3,-7.790349954390111e-5
MCF002044_001,0,Hexose,Isotopologue_C13-4,4.500823329949053e-4
MCF002044_002,0,Hexose,Isotopologue_C13-4,5.670058356708495e-4
MCF002044_003,0,Hexose,Isotopologue_C13-4,4.609806723874043e-4
MCF002044_001,0,Hexose,Isotopologue_C13-5,-0.0173112745935538
MCF002044_002,0,Hexose,Isotopologue_C13-5,-0.01721314819035177
MCF002044_003,0,Hexose,Isotopologue_C13-5,-0.01696078888832806
MCF002044_001,0,Hexose,Isotopologue_C13-6,1.007045828346126
MCF002044_002,0,Hexose,Isotopologue_C13-6,1.00805062753367
MCF002044_003,0,Hexose,Isotopologue_C13-6,1.008258074988314
MCF002044_001,0,L-Lactic acid,Isotopologue_C13-0,1.015502045961538
MCF002044_002,0,L-Lactic acid,Isotopologue_C13-0,1.013767145368313
MCF002044_003,0,L-Lactic acid,Isotopologue_C13-0,1.013358550602402
MCF002044_001,0,L-Lactic acid,Isotopologue_C13-1,-0.007410374618332744
MCF002044_002,0,L-Lactic acid,Isotopologue_C13-1,-0.007090316432578063
MCF002044_003,0,L-Lactic acid,Isotopologue_C13-1,-0.006710204367263277
MCF002044_001,0,L-Lactic acid,Isotopologue_C13-2,-0.008237356866877675
MCF002044_002,0,L-Lactic acid,Isotopologue_C13-2,-0.006946088491563202
MCF002044_003,0,L-Lactic acid,Isotopologue_C13-2,-0.007117539628757084
MCF002044_001,0,L-Lactic acid,Isotopologue_C13-3,1.456855236727831e-4
MCF002044_002,0,L-Lactic acid,Isotopologue_C13-3,2.692595558283532e-4
MCF002044_003,0,L-Lactic acid,Isotopologue_C13-3,4.691933936185936e-4
MCF002044_001,0,Phosphoenolpyruvic acid,Isotopologue_C13-0,1.044797083763834
MCF002044_002,0,Phosphoenolpyruvic acid,Isotopologue_C13-0,1.032509823898314
MCF002044_003,0,Phosphoenolpyruvic acid,Isotopologue_C13-0,1.057334055178119
MCF002044_001,0,Phosphoenolpyruvic acid,Isotopologue_C13-1,-0.05662716050160344
MCF002044_002,0,Phosphoenolpyruvic acid,Isotopologue_C13-1,-0.0211651263742882
MCF002044_003,0,Phosphoenolpyruvic acid,Isotopologue_C13-1,-0.00516998341310009
MCF002044_001,0,Phosphoenolpyruvic acid,Isotopologue_C13-2,0.007568684767839655
MCF002044_002,0,Phosphoenolpyruvic acid,Isotopologue_C13-2,0.00843971690759579
MCF002044_003,0,Phosphoenolpyruvic acid,Isotopologue_C13-2,-0.02911157911721794
MCF002044_001,0,Phosphoenolpyruvic acid,Isotopologue_C13-3,0.004261391969929906
MCF002044_002,0,Phosphoenolpyruvic acid,Isotopologue_C13-3,-0.01978441443162179
MCF002044_003,0,Phosphoenolpyruvic acid,Isotopologue_C13-3,-0.0230524926478006
MCF002044_001,0,Pyruvic acid,Isotopologue_C13-0,1.148641660489576
MCF002044_002,0,Pyruvic acid,Isotopologue_C13-0,1.12555693310238
MCF002044_003,0,Pyruvic acid,Isotopologue_C13-0,1.093510401422511
MCF002044_001,0,Pyruvic acid,Isotopologue_C13-1,-0.1525427866300008
MCF002044_002,0,Pyruvic acid,Isotopologue_C13-1,-0.08791731892602679
MCF002044_003,0,Pyruvic acid,Isotopologue_C13-1,-0.0826847113400008
MCF002044_001,0,Pyruvic acid,Isotopologue_C13-2,0.001484719639782878
MCF002044_002,0,Pyruvic acid,Isotopologue_C13-2,-0.04181344876317736
MCF002044_003,0,Pyruvic acid,Isotopologue_C13-2,-0.01171320665121619
MCF002044_001,0,Pyruvic acid,Isotopologue_C13-3,0.002416406500642403
MCF002044_002,0,Pyruvic acid,Isotopologue_C13-3,0.004173834586824563
MCF002044_003,0,Pyruvic acid,Isotopologue_C13-3,8.875165687064782e-4
MCF002044_001,0,Citric acid,Isotopologue_C13-0,1.014059961964774
MCF002044_002,0,Citric acid,Isotopologue_C13-0,1.008829637149712
MCF002044_003,0,Citric acid,Isotopologue_C13-0,1.018418706696026
MCF002044_001,0,Citric acid,Isotopologue_C13-1,-0.006990036924368263
MCF002044_002,0,Citric acid,Isotopologue_C13-1,9.064989476969367e-4
MCF002044_003,0,Citric acid,Isotopologue_C13-1,-0.007856664161304889
MCF002044_001,0,Citric acid,Isotopologue_C13-2,-0.003337122404092003
MCF002044_002,0,Citric acid,Isotopologue_C13-2,-0.005301470614094413
MCF002044_003,0,Citric acid,Isotopologue_C13-2,-0.005221911622309524
MCF002044_001,0,Citric acid,Isotopologue_C13-3,0.002192837819685596
MCF002044_002,0,Citric acid,Isotopologue_C13-3,-0.001954356919413082
MCF002044_003,0,Citric acid,Isotopologue_C13-3,-0.005188940974400615
MCF002044_001,0,Citric acid,Isotopologue_C13-4,-0.002881955554407004
MCF002044_002,0,Citric acid,Isotopologue_C13-4,-4.726523071204093e-4
MCF002044_003,0,Citric acid,Isotopologue_C13-4,0.001259123130097553
MCF002044_001,0,Citric acid,Isotopologue_C13-5,-0.003031558264889329
MCF002044_002,0,Citric acid,Isotopologue_C13-5,-0.001802055117174383
MCF002044_003,0,Citric acid,Isotopologue_C13-5,-0.001102455902274068
MCF002044_001,0,Citric acid,Isotopologue_C13-6,-1.212663670296336e-5
MCF002044_002,0,Citric acid,Isotopologue_C13-6,-2.056011396061218e-4
MCF002044_003,0,Citric acid,Isotopologue_C13-6,-3.07857165834375e-4
MCF002044_001,0,Fumaric acid,Isotopologue_C13-0,1.095939111954107
MCF002044_002,0,Fumaric acid,Isotopologue_C13-0,1.093256943112867
MCF002044_003,0,Fumaric acid,Isotopologue_C13-0,1.110710912487186
MCF002044_001,0,Fumaric acid,Isotopologue_C13-1,-0.001964483377768041
MCF002044_002,0,Fumaric acid,Isotopologue_C13-1,0.001290777189002006
MCF002044_003,0,Fumaric acid,Isotopologue_C13-1,-0.01989253437745317
MCF002044_001,0,Fumaric acid,Isotopologue_C13-2,-0.1030609889987865
MCF002044_002,0,Fumaric acid,Isotopologue_C13-2,-0.103462405344433
MCF002044_003,0,Fumaric acid,Isotopologue_C13-2,-0.1008502250463331
MCF002044_001,0,Fumaric acid,Isotopologue_C13-3,0.004680076742204489
MCF002044_002,0,Fumaric acid,Isotopologue_C13-3,0.004494127736572928
MCF002044_003,0,Fumaric acid,Isotopologue_C13-3,0.005704173949762622
MCF002044_001,0,Fumaric acid,Isotopologue_C13-4,0.004406283680242829
MCF002044_002,0,Fumaric acid,Isotopologue_C13-4,0.004420557305991349
MCF002044_003,0,Fumaric acid,Isotopologue_C13-4,0.00432767298683717
MCF002044_001,0,L-Malic acid,Isotopologue_C13-0,1.013358237983987
MCF002044_002,0,L-Malic acid,Isotopologue_C13-0,1.01782308875596
MCF002044_003,0,L-Malic acid,Isotopologue_C13-0,1.013547470737008
MCF002044_001,0,L-Malic acid,Isotopologue_C13-1,-0.002890436233195116
MCF002044_002,0,L-Malic acid,Isotopologue_C13-1,-0.009600416012991528
MCF002044_003,0,L-Malic acid,Isotopologue_C13-1,-0.004613947638509105
MCF002044_001,0,L-Malic acid,Isotopologue_C13-2,-0.009015195633970085
MCF002044_002,0,L-Malic acid,Isotopologue_C13-2,-0.005135369527530388
MCF002044_003,0,L-Malic acid,Isotopologue_C13-2,-0.005923702827314724
MCF002044_001,0,L-Malic acid,Isotopologue_C13-3,0.001271600432332349
MCF002044_002,0,L-Malic acid,Isotopologue_C13-3,-4.597692707314284e-4
MCF002044_003,0,L-Malic acid,Isotopologue_C13-3,-8.215205576271887e-5
MCF002044_001,0,L-Malic acid,Isotopologue_C13-4,-0.002724206549154406
MCF002044_002,0,L-Malic acid,Isotopologue_C13-4,-0.002627533944706566
MCF002044_003,0,L-Malic acid,Isotopologue_C13-4,-0.00292766821542166
MCF002044_001,0,Oxoglutaric acid,Isotopologue_C13-0,1.145925612837473
MCF002044_002,0,Oxoglutaric acid,Isotopologue_C13-0,1.053683649732865
MCF002044_003,0,Oxoglutaric acid,Isotopologue_C13-0,1.069223270037229
MCF002044_001,0,Oxoglutaric acid,Isotopologue_C13-1,-0.0549006863652582
MCF002044_002,0,Oxoglutaric acid,Isotopologue_C13-1,-0.01995261507058759
MCF002044_003,0,Oxoglutaric acid,Isotopologue_C13-1,-0.03180882770048175
MCF002044_001,0,Oxoglutaric acid,Isotopologue_C13-2,-0.1046373111968441
MCF002044_002,0,Oxoglutaric acid,Isotopologue_C13-2,-0.02475778884707007
MCF002044_003,0,Oxoglutaric acid,Isotopologue_C13-2,-0.0309241754626872
MCF002044_001,0,Oxoglutaric acid,Isotopologue_C13-3,0.00878621357619183
MCF002044_002,0,Oxoglutaric acid,Isotopologue_C13-3,-0.01007377970757703
MCF002044_003,0,Oxoglutaric acid,Isotopologue_C13-3,-0.007849320012188944
MCF002044_001,0,Oxoglutaric acid,Isotopologue_C13-4,0.005527995304520821
MCF002044_002,0,Oxoglutaric acid,Isotopologue_C13-4,0.001422375522096508
MCF002044_003,0,Oxoglutaric acid,Isotopologue_C13-4,0.001695408673685482
MCF002044_001,0,Oxoglutaric acid,Isotopologue_C13-5,-7.018241560836797e-4
MCF002044_002,0,Oxoglutaric acid,Isotopologue_C13-5,-3.218416297271753e-4
MCF002044_003,0,Oxoglutaric acid,Isotopologue_C13-5,-3.363555355566628e-4
MCF002044_001,0,Succinic acid,Isotopologue_C13-0,1.023557544182462
MCF002044_002,0,Succinic acid,Isotopologue_C13-0,1.021690814532855
MCF002044_003,0,Succinic acid,Isotopologue_C13-0,1.015258360660009
MCF002044_001,0,Succinic acid,Isotopologue_C13-1,-0.0111865427261452
MCF002044_002,0,Succinic acid,Isotopologue_C13-1,-0.01083359826784986
MCF002044_003,0,Succinic acid,Isotopologue_C13-1,-0.007380845903746392
MCF002044_001,0,Succinic acid,Isotopologue_C13-2,-0.00951992869623682
MCF002044_002,0,Succinic acid,Isotopologue_C13-2,-0.008197071030112121
MCF002044_003,0,Succinic acid,Isotopologue_C13-2,-0.005326693400710015
MCF002044_001,0,Succinic acid,Isotopologue_C13-3,-0.001197229046523486
MCF002044_002,0,Succinic acid,Isotopologue_C13-3,-8.868182797849377e-4
MCF002044_003,0,Succinic acid,Isotopologue_C13-3,-5.180973990535523e-4
MCF002044_001,0,Succinic acid,Isotopologue_C13-4,-0.001653843713556061
MCF002044_002,0,Succinic acid,Isotopologue_C13-4,-0.001773326955108382
MCF002044_003,0,Succinic acid,Isotopologue_C13-4,-0.002032723956499256
MCF002044_001,0,Glycine,Isotopologue_C13-0,1.017167278653102
MCF002044_002,0,Glycine,Isotopologue_C13-0,1.016982723491347
MCF002044_003,0,Glycine,Isotopologue_C13-0,1.015327623682027
MCF002044_001,0,Glycine,Isotopologue_C13-1,-0.008986202585252963
MCF002044_002,0,Glycine,Isotopologue_C13-1,-0.008899156692177982
MCF002044_003,0,Glycine,Isotopologue_C13-1,-0.006753302540526761
MCF002044_001,0,Glycine,Isotopologue_C13-2,-0.008181076067849185
MCF002044_002,0,Glycine,Isotopologue_C13-2,-0.00808356679916904
MCF002044_003,0,Glycine,Isotopologue_C13-2,-0.008574321141500285
MCF002044_001,0,L-Alanine,Isotopologue_C13-0,1.012980212756809
MCF002044_002,0,L-Alanine,Isotopologue_C13-0,1.01873498911747
MCF002044_003,0,L-Alanine,Isotopologue_C13-0,1.023012278122874
MCF002044_001,0,L-Alanine,Isotopologue_C13-1,-0.01141709971215651
MCF002044_002,0,L-Alanine,Isotopologue_C13-1,-0.01006471867160873
MCF002044_003,0,L-Alanine,Isotopologue_C13-1,-0.009878214976034435
MCF002044_001,0,L-Alanine,Isotopologue_C13-2,-0.01496798264857575
MCF002044_002,0,L-Alanine,Isotopologue_C13-2,-0.00960016348852982
MCF002044_003,0,L-Alanine,Isotopologue_C13-2,-0.01250797422439015
MCF002044_001,0,L-Alanine,Isotopologue_C13-3,0.01340486960392318
MCF002044_002,0,L-Alanine,Isotopologue_C13-3,9.298930426686152e-4
MCF002044_003,0,L-Alanine,Isotopologue_C13-3,-6.260889224492334e-4
MCF002044_001,0,L-Asparagine,Isotopologue_C13-0,1.175594631768517
MCF002044_002,0,L-Asparagine,Isotopologue_C13-0,1.073995001442202
MCF002044_003,0,L-Asparagine,Isotopologue_C13-0,0.6883497858947039
MCF002044_001,0,L-Asparagine,Isotopologue_C13-1,-0.03938352802051338
MCF002044_002,0,L-Asparagine,Isotopologue_C13-1,-0.1005660620884038
MCF002044_003,0,L-Asparagine,Isotopologue_C13-1,0.5924723379928619
MCF002044_001,0,L-Asparagine,Isotopologue_C13-2,-0.1621291149963438
MCF002044_002,0,L-Asparagine,Isotopologue_C13-2,0.06814132002664813
MCF002044_003,0,L-Asparagine,Isotopologue_C13-2,-0.274666797547434
MCF002044_001,0,L-Asparagine,Isotopologue_C13-3,0.0146605465696063
MCF002044_002,0,L-Asparagine,Isotopologue_C13-3,-0.03710413329011098
MCF002044_003,0,L-Asparagine,Isotopologue_C13-3,-0.03019264036802862
MCF002044_001,0,L-Asparagine,Isotopologue_C13-4,0.01125746467873353
MCF002044_002,0,L-Asparagine,Isotopologue_C13-4,-0.004466126090335828
MCF002044_003,0,L-Asparagine,Isotopologue_C13-4,0.02403731402789682
MCF002044_001,0,L-Aspartic acid,Isotopologue_C13-0,0.9596011343833865
MCF002044_002,0,L-Aspartic acid,Isotopologue_C13-0,0.974212318539882
MCF002044_003,0,L-Aspartic acid,Isotopologue_C13-0,0.964187466222993
MCF002044_001,0,L-Aspartic acid,Isotopologue_C13-1,-0.01175730553044024
MCF002044_002,0,L-Aspartic acid,Isotopologue_C13-1,-0.008095753199851381
MCF002044_003,0,L-Aspartic acid,Isotopologue_C13-1,-0.008277164358275597
MCF002044_001,0,L-Aspartic acid,Isotopologue_C13-2,-0.009890476685348482
MCF002044_002,0,L-Aspartic acid,Isotopologue_C13-2,-0.007582566998109669
MCF002044_003,0,L-Aspartic acid,Isotopologue_C13-2,-0.009091025264493473
MCF002044_001,0,L-Aspartic acid,Isotopologue_C13-3,0.06955461222667132
MCF002044_002,0,L-Aspartic acid,Isotopologue_C13-3,0.05535557965397893
MCF002044_003,0,L-Aspartic acid,Isotopologue_C13-3,0.06163158137118721
MCF002044_001,0,L-Aspartic acid,Isotopologue_C13-4,-0.007507964394269119
MCF002044_002,0,L-Aspartic acid,Isotopologue_C13-4,-0.01388957799589983
MCF002044_003,0,L-Aspartic acid,Isotopologue_C13-4,-0.008450857971411102
MCF002044_001,0,L-Cysteine,Isotopologue_C13-0,1.262323131630032
MCF002044_002,0,L-Cysteine,Isotopologue_C13-0,1.267774845487747
MCF002044_003,0,L-Cysteine,Isotopologue_C13-0,1.264382196420336
MCF002044_001,0,L-Cysteine,Isotopologue_C13-1,-0.1230422997538379
MCF002044_002,0,L-Cysteine,Isotopologue_C13-1,-0.1280533790303749
MCF002044_003,0,L-Cysteine,Isotopologue_C13-1,-0.1296651741504484
MCF002044_001,0,L-Cysteine,Isotopologue_C13-2,-0.1502862088980027
MCF002044_002,0,L-Cysteine,Isotopologue_C13-2,-0.1518505700112735
MCF002044_003,0,L-Cysteine,Isotopologue_C13-2,-0.1455667833256543
MCF002044_001,0,L-Cysteine,Isotopologue_C13-3,0.01100537702180849
MCF002044_002,0,L-Cysteine,Isotopologue_C13-3,0.01212910355390124
MCF002044_003,0,L-Cysteine,Isotopologue_C13-3,0.01084976105576691
MCF002044_001,0,L-Glutamic acid,Isotopologue_C13-0,1.010899341090899
MCF002044_002,0,L-Glutamic acid,Isotopologue_C13-0,1.008096964296546
MCF002044_003,0,L-Glutamic acid,Isotopologue_C13-0,1.010132360918427
MCF002044_001,0,L-Glutamic acid,Isotopologue_C13-1,-0.00508836566877328
MCF002044_002,0,L-Glutamic acid,Isotopologue_C13-1,-0.003787070203286586
MCF002044_003,0,L-Glutamic acid,Isotopologue_C13-1,-0.005400688539963877
MCF002044_001,0,L-Glutamic acid,Isotopologue_C13-2,-0.006730873532071812
MCF002044_002,0,L-Glutamic acid,Isotopologue_C13-2,-0.004543024812411897
MCF002044_003,0,L-Glutamic acid,Isotopologue_C13-2,-0.005680827036098735
MCF002044_001,0,L-Glutamic acid,Isotopologue_C13-3,0.001321807099878296
MCF002044_002,0,L-Glutamic acid,Isotopologue_C13-3,4.180626428561961e-4
MCF002044_003,0,L-Glutamic acid,Isotopologue_C13-3,0.001275819291516863
MCF002044_001,0,L-Glutamic acid,Isotopologue_C13-4,1.316587096044434e-4
MCF002044_002,0,L-Glutamic acid,Isotopologue_C13-4,3.746379063739367e-5
MCF002044_003,0,L-Glutamic acid,Isotopologue_C13-4,6.255701017516333e-5
MCF002044_001,0,L-Glutamic acid,Isotopologue_C13-5,-5.33567699536277e-4
MCF002044_002,0,L-Glutamic acid,Isotopologue_C13-5,-2.223957143410726e-4
MCF002044_003,0,L-Glutamic acid,Isotopologue_C13-5,-3.892216440564473e-4
MCF002044_001,0,L-Isoleucine,Isotopologue_C13-0,0.8133941292378505
MCF002044_002,0,L-Isoleucine,Isotopologue_C13-0,0.8562374138454631
MCF002044_003,0,L-Isoleucine,Isotopologue_C13-0,0.8464843900759966
MCF002044_001,0,L-Isoleucine,Isotopologue_C13-1,0.1650761910755949
MCF002044_002,0,L-Isoleucine,Isotopologue_C13-1,0.138325599001269
MCF002044_003,0,L-Isoleucine,Isotopologue_C13-1,0.1421027561142777
MCF002044_001,0,L-Isoleucine,Isotopologue_C13-2,0.05944758500866696
MCF002044_002,0,L-Isoleucine,Isotopologue_C13-2,0.0406964892319497
MCF002044_003,0,L-Isoleucine,Isotopologue_C13-2,0.04897342018839471
MCF002044_001,0,L-Isoleucine,Isotopologue_C13-3,-0.03533395717327326
MCF002044_002,0,L-Isoleucine,Isotopologue_C13-3,-0.03429078573515964
MCF002044_003,0,L-Isoleucine,Isotopologue_C13-3,-0.03624933215408704
MCF002044_001,0,L-Isoleucine,Isotopologue_C13-4,-0.002580474531576377
MCF002044_002,0,L-Isoleucine,Isotopologue_C13-4,-8.474964902380069e-4
MCF002044_003,0,L-Isoleucine,Isotopologue_C13-4,-0.001224552937707777
MCF002044_001,0,L-Isoleucine,Isotopologue_C13-5,-1.669822089739862e-5
MCF002044_002,0,L-Isoleucine,Isotopologue_C13-5,-1.378865411062297e-4
MCF002044_003,0,L-Isoleucine,Isotopologue_C13-5,-1.02055949338251e-4
MCF002044_001,0,L-Isoleucine,Isotopologue_C13-6,1.322460363476318e-5
MCF002044_002,0,L-Isoleucine,Isotopologue_C13-6,1.666668782193936e-5
MCF002044_003,0,L-Isoleucine,Isotopologue_C13-6,1.537466246408277e-5
MCF002044_001,0,L-Leucine,Isotopologue_C13-0,0.9913044160881261
MCF002044_002,0,L-Leucine,Isotopologue_C13-0,1.196696436919148
MCF002044_003,0,L-Leucine,Isotopologue_C13-0,1.161017294941416
MCF002044_001,0,L-Leucine,Isotopologue_C13-1,0.1268964777415769
MCF002044_002,0,L-Leucine,Isotopologue_C13-1,-0.1262110699117378
MCF002044_003,0,L-Leucine,Isotopologue_C13-1,-0.08224314899728427
MCF002044_001,0,L-Leucine,Isotopologue_C13-2,-0.1238599146426877
MCF002044_002,0,L-Leucine,Isotopologue_C13-2,-0.08617237159907197
MCF002044_003,0,L-Leucine,Isotopologue_C13-2,-0.09271916535281427
MCF002044_001,0,L-Leucine,Isotopologue_C13-3,-3.869727467267942e-4
MCF002044_002,0,L-Leucine,Isotopologue_C13-3,0.01207096904959619
MCF002044_003,0,L-Leucine,Isotopologue_C13-3,0.009906870014478295
MCF002044_001,0,L-Leucine,Isotopologue_C13-4,0.006929605102217932
MCF002044_002,0,L-Leucine,Isotopologue_C13-4,0.004020901201568801
MCF002044_003,0,L-Leucine,Isotopologue_C13-4,0.004526179152594094
MCF002044_001,0,L-Leucine,Isotopologue_C13-5,-9.317279383140279e-4
MCF002044_002,0,L-Leucine,Isotopologue_C13-5,-4.226330678155134e-4
MCF002044_003,0,L-Leucine,Isotopologue_C13-5,-5.110691623198627e-4
MCF002044_001,0,L-Leucine,Isotopologue_C13-6,4.811639580763174e-5
MCF002044_002,0,L-Leucine,Isotopologue_C13-6,1.776740831262589e-5
MCF002044_003,0,L-Leucine,Isotopologue_C13-6,2.303940393024326e-5
MCF002044_001,0,L-Lysine,Isotopologue_C13-0,1.033164008483718
MCF002044_002,0,L-Lysine,Isotopologue_C13-0,1.03700243053288
MCF002044_003,0,L-Lysine,Isotopologue_C13-0,1.029497214444772
MCF002044_001,0,L-Lysine,Isotopologue_C13-1,-0.006970051869512782
MCF002044_002,0,L-Lysine,Isotopologue_C13-1,-0.007121702677183926
MCF002044_003,0,L-Lysine,Isotopologue_C13-1,-0.00632352492016182
MCF002044_001,0,L-Lysine,Isotopologue_C13-2,-0.01205443327063905
MCF002044_002,0,L-Lysine,Isotopologue_C13-2,-0.01463630948978695
MCF002044_003,0,L-Lysine,Isotopologue_C13-2,-0.01661867844789898
MCF002044_001,0,L-Lysine,Isotopologue_C13-3,-0.01274740639337814
MCF002044_002,0,L-Lysine,Isotopologue_C13-3,-0.01497438086657123
MCF002044_003,0,L-Lysine,Isotopologue_C13-3,-0.002214414051251977
MCF002044_001,0,L-Lysine,Isotopologue_C13-4,-0.00225238471375135
MCF002044_002,0,L-Lysine,Isotopologue_C13-4,-0.001289767774424017
MCF002044_003,0,L-Lysine,Isotopologue_C13-4,-0.00454201275751149
MCF002044_001,0,L-Lysine,Isotopologue_C13-5,9.438927218249273e-4
MCF002044_002,0,L-Lysine,Isotopologue_C13-5,0.001128783579116743
MCF002044_003,0,L-Lysine,Isotopologue_C13-5,1.923189896092719e-4
MCF002044_001,0,L-Lysine,Isotopologue_C13-6,-8.362495826167112e-5
MCF002044_002,0,L-Lysine,Isotopologue_C13-6,-1.090533040304444e-4
MCF002044_003,0,L-Lysine,Isotopologue_C13-6,9.096742443178106e-6
MCF002044_001,0,L-Methionine,Isotopologue_C13-0,1.190324540126178
MCF002044_002,0,L-Methionine,Isotopologue_C13-0,1.213740979566303
MCF002044_003,0,L-Methionine,Isotopologue_C13-0,1.194669933174919
MCF002044_001,0,L-Methionine,Isotopologue_C13-1,-0.1101470208129654
MCF002044_002,0,L-Methionine,Isotopologue_C13-1,-0.1217605068181087
MCF002044_003,0,L-Methionine,Isotopologue_C13-1,-0.1061601352549725
MCF002044_001,0,L-Methionine,Isotopologue_C13-2,-0.08900058206799871
MCF002044_002,0,L-Methionine,Isotopologue_C13-2,-0.1075919099600377
MCF002044_003,0,L-Methionine,Isotopologue_C13-2,-0.09999219954882928
MCF002044_001,0,L-Methionine,Isotopologue_C13-3,0.004129337574262733
MCF002044_002,0,L-Methionine,Isotopologue_C13-3,0.00899881820025041
MCF002044_003,0,L-Methionine,Isotopologue_C13-3,0.005760182872516809
MCF002044_001,0,L-Methionine,Isotopologue_C13-4,0.00496925049352887
MCF002044_002,0,L-Methionine,Isotopologue_C13-4,0.006919356237945899
MCF002044_003,0,L-Methionine,Isotopologue_C13-4,0.006057322246953398
MCF002044_001,0,L-Methionine,Isotopologue_C13-5,-2.755253130053836e-4
MCF002044_002,0,L-Methionine,Isotopologue_C13-5,-3.067372263527219e-4
MCF002044_003,0,L-Methionine,Isotopologue_C13-5,-3.3510349058783e-4
MCF002044_001,0,L-Phenylalanine,Isotopologue_C13-0,1.042313237358878
MCF002044_002,0,L-Phenylalanine,Isotopologue_C13-0,1.023470508562144
MCF002044_003,0,L-Phenylalanine,Isotopologue_C13-0,1.027106995010238
MCF002044_001,0,L-Phenylalanine,Isotopologue_C13-1,-0.01598227796503489
MCF002044_002,0,L-Phenylalanine,Isotopologue_C13-1,-0.009229312462117814
MCF002044_003,0,L-Phenylalanine,Isotopologue_C13-1,-0.002454833438901128
MCF002044_001,0,L-Phenylalanine,Isotopologue_C13-2,-0.01505872744531685
MCF002044_002,0,L-Phenylalanine,Isotopologue_C13-2,-0.007981789033875903
MCF002044_003,0,L-Phenylalanine,Isotopologue_C13-2,-0.01784982323074685
MCF002044_001,0,L-Phenylalanine,Isotopologue_C13-3,-0.01360420652384569
MCF002044_002,0,L-Phenylalanine,Isotopologue_C13-3,-0.005706400306356121
MCF002044_003,0,L-Phenylalanine,Isotopologue_C13-3,-0.007589303286971267
MCF002044_001,0,L-Phenylalanine,Isotopologue_C13-4,0.00167648612910929
MCF002044_002,0,L-Phenylalanine,Isotopologue_C13-4,-8.741206714072724e-4
MCF002044_003,0,L-Phenylalanine,Isotopologue_C13-4,3.834672318612426e-4
MCF002044_001,0,L-Phenylalanine,Isotopologue_C13-5,7.379146668121351e-4
MCF002044_002,0,L-Phenylalanine,Isotopologue_C13-5,3.50388529330911e-4
MCF002044_003,0,L-Phenylalanine,Isotopologue_C13-5,4.500293039472498e-4
MCF002044_001,0,L-Phenylalanine,Isotopologue_C13-6,-8.659382699793942e-5
MCF002044_002,0,L-Phenylalanine,Isotopologue_C13-6,-3.059444624088225e-5
MCF002044_003,0,L-Phenylalanine,Isotopologue_C13-6,-4.882351371514472e-5
MCF002044_001,0,L-Phenylalanine,Isotopologue_C13-7,4.289718755707587e-6
MCF002044_002,0,L-Phenylalanine,Isotopologue_C13-7,1.356219223237133e-6
MCF002044_003,0,L-Phenylalanine,Isotopologue_C13-7,2.358211461785637e-6
MCF002044_001,0,L-Phenylalanine,Isotopologue_C13-8,-1.244707529224347e-7
MCF002044_002,0,L-Phenylalanine,Isotopologue_C13-8,-3.706705395690317e-8
MCF002044_003,0,L-Phenylalanine,Isotopologue_C13-8,-6.755730635103843e-8
MCF002044_001,0,L-Phenylalanine,Isotopologue_C13-9,2.358392804218353e-9
MCF002044_002,0,L-Phenylalanine,Isotopologue_C13-9,6.763533311458691e-10
MCF002044_003,0,L-Phenylalanine,Isotopologue_C13-9,1.270132292156223e-9
MCF002044_001,0,L-Proline,Isotopologue_C13-0,1.049016702719383
MCF002044_002,0,L-Proline,Isotopologue_C13-0,1.026707743722149
MCF002044_003,0,L-Proline,Isotopologue_C13-0,1.036421525859148
MCF002044_001,0,L-Proline,Isotopologue_C13-1,-0.0158354576231126
MCF002044_002,0,L-Proline,Isotopologue_C13-1,-0.002133247849929198
MCF002044_003,0,L-Proline,Isotopologue_C13-1,-0.006583584057607145
MCF002044_001,0,L-Proline,Isotopologue_C13-2,-0.0254351410974419
MCF002044_002,0,L-Proline,Isotopologue_C13-2,-0.01256940512739392
MCF002044_003,0,L-Proline,Isotopologue_C13-2,-0.02001447012943481
MCF002044_001,0,L-Proline,Isotopologue_C13-3,-0.008021274179731128
MCF002044_002,0,L-Proline,Isotopologue_C13-3,-0.01152944859615394
MCF002044_003,0,L-Proline,Isotopologue_C13-3,-0.009768943999825752
MCF002044_001,0,L-Proline,Isotopologue_C13-4,4.289279116271414e-4
MCF002044_002,0,L-Proline,Isotopologue_C13-4,-3.770890651762798e-4
MCF002044_003,0,L-Proline,Isotopologue_C13-4,7.859171075143256e-5
MCF002044_001,0,L-Proline,Isotopologue_C13-5,-1.537577307242915e-4
MCF002044_002,0,L-Proline,Isotopologue_C13-5,-9.855308349578004e-5
MCF002044_003,0,L-Proline,Isotopologue_C13-5,-1.33119383032134e-4
MCF002044_001,0,L-Serine,Isotopologue_C13-0,0
MCF002044_002,0,L-Serine,Isotopologue_C13-0,0
MCF002044_003,0,L-Serine,Isotopologue_C13-0,0
MCF002044_001,0,L-Serine,Isotopologue_C13-1,0
MCF002044_002,0,L-Serine,Isotopologue_C13-1,0
MCF002044_003,0,L-Serine,Isotopologue_C13-1,0
MCF002044_001,0,L-Serine,Isotopologue_C13-2,0
MCF002044_002,0,L-Serine,Isotopologue_C13-2,0
MCF002044_003,0,L-Serine,Isotopologue_C13-2,0
MCF002044_001,0,L-Serine,Isotopologue_C13-3,0
MCF002044_002,0,L-Serine,Isotopologue_C13-3,0
MCF002044_003,0,L-Serine,Isotopologue_C13-3,0
MCF002044_001,0,L-Threonine,Isotopologue_C13-0,1.006996399556623
MCF002044_002,0,L-Threonine,Isotopologue_C13-0,1.021047798312359
MCF002044_003,0,L-Threonine,Isotopologue_C13-0,1.012929164403229
MCF002044_001,0,L-Threonine,Isotopologue_C13-1,-0.01581254827248229
MCF002044_002,0,L-Threonine,Isotopologue_C13-1,-0.01176124093483921
MCF002044_003,0,L-Threonine,Isotopologue_C13-1,-0.02026188634109205
MCF002044_001,0,L-Threonine,Isotopologue_C13-2,-0.01751668153458247
MCF002044_002,0,L-Threonine,Isotopologue_C13-2,-0.01554348128656791
MCF002044_003,0,L-Threonine,Isotopologue_C13-2,-0.01424674754857018
MCF002044_001,0,L-Threonine,Isotopologue_C13-3,0.02956009340755417
MCF002044_002,0,L-Threonine,Isotopologue_C13-3,0.008035522500655196
MCF002044_003,0,L-Threonine,Isotopologue_C13-3,0.02462613829726574
MCF002044_001,0,L-Threonine,Isotopologue_C13-4,-0.00322726315711281
MCF002044_002,0,L-Threonine,Isotopologue_C13-4,-0.001778598591607054
MCF002044_003,0,L-Threonine,Isotopologue_C13-4,-0.003046668810832514
MCF002044_001,0,L-Tryptophan,Isotopologue_C13-0,1.130573918589638
MCF002044_002,0,L-Tryptophan,Isotopologue_C13-0,1.145432126009818
MCF002044_003,0,L-Tryptophan,Isotopologue_C13-0,1.195993661989007
MCF002044_001,0,L-Tryptophan,Isotopologue_C13-1,-0.03040050196656734
MCF002044_002,0,L-Tryptophan,Isotopologue_C13-1,-0.04948237857996281
MCF002044_003,0,L-Tryptophan,Isotopologue_C13-1,-0.1144167925139246
MCF002044_001,0,L-Tryptophan,Isotopologue_C13-2,-0.1167811196082405
MCF002044_002,0,L-Tryptophan,Isotopologue_C13-2,-0.1130035772614883
MCF002044_003,0,L-Tryptophan,Isotopologue_C13-2,-0.1001488406249
MCF002044_001,0,L-Tryptophan,Isotopologue_C13-3,0.01120694446415817
MCF002044_002,0,L-Tryptophan,Isotopologue_C13-3,0.01192286870083921
MCF002044_003,0,L-Tryptophan,Isotopologue_C13-3,0.01435911339898215
MCF002044_001,0,L-Tryptophan,Isotopologue_C13-4,0.005696317722032932
MCF002044_002,0,L-Tryptophan,Isotopologue_C13-4,0.005447235542366257
MCF002044_003,0,L-Tryptophan,Isotopologue_C13-4,0.004599624707974054
MCF002044_001,0,L-Tryptophan,Isotopologue_C13-5,-2.789886026897037e-4
MCF002044_002,0,L-Tryptophan,Isotopologue_C13-5,-3.045739325293134e-4
MCF002044_003,0,L-Tryptophan,Isotopologue_C13-5,-3.916391846584406e-4
MCF002044_001,0,L-Tryptophan,Isotopologue_C13-6,-1.868804664947824e-5
MCF002044_002,0,L-Tryptophan,Isotopologue_C13-6,-1.348827924165545e-5
MCF002044_003,0,L-Tryptophan,Isotopologue_C13-6,4.206198930520795e-6
MCF002044_001,0,L-Tryptophan,Isotopologue_C13-7,2.214523304836441e-6
MCF002044_002,0,L-Tryptophan,Isotopologue_C13-7,1.872312446712802e-6
MCF002044_003,0,L-Tryptophan,Isotopologue_C13-7,7.077906355562824e-7
MCF002044_001,0,L-Tryptophan,Isotopologue_C13-8,-9.974214872775975e-8
MCF002044_002,0,L-Tryptophan,Isotopologue_C13-8,-8.686426958793884e-8
MCF002044_003,0,L-Tryptophan,Isotopologue_C13-8,-4.304166494591788e-8
MCF002044_001,0,L-Tryptophan,Isotopologue_C13-9,2.716833489244998e-9
MCF002044_002,0,L-Tryptophan,Isotopologue_C13-9,2.396136348162008e-9
MCF002044_003,0,L-Tryptophan,Isotopologue_C13-9,1.304824349430064e-9
MCF002044_001,0,L-Tryptophan,Isotopologue_C13-10,-5.033562668918825e-11
MCF002044_002,0,L-Tryptophan,Isotopologue_C13-10,-4.470714315866792e-11
MCF002044_003,0,L-Tryptophan,Isotopologue_C13-10,-2.555377125526071e-11
MCF002044_001,0,L-Tryptophan,Isotopologue_C13-11,6.640853859169934e-13
MCF002044_002,0,L-Tryptophan,Isotopologue_C13-11,5.924778544522178e-13
MCF002044_003,0,L-Tryptophan,Isotopologue_C13-11,3.488019737655802e-13
MCF002044_001,0,L-Tyrosine,Isotopologue_C13-0,0.7799539310824992
MCF002044_002,0,L-Tyrosine,Isotopologue_C13-0,0.5389364031935331
MCF002044_003,0,L-Tyrosine,Isotopologue_C13-0,0.8772254292711121
MCF002044_001,0,L-Tyrosine,Isotopologue_C13-1,0.5079477846468545
MCF002044_002,0,L-Tyrosine,Isotopologue_C13-1,0.6802748358727404
MCF002044_003,0,L-Tyrosine,Isotopologue_C13-1,0.2504783043619087
MCF002044_001,0,L-Tyrosine,Isotopologue_C13-2,-0.3020126226944919
MCF002044_002,0,L-Tyrosine,Isotopologue_C13-2,-0.1685098070660654
MCF002044_003,0,L-Tyrosine,Isotopologue_C13-2,-0.1008356161468148
MCF002044_001,0,L-Tyrosine,Isotopologue_C13-3,-0.01198365183252951
MCF002044_002,0,L-Tyrosine,Isotopologue_C13-3,-0.0738407986334184
MCF002044_003,0,L-Tyrosine,Isotopologue_C13-3,-0.04043905094923225
MCF002044_001,0,L-Tyrosine,Isotopologue_C13-4,0.02496106746315713
MCF002044_002,0,L-Tyrosine,Isotopologue_C13-4,0.01975237654779605
MCF002044_003,0,L-Tyrosine,Isotopologue_C13-4,0.01140774881928626
MCF002044_001,0,L-Tyrosine,Isotopologue_C13-5,0.00104866736694151
MCF002044_002,0,L-Tyrosine,Isotopologue_C13-5,0.004105899447607407
MCF002044_003,0,L-Tyrosine,Isotopologue_C13-5,0.002560389232602549
MCF002044_001,0,L-Tyrosine,Isotopologue_C13-6,1.182230912656052e-4
MCF002044_002,0,L-Tyrosine,Isotopologue_C13-6,-7.717318322695961e-4
MCF002044_003,0,L-Tyrosine,Isotopologue_C13-6,-4.233548158706617e-4
MCF002044_001,0,L-Tyrosine,Isotopologue_C13-7,-3.594482069713789e-5
MCF002044_002,0,L-Tyrosine,Isotopologue_C13-7,5.507249848114671e-5
MCF002044_003,0,L-Tyrosine,Isotopologue_C13-7,2.714936229792483e-5
MCF002044_001,0,L-Tyrosine,Isotopologue_C13-8,2.651330700597255e-6
MCF002044_002,0,L-Tyrosine,Isotopologue_C13-8,-2.315399755164295e-6
MCF002044_003,0,L-Tyrosine,Isotopologue_C13-8,-1.02502831093959e-6
MCF002044_001,0,L-Tyrosine,Isotopologue_C13-9,-1.056336999951595e-7
MCF002044_002,0,L-Tyrosine,Isotopologue_C13-9,6.537135028269679e-8
MCF002044_003,0,L-Tyrosine,Isotopologue_C13-9,2.589302110627986e-8
MCF002044_001,0,L-Valine,Isotopologue_C13-0,0.9819293376527296
MCF002044_002,0,L-Valine,Isotopologue_C13-0,0.9847886849810099
MCF002044_003,0,L-Valine,Isotopologue_C13-0,0.9865893242124737
MCF002044_001,0,L-Valine,Isotopologue_C13-1,-0.003968175621322471
MCF002044_002,0,L-Valine,Isotopologue_C13-1,-0.007804402917283305
MCF002044_003,0,L-Valine,Isotopologue_C13-1,-5.431665331536909e-4
MCF002044_001,0,L-Valine,Isotopologue_C13-2,-0.01772186522725244
MCF002044_002,0,L-Valine,Isotopologue_C13-2,-0.01030107772745513
MCF002044_003,0,L-Valine,Isotopologue_C13-2,-0.01433223529684383
MCF002044_001,0,L-Valine,Isotopologue_C13-3,0.03791653783911723
MCF002044_002,0,L-Valine,Isotopologue_C13-3,0.02232671142268035
MCF002044_003,0,L-Valine,Isotopologue_C13-3,0.02497611679929929
MCF002044_001,0,L-Valine,Isotopologue_C13-4,-0.004549085202588912
MCF002044_002,0,L-Valine,Isotopologue_C13-4,-0.00414249612862698
MCF002044_003,0,L-Valine,Isotopologue_C13-4,-0.0037532818299389
MCF002044_001,0,L-Valine,Isotopologue_C13-5,0.006393250559316956
MCF002044_002,0,L-Valine,Isotopologue_C13-5,0.01513258036967509
MCF002044_003,0,L-Valine,Isotopologue_C13-5,0.007063242648163377
MCF002044_001,0,Myristic acid,Isotopologue_C13-0,1.069747853657488
MCF002044_002,0,Myristic acid,Isotopologue_C13-0,1.067007371829288
MCF002044_003,0,Myristic acid,Isotopologue_C13-0,1.062490125834679
MCF002044_001,0,Myristic acid,Isotopologue_C13-1,-0.01085487865210901
MCF002044_002,0,Myristic acid,Isotopologue_C13-1,-0.007489859025021142
MCF002044_003,0,Myristic acid,Isotopologue_C13-1,-0.00957799549126402
MCF002044_001,0,Myristic acid,Isotopologue_C13-2,-0.06570483983068248
MCF002044_002,0,Myristic acid,Isotopologue_C13-2,-0.06629675045653087
MCF002044_003,0,Myristic acid,Isotopologue_C13-2,-0.0579981800775495
MCF002044_001,0,Myristic acid,Isotopologue_C13-3,0.005017390722973808
MCF002044_002,0,Myristic acid,Isotopologue_C13-3,0.004964251498832698
MCF002044_003,0,Myristic acid,Isotopologue_C13-3,0.003370557410263146
MCF002044_001,0,Myristic acid,Isotopologue_C13-4,0.001948163062018608
MCF002044_002,0,Myristic acid,Isotopologue_C13-4,0.001967802837977836
MCF002044_003,0,Myristic acid,Isotopologue_C13-4,0.00182997179361437
MCF002044_001,0,Myristic acid,Isotopologue_C13-5,-1.552645444781463e-4
MCF002044_002,0,Myristic acid,Isotopologue_C13-5,-1.541171469246858e-4
MCF002044_003,0,Myristic acid,Isotopologue_C13-5,-1.123665836749721e-4
MCF002044_001,0,Myristic acid,Isotopologue_C13-6,1.292374927582542e-6
MCF002044_002,0,Myristic acid,Isotopologue_C13-6,9.979879027389354e-7
MCF002044_003,0,Myristic acid,Isotopologue_C13-6,-2.58166940519043e-6
MCF002044_001,0,Myristic acid,Isotopologue_C13-7,3.002940685679069e-7
MCF002044_002,0,Myristic acid,Isotopologue_C13-7,3.203015453295944e-7
MCF002044_003,0,Myristic acid,Isotopologue_C13-7,4.918865522646473e-7
MCF002044_001,0,Myristic acid,Isotopologue_C13-8,-1.760060773458743e-8
MCF002044_002,0,Myristic acid,Isotopologue_C13-8,-1.836221020712887e-8
MCF002044_003,0,Myristic acid,Isotopologue_C13-8,-2.375571310087582e-8
MCF002044_001,0,Myristic acid,Isotopologue_C13-9,5.264967006776977e-10
MCF002044_002,0,Myristic acid,Isotopologue_C13-9,5.455679261575279e-10
MCF002044_003,0,Myristic acid,Isotopologue_C13-9,6.64824580461236e-10
MCF002044_001,0,Myristic acid,Isotopologue_C13-10,-1.023380482601548e-11
MCF002044_002,0,Myristic acid,Isotopologue_C13-10,-1.056956389669211e-11
MCF002044_003,0,Myristic acid,Isotopologue_C13-10,-1.249156674309678e-11
MCF002044_001,0,Myristic acid,Isotopologue_C13-11,1.391570301873028e-13
MCF002044_002,0,Myristic acid,Isotopologue_C13-11,1.434417618642638e-13
MCF002044_003,0,Myristic acid,Isotopologue_C13-11,1.663941129742392e-13
MCF002044_001,0,Myristic acid,Isotopologue_C13-12,-1.359075908570251e-15
MCF002044_002,0,Myristic acid,Isotopologue_C13-12,-1.399109202561391e-15
MCF002044_003,0,Myristic acid,Isotopologue_C13-12,-1.602727082924742e-15
MCF002044_001,0,Myristic acid,Isotopologue_C13-13,9.54619003504607e-18
MCF002044_002,0,Myristic acid,Isotopologue_C13-13,9.818333070113184e-18
MCF002044_003,0,Myristic acid,Isotopologue_C13-13,1.114601629840848e-17
MCF002044_001,0,Myristic acid,Isotopologue_C13-14,-4.723097855228702e-20
MCF002044_002,0,Myristic acid,Isotopologue_C13-14,-4.854397878093716e-20
MCF002044_003,0,Myristic acid,Isotopologue_C13-14,-5.473388842563435e-20
MCF002044_001,0,Palmitic acid,Isotopologue_C13-0,1.041390655032513
MCF002044_002,0,Palmitic acid,Isotopologue_C13-0,1.036077048946822
MCF002044_003,0,Palmitic acid,Isotopologue_C13-0,1.032894795619408
MCF002044_001,0,Palmitic acid,Isotopologue_C13-1,-8.237413398581618e-5
MCF002044_002,0,Palmitic acid,Isotopologue_C13-1,-0.00113968198684718
MCF002044_003,0,Palmitic acid,Isotopologue_C13-1,-4.357052778653152e-5
MCF002044_001,0,Palmitic acid,Isotopologue_C13-2,-0.04205417434800575
MCF002044_002,0,Palmitic acid,Isotopologue_C13-2,-0.03382790839174624
MCF002044_003,0,Palmitic acid,Isotopologue_C13-2,-0.03103926044974816
MCF002044_001,0,Palmitic acid,Isotopologue_C13-3,-9.494759916653225e-4
MCF002044_002,0,Palmitic acid,Isotopologue_C13-3,-0.002748057803949786
MCF002044_003,0,Palmitic acid,Isotopologue_C13-3,-0.00343851762700816
MCF002044_001,0,Palmitic acid,Isotopologue_C13-4,0.001726049750057249
MCF002044_002,0,Palmitic acid,Isotopologue_C13-4,0.001628551772510652
MCF002044_003,0,Palmitic acid,Isotopologue_C13-4,0.001601076674436098
MCF002044_001,0,Palmitic acid,Isotopologue_C13-5,-1.535348557699715e-5
MCF002044_002,0,Palmitic acid,Isotopologue_C13-5,2.974227626158324e-5
MCF002044_003,0,Palmitic acid,Isotopologue_C13-5,4.693295037544096e-5
MCF002044_001,0,Palmitic acid,Isotopologue_C13-6,-1.68520464770672e-5
MCF002044_002,0,Palmitic acid,Isotopologue_C13-6,-2.147353765556267e-5
MCF002044_003,0,Palmitic acid,Isotopologue_C13-6,-2.334126798512083e-5
MCF002044_001,0,Palmitic acid,Isotopologue_C13-7,1.600525214807929e-6
MCF002044_002,0,Palmitic acid,Isotopologue_C13-7,1.863698950810134e-6
MCF002044_003,0,Palmitic acid,Isotopologue_C13-7,1.973741614498144e-6
MCF002044_001,0,Palmitic acid,Isotopologue_C13-8,-7.770253106357915e-8
MCF002044_002,0,Palmitic acid,Isotopologue_C13-8,-8.763785138808638e-8
MCF002044_003,0,Palmitic acid,Isotopologue_C13-8,-9.18913981867855e-8
MCF002044_001,0,Palmitic acid,Isotopologue_C13-9,2.45463022394422e-9
MCF002044_002,0,Palmitic acid,Isotopologue_C13-9,2.722998654970853e-9
MCF002044_003,0,Palmitic acid,Isotopologue_C13-9,2.839935019865774e-9
MCF002044_001,0,Palmitic acid,Isotopologue_C13-10,-5.507787910263135e-11
MCF002044_002,0,Palmitic acid,Isotopologue_C13-10,-6.047940651632143e-11
MCF002044_003,0,Palmitic acid,Isotopologue_C13-10,-6.286555471481418e-11
MCF002044_001,0,Palmitic acid,Isotopologue_C13-11,9.156211769918299e-13
MCF002044_002,0,Palmitic acid,Isotopologue_C13-11,9.984712083414575e-13
MCF002044_003,0,Palmitic acid,Isotopologue_C13-11,1.03547664119543e-12
MCF002044_001,0,Palmitic acid,Isotopologue_C13-12,-1.151488207557893e-14
MCF002044_002,0,Palmitic acid,Isotopologue_C13-12,-1.249388861796535e-14
MCF002044_003,0,Palmitic acid,Isotopologue_C13-12,-1.29351533200485e-14
MCF002044_001,0,Palmitic acid,Isotopologue_C13-13,1.103731503516266e-16
MCF002044_002,0,Palmitic acid,Isotopologue_C13-13,1.193017644609466e-16
MCF002044_003,0,Palmitic acid,Isotopologue_C13-13,1.233568320567403e-16
MCF002044_001,0,Palmitic acid,Isotopologue_C13-14,-8.036303537362848e-19
MCF002044_002,0,Palmitic acid,Isotopologue_C13-14,-8.660462597930467e-19
MCF002044_003,0,Palmitic acid,Isotopologue_C13-14,-8.945771341341683e-19
MCF002044_001,0,Palmitic acid,Isotopologue_C13-15,4.379145068725954e-21
MCF002044_002,0,Palmitic acid,Isotopologue_C13-15,4.707902305047901e-21
MCF002044_003,0,Palmitic acid,Isotopologue_C13-15,4.8590182713122e-21
MCF002044_001,0,Palmitic acid,Isotopologue_C13-16,-1.732001809280071e-23
MCF002044_002,0,Palmitic acid,Isotopologue_C13-16,-1.858339854702584e-23
MCF002044_003,0,Palmitic acid,Isotopologue_C13-16,-1.916693727424177e-23
MCF002044_001,0,Stearic acid,Isotopologue_C13-0,1.012652851263893
MCF002044_002,0,Stearic acid,Isotopologue_C13-0,1.010291876404831
MCF002044_003,0,Stearic acid,Isotopologue_C13-0,1.00919736927428
MCF002044_001,0,Stearic acid,Isotopologue_C13-1,-0.00259267481686836
MCF002044_002,0,Stearic acid,Isotopologue_C13-1,-0.002037032110988384
MCF002044_003,0,Stearic acid,Isotopologue_C13-1,-0.00170580343820051
MCF002044_001,0,Stearic acid,Isotopologue_C13-2,-0.00987555803308763
MCF002044_002,0,Stearic acid,Isotopologue_C13-2,-0.008864546840964393
MCF002044_003,0,Stearic acid,Isotopologue_C13-2,-0.008733952248922115
MCF002044_001,0,Stearic acid,Isotopologue_C13-3,4.528728197034628e-4
MCF002044_002,0,Stearic acid,Isotopologue_C13-3,0.001596584501505101
MCF002044_003,0,Stearic acid,Isotopologue_C13-3,0.002450769464874259
MCF002044_001,0,Stearic acid,Isotopologue_C13-4,-7.351597139680524e-4
MCF002044_002,0,Stearic acid,Isotopologue_C13-4,-0.001086402380622861
MCF002044_003,0,Stearic acid,Isotopologue_C13-4,-0.001306402700853609
MCF002044_001,0,Stearic acid,Isotopologue_C13-5,1.037694559544141e-4
MCF002044_002,0,Stearic acid,Isotopologue_C13-5,1.013110372494064e-4
MCF002044_003,0,Stearic acid,Isotopologue_C13-5,9.67270345379854e-5
MCF002044_001,0,Stearic acid,Isotopologue_C13-6,-6.291963493711717e-6
MCF002044_002,0,Stearic acid,Isotopologue_C13-6,-1.52038973882907e-6
MCF002044_003,0,Stearic acid,Isotopologue_C13-6,1.879284026525355e-6
MCF002044_001,0,Stearic acid,Isotopologue_C13-7,1.927590690627079e-7
MCF002044_002,0,Stearic acid,Isotopologue_C13-7,-2.943208510078714e-7
MCF002044_003,0,Stearic acid,Isotopologue_C13-7,-6.282554709167258e-7
MCF002044_001,0,Stearic acid,Isotopologue_C13-8,-1.664657791178211e-9
MCF002044_002,0,Stearic acid,Isotopologue_C13-8,2.516676162916651e-8
MCF002044_003,0,Stearic acid,Isotopologue_C13-8,4.329708281572352e-8
MCF002044_001,0,Stearic acid,Isotopologue_C13-9,-1.122653050648096e-10
MCF002044_002,0,Stearic acid,Isotopologue_C13-9,-1.098678735689994e-9
MCF002044_003,0,Stearic acid,Isotopologue_C13-9,-1.76005140478409e-9
MCF002044_001,0,Stearic acid,Isotopologue_C13-10,5.876434877590729e-12
MCF002044_002,0,Stearic acid,Isotopologue_C13-10,3.217526681720364e-11
MCF002044_003,0,Stearic acid,Isotopologue_C13-10,4.972232228496048e-11
MCF002044_001,0,Stearic acid,Isotopologue_C13-11,-1.585186737746328e-13
MCF002044_002,0,Stearic acid,Isotopologue_C13-11,-6.89183498808043e-13
MCF002044_003,0,Stearic acid,Isotopologue_C13-11,-1.042064419156999e-12
MCF002044_001,0,Stearic acid,Isotopologue_C13-12,2.935855178302764e-15
MCF002044_002,0,Stearic acid,Isotopologue_C13-12,1.12353055356887e-14
MCF002044_003,0,Stearic acid,Isotopologue_C13-12,1.674070133345592e-14
MCF002044_001,0,Stearic acid,Isotopologue_C13-13,-4.032242257622092e-17
MCF002044_002,0,Stearic acid,Isotopologue_C13-13,-1.422009590622988e-16
MCF002044_003,0,Stearic acid,Isotopologue_C13-13,-2.09654540987061e-16
MCF002044_001,0,Stearic acid,Isotopologue_C13-14,4.229710168567638e-19
MCF002044_002,0,Stearic acid,Isotopologue_C13-14,1.40891226790115e-18
MCF002044_003,0,Stearic acid,Isotopologue_C13-14,2.06073314226116e-18
MCF002044_001,0,Stearic acid,Isotopologue_C13-15,-3.420497905811917e-21
MCF002044_002,0,Stearic acid,Isotopologue_C13-15,-1.092293048236905e-20
MCF002044_003,0,Stearic acid,Isotopologue_C13-15,-1.587693975719188e-20
MCF002044_001,0,Stearic acid,Isotopologue_C13-16,2.124841075702044e-23
MCF002044_002,0,Stearic acid,Isotopologue_C13-16,6.568404704265414e-23
MCF002044_003,0,Stearic acid,Isotopologue_C13-16,9.499663609464845e-23
MCF002044_001,0,Stearic acid,Isotopologue_C13-17,-9.98190353272325e-26
MCF002044_002,0,Stearic acid,Isotopologue_C13-17,-3.006967609944299e-25
MCF002044_003,0,Stearic acid,Isotopologue_C13-17,-4.330978228785947e-25
MCF002044_001,0,Stearic acid,Isotopologue_C13-18,3.435708890559971e-28
MCF002044_002,0,Stearic acid,Isotopologue_C13-18,1.013446783753532e-27
MCF002044_003,0,Stearic acid,Isotopologue_C13-18,1.454656057739676e-27
MCF002044_001,0,Fructose,Isotopologue_C13-0,0.7482313784288074
MCF002044_002,0,Fructose,Isotopologue_C13-0,0.7411952233341095
MCF002044_003,0,Fructose,Isotopologue_C13-0,0.7347194315430041
MCF002044_001,0,Fructose,Isotopologue_C13-1,-0.003577243314596833
MCF002044_002,0,Fructose,Isotopologue_C13-1,1.027251213075664e-4
MCF002044_003,0,Fructose,Isotopologue_C13-1,-0.003313779448025182
MCF002044_001,0,Fructose,Isotopologue_C13-2,-0.005855152144087416
MCF002044_002,0,Fructose,Isotopologue_C13-2,-0.00642475049657902
MCF002044_003,0,Fructose,Isotopologue_C13-2,-0.006296985630345995
MCF002044_001,0,Fructose,Isotopologue_C13-3,8.504638332617869e-4
MCF002044_002,0,Fructose,Isotopologue_C13-3,1.966636358322489e-4
MCF002044_003,0,Fructose,Isotopologue_C13-3,0.002269512691428701
MCF002044_001,0,Fructose,Isotopologue_C13-4,-0.004158368967732768
MCF002044_002,0,Fructose,Isotopologue_C13-4,-3.713698021610729e-4
MCF002044_003,0,Fructose,Isotopologue_C13-4,-6.942300785775055e-4
MCF002044_001,0,Fructose,Isotopologue_C13-5,-0.004470937322356978
MCF002044_002,0,Fructose,Isotopologue_C13-5,-0.006885293219795657
MCF002044_003,0,Fructose,Isotopologue_C13-5,-0.007442742946177201
MCF002044_001,0,Fructose,Isotopologue_C13-6,0.2689798594867048
MCF002044_002,0,Fructose,Isotopologue_C13-6,0.2721868014272866
MCF002044_003,0,Fructose,Isotopologue_C13-6,0.280758793868693
MCF002044_001,0,Glucose,Isotopologue_C13-0,0.008904888152653848
MCF002044_002,0,Glucose,Isotopologue_C13-0,0.007807134925778775
MCF002044_003,0,Glucose,Isotopologue_C13-0,0.007666755780721356
MCF002044_001,0,Glucose,Isotopologue_C13-1,7.174419597524028e-5
MCF002044_002,0,Glucose,Isotopologue_C13-1,1.885672801540482e-5
MCF002044_003,0,Glucose,Isotopologue_C13-1,1.137717989593648e-4
MCF002044_001,0,Glucose,Isotopologue_C13-2,-5.636642938227586e-5
MCF002044_002,0,Glucose,Isotopologue_C13-2,-4.671390352438306e-5
MCF002044_003,0,Glucose,Isotopologue_C13-2,-1.567113510087316e-4
MCF002044_001,0,Glucose,Isotopologue_C13-3,-9.123982725888318e-5
MCF002044_002,0,Glucose,Isotopologue_C13-3,-1.371482601024372e-4
MCF002044_003,0,Glucose,Isotopologue_C13-3,-8.892049592759585e-5
MCF002044_001,0,Glucose,Isotopologue_C13-4,4.51004336931559e-4
MCF002044_002,0,Glucose,Isotopologue_C13-4,6.04741466179052e-4
MCF002044_003,0,Glucose,Isotopologue_C13-4,4.399361308977607e-4
MCF002044_001,0,Glucose,Isotopologue_C13-5,-0.01700599301222334
MCF002044_002,0,Glucose,Isotopologue_C13-5,-0.017007752803605
MCF002044_003,0,Glucose,Isotopologue_C13-5,-0.01630177726132065
MCF002044_001,0,Glucose,Isotopologue_C13-6,1.007725962583304
MCF002044_002,0,Glucose,Isotopologue_C13-6,1.008760881847259
MCF002044_003,0,Glucose,Isotopologue_C13-6,1.008326945397679
MCF002044_001,0,Pentose-phosphate,Isotopologue_C13-0,1.06070164519695
MCF002044_002,0,Pentose-phosphate,Isotopologue_C13-0,1.047498539041076
MCF002044_003,0,Pentose-phosphate,Isotopologue_C13-0,1.04847794795045
MCF002044_001,0,Pentose-phosphate,Isotopologue_C13-1,-0.0197537643159337
MCF002044_002,0,Pentose-phosphate,Isotopologue_C13-1,-0.02084327927261414
MCF002044_003,0,Pentose-phosphate,Isotopologue_C13-1,-0.01775812894361763
MCF002044_001,0,Pentose-phosphate,Isotopologue_C13-2,-0.003792273526240822
MCF002044_002,0,Pentose-phosphate,Isotopologue_C13-2,-0.00467837304836248
MCF002044_003,0,Pentose-phosphate,Isotopologue_C13-2,-0.006630681131973284
MCF002044_001,0,Pentose-phosphate,Isotopologue_C13-3,-0.03256331810308842
MCF002044_002,0,Pentose-phosphate,Isotopologue_C13-3,-0.007651448928255007
MCF002044_003,0,Pentose-phosphate,Isotopologue_C13-3,-0.007988331022765619
MCF002044_001,0,Pentose-phosphate,Isotopologue_C13-4,-0.004473677714349766
MCF002044_002,0,Pentose-phosphate,Isotopologue_C13-4,-0.01102068014447672
MCF002044_003,0,Pentose-phosphate,Isotopologue_C13-4,-0.01334672939673098
MCF002044_001,0,Pentose-phosphate,Isotopologue_C13-5,-1.186115373377592e-4
MCF002044_002,0,Pentose-phosphate,Isotopologue_C13-5,-0.00330475764736815
MCF002044_003,0,Pentose-phosphate,Isotopologue_C13-5,-0.002754077455362802
MCF002044_001,0,Myo-inositol,Isotopologue_C13-0,1.010991463887298
MCF002044_002,0,Myo-inositol,Isotopologue_C13-0,1.011276025520593
MCF002044_003,0,Myo-inositol,Isotopologue_C13-0,1.011746522035832
MCF002044_001,0,Myo-inositol,Isotopologue_C13-1,-0.00878185894129914
MCF002044_002,0,Myo-inositol,Isotopologue_C13-1,-0.006935936738332199
MCF002044_003,0,Myo-inositol,Isotopologue_C13-1,-0.0090453635523591
MCF002044_001,0,Myo-inositol,Isotopologue_C13-2,-0.005043682505268595
MCF002044_002,0,Myo-inositol,Isotopologue_C13-2,-0.009294864148430532
MCF002044_003,0,Myo-inositol,Isotopologue_C13-2,-0.005459907336297091
MCF002044_001,0,Myo-inositol,Isotopologue_C13-3,6.370860563420989e-4
MCF002044_002,0,Myo-inositol,Isotopologue_C13-3,0.001895561752512261
MCF002044_003,0,Myo-inositol,Isotopologue_C13-3,8.819503902083586e-4
MCF002044_001,0,Myo-inositol,Isotopologue_C13-4,2.246809985775493e-4
MCF002044_002,0,Myo-inositol,Isotopologue_C13-4,0.001165585368739244
MCF002044_003,0,Myo-inositol,Isotopologue_C13-4,-3.069956252677378e-4
MCF002044_001,0,Myo-inositol,Isotopologue_C13-5,2.199943485463114e-4
MCF002044_002,0,Myo-inositol,Isotopologue_C13-5,3.321253610426756e-4
MCF002044_003,0,Myo-inositol,Isotopologue_C13-5,4.347114957527732e-4
MCF002044_001,0,Myo-inositol,Isotopologue_C13-6,0.001752316155804261
MCF002044_002,0,Myo-inositol,Isotopologue_C13-6,0.001561502883875921
MCF002044_003,0,Myo-inositol,Isotopologue_C13-6,0.001749082592130667
MCF002044_001,0,2-DL-Hydroxybutyric acid,Isotopologue_C13-0,1.323005763524617
MCF002044_002,0,2-DL-Hydroxybutyric acid,Isotopologue_C13-0,1.062142775045961
MCF002044_003,0,2-DL-Hydroxybutyric acid,Isotopologue_C13-0,1.102695461540216
MCF002044_001,0,2-DL-Hydroxybutyric acid,Isotopologue_C13-1,-0.2804990238068872
MCF002044_002,0,2-DL-Hydroxybutyric acid,Isotopologue_C13-1,0.03607855364676479
MCF002044_003,0,2-DL-Hydroxybutyric acid,Isotopologue_C13-1,-0.1079576735563797
MCF002044_001,0,2-DL-Hydroxybutyric acid,Isotopologue_C13-2,-0.06577118552849781
MCF002044_002,0,2-DL-Hydroxybutyric acid,Isotopologue_C13-2,-0.1053716537409778
MCF002044_003,0,2-DL-Hydroxybutyric acid,Isotopologue_C13-2,0.0145918642279113
MCF002044_001,0,2-DL-Hydroxybutyric acid,Isotopologue_C13-3,0.02008982201990833
MCF002044_002,0,2-DL-Hydroxybutyric acid,Isotopologue_C13-3,0.002567006867795706
MCF002044_003,0,2-DL-Hydroxybutyric acid,Isotopologue_C13-3,-0.007439948954272304
MCF002044_001,0,2-DL-Hydroxybutyric acid,Isotopologue_C13-4,0.003174623790860192
MCF002044_002,0,2-DL-Hydroxybutyric acid,Isotopologue_C13-4,0.004583318180456555
MCF002044_003,0,2-DL-Hydroxybutyric acid,Isotopologue_C13-4,-0.001889703257474828
MCF002044_001,0,3-DL-Hydroxybutyric acid,Isotopologue_C13-0,1.082292301373772
MCF002044_002,0,3-DL-Hydroxybutyric acid,Isotopologue_C13-0,1.089660777850338
MCF002044_003,0,3-DL-Hydroxybutyric acid,Isotopologue_C13-0,1.087389421414435
MCF002044_001,0,3-DL-Hydroxybutyric acid,Isotopologue_C13-1,0.01162553227758317
MCF002044_002,0,3-DL-Hydroxybutyric acid,Isotopologue_C13-1,0.002683311512270051
MCF002044_003,0,3-DL-Hydroxybutyric acid,Isotopologue_C13-1,0.005439779657503988
MCF002044_001,0,3-DL-Hydroxybutyric acid,Isotopologue_C13-2,-0.1023128423645747
MCF002044_002,0,3-DL-Hydroxybutyric acid,Isotopologue_C13-2,-0.1011942662101483
MCF002044_003,0,3-DL-Hydroxybutyric acid,Isotopologue_C13-2,-0.1015390708865945
MCF002044_001,0,3-DL-Hydroxybutyric acid,Isotopologue_C13-3,0.003920500620604404
MCF002044_002,0,3-DL-Hydroxybutyric acid,Isotopologue_C13-3,0.004415459495393648
MCF002044_003,0,3-DL-Hydroxybutyric acid,Isotopologue_C13-3,0.004262886839521671
MCF002044_001,0,3-DL-Hydroxybutyric acid,Isotopologue_C13-4,0.00447450809261485
MCF002044_002,0,3-DL-Hydroxybutyric acid,Isotopologue_C13-4,0.004434717352146274
MCF002044_003,0,3-DL-Hydroxybutyric acid,Isotopologue_C13-4,0.004446982975133616
MCF002044_001,0,DL-2-Hydroxyglutaric acid,Isotopologue_C13-0,1.023805446950204
MCF002044_002,0,DL-2-Hydroxyglutaric acid,Isotopologue_C13-0,1.021193976821863
MCF002044_003,0,DL-2-Hydroxyglutaric acid,Isotopologue_C13-0,1.029770253181546
MCF002044_001,0,DL-2-Hydroxyglutaric acid,Isotopologue_C13-1,-0.001372168648351419
MCF002044_002,0,DL-2-Hydroxyglutaric acid,Isotopologue_C13-1,-0.002435376504813653
MCF002044_003,0,DL-2-Hydroxyglutaric acid,Isotopologue_C13-1,-0.002942194865456069
MCF002044_001,0,DL-2-Hydroxyglutaric acid,Isotopologue_C13-2,0.001667513515446827
MCF002044_002,0,DL-2-Hydroxyglutaric acid,Isotopologue_C13-2,-0.00521023347156232
MCF002044_003,0,DL-2-Hydroxyglutaric acid,Isotopologue_C13-2,-0.00434245575965792
MCF002044_001,0,DL-2-Hydroxyglutaric acid,Isotopologue_C13-3,-0.02383516878107125
MCF002044_002,0,DL-2-Hydroxyglutaric acid,Isotopologue_C13-3,-0.009394170265128485
MCF002044_003,0,DL-2-Hydroxyglutaric acid,Isotopologue_C13-3,-0.02276760346898313
MCF002044_001,0,DL-2-Hydroxyglutaric acid,Isotopologue_C13-4,-0.001835655316478034
MCF002044_002,0,DL-2-Hydroxyglutaric acid,Isotopologue_C13-4,-0.004670265754230048
MCF002044_003,0,DL-2-Hydroxyglutaric acid,Isotopologue_C13-4,-0.001254308944160729
MCF002044_001,0,DL-2-Hydroxyglutaric acid,Isotopologue_C13-5,0.001570032280250075
MCF002044_002,0,DL-2-Hydroxyglutaric acid,Isotopologue_C13-5,5.160691738712355e-4
MCF002044_003,0,DL-2-Hydroxyglutaric acid,Isotopologue_C13-5,0.001536309856712207
MCF002044_001,0,Oxoadipic acid,Isotopologue_C13-0,0
MCF002044_002,0,Oxoadipic acid,Isotopologue_C13-0,1.379676126781309
MCF002044_003,0,Oxoadipic acid,Isotopologue_C13-0,0
MCF002044_001,0,Oxoadipic acid,Isotopologue_C13-1,0
MCF002044_002,0,Oxoadipic acid,Isotopologue_C13-1,-0.3437488192890492
MCF002044_003,0,Oxoadipic acid,Isotopologue_C13-1,0
MCF002044_001,0,Oxoadipic acid,Isotopologue_C13-2,0
MCF002044_002,0,Oxoadipic acid,Isotopologue_C13-2,-0.06270447908826615
MCF002044_003,0,Oxoadipic acid,Isotopologue_C13-2,0
MCF002044_001,0,Oxoadipic acid,Isotopologue_C13-3,0
MCF002044_002,0,Oxoadipic acid,Isotopologue_C13-3,0.02464184188244749
MCF002044_003,0,Oxoadipic acid,Isotopologue_C13-3,0
MCF002044_001,0,Oxoadipic acid,Isotopologue_C13-4,0
MCF002044_002,0,Oxoadipic acid,Isotopologue_C13-4,0.00192427296568725
MCF002044_003,0,Oxoadipic acid,Isotopologue_C13-4,0
MCF002044_001,0,Oxoadipic acid,Isotopologue_C13-5,0
MCF002044_002,0,Oxoadipic acid,Isotopologue_C13-5,2.435166214007636e-4
MCF002044_003,0,Oxoadipic acid,Isotopologue_C13-5,0
MCF002044_001,0,Oxoadipic acid,Isotopologue_C13-6,0
MCF002044_002,0,Oxoadipic acid,Isotopologue_C13-6,-3.245987352958458e-5
MCF002044_003,0,Oxoadipic acid,Isotopologue_C13-6,0
MCF002044_001,0,(S)-a-Acetolactic Acid,Isotopologue_C13-0,0
MCF002044_002,0,(S)-a-Acetolactic Acid,Isotopologue_C13-0,0
MCF002044_003,0,(S)-a-Acetolactic Acid,Isotopologue_C13-0,0
MCF002044_001,0,(S)-a-Acetolactic Acid,Isotopologue_C13-1,0
MCF002044_002,0,(S)-a-Acetolactic Acid,Isotopologue_C13-1,0
MCF002044_003,0,(S)-a-Acetolactic Acid,Isotopologue_C13-1,0
MCF002044_001,0,(S)-a-Acetolactic Acid,Isotopologue_C13-2,0
MCF002044_002,0,(S)-a-Acetolactic Acid,Isotopologue_C13-2,0
MCF002044_003,0,(S)-a-Acetolactic Acid,Isotopologue_C13-2,0
MCF002044_001,0,(S)-a-Acetolactic Acid,Isotopologue_C13-3,0
MCF002044_002,0,(S)-a-Acetolactic Acid,Isotopologue_C13-3,0
MCF002044_003,0,(S)-a-Acetolactic Acid,Isotopologue_C13-3,0
MCF002044_001,0,(S)-a-Acetolactic Acid,Isotopologue_C13-4,0
MCF002044_002,0,(S)-a-Acetolactic Acid,Isotopologue_C13-4,0
MCF002044_003,0,(S)-a-Acetolactic Acid,Isotopologue_C13-4,0
MCF002044_001,0,(S)-a-Acetolactic Acid,Isotopologue_C13-5,0
MCF002044_002,0,(S)-a-Acetolactic Acid,Isotopologue_C13-5,0
MCF002044_003,0,(S)-a-Acetolactic Acid,Isotopologue_C13-5,0
MCF002044_001,0,"2,3-dihydroxyisovalerate",Isotopologue_C13-0,0
MCF002044_002,0,"2,3-dihydroxyisovalerate",Isotopologue_C13-0,0
MCF002044_003,0,"2,3-dihydroxyisovalerate",Isotopologue_C13-0,0
MCF002044_001,0,"2,3-dihydroxyisovalerate",Isotopologue_C13-1,0
MCF002044_002,0,"2,3-dihydroxyisovalerate",Isotopologue_C13-1,0
MCF002044_003,0,"2,3-dihydroxyisovalerate",Isotopologue_C13-1,0
MCF002044_001,0,"2,3-dihydroxyisovalerate",Isotopologue_C13-2,0
MCF002044_002,0,"2,3-dihydroxyisovalerate",Isotopologue_C13-2,0
MCF002044_003,0,"2,3-dihydroxyisovalerate",Isotopologue_C13-2,0
MCF002044_001,0,"2,3-dihydroxyisovalerate",Isotopologue_C13-3,0
MCF002044_002,0,"2,3-dihydroxyisovalerate",Isotopologue_C13-3,0
MCF002044_003,0,"2,3-dihydroxyisovalerate",Isotopologue_C13-3,0
MCF002044_001,0,"2,3-dihydroxyisovalerate",Isotopologue_C13-4,0
MCF002044_002,0,"2,3-dihydroxyisovalerate",Isotopologue_C13-4,0
MCF002044_003,0,"2,3-dihydroxyisovalerate",Isotopologue_C13-4,0
MCF002044_001,0,"2,3-dihydroxyisovalerate",Isotopologue_C13-5,0
MCF002044_002,0,"2,3-dihydroxyisovalerate",Isotopologue_C13-5,0
MCF002044_003,0,"2,3-dihydroxyisovalerate",Isotopologue_C13-5,0
MCF002044_001,0,2-isopropylmalic acid,Isotopologue_C13-0,0
MCF002044_002,0,2-isopropylmalic acid,Isotopologue_C13-0,0
MCF002044_003,0,2-isopropylmalic acid,Isotopologue_C13-0,0
MCF002044_001,0,2-isopropylmalic acid,Isotopologue_C13-1,0
MCF002044_002,0,2-isopropylmalic acid,Isotopologue_C13-1,0
MCF002044_003,0,2-isopropylmalic acid,Isotopologue_C13-1,0
MCF002044_001,0,2-isopropylmalic acid,Isotopologue_C13-2,0
MCF002044_002,0,2-isopropylmalic acid,Isotopologue_C13-2,0
MCF002044_003,0,2-isopropylmalic acid,Isotopologue_C13-2,0
MCF002044_001,0,2-isopropylmalic acid,Isotopologue_C13-3,0
MCF002044_002,0,2-isopropylmalic acid,Isotopologue_C13-3,0
MCF002044_003,0,2-isopropylmalic acid,Isotopologue_C13-3,0
MCF002044_001,0,2-isopropylmalic acid,Isotopologue_C13-4,0
MCF002044_002,0,2-isopropylmalic acid,Isotopologue_C13-4,0
MCF002044_003,0,2-isopropylmalic acid,Isotopologue_C13-4,0
MCF002044_001,0,2-isopropylmalic acid,Isotopologue_C13-5,0
MCF002044_002,0,2-isopropylmalic acid,Isotopologue_C13-5,0
MCF002044_003,0,2-isopropylmalic acid,Isotopologue_C13-5,0
MCF002044_001,0,2-isopropylmalic acid,Isotopologue_C13-6,0
MCF002044_002,0,2-isopropylmalic acid,Isotopologue_C13-6,0
MCF002044_003,0,2-isopropylmalic acid,Isotopologue_C13-6,0
MCF002044_001,0,2-isopropylmalic acid,Isotopologue_C13-7,0
MCF002044_002,0,2-isopropylmalic acid,Isotopologue_C13-7,0
MCF002044_003,0,2-isopropylmalic acid,Isotopologue_C13-7,0
MCF002044_001,0,a-Ketobutyric acid,Isotopologue_C13-0,0
MCF002044_002,0,a-Ketobutyric acid,Isotopologue_C13-0,1.198734788942558
MCF002044_003,0,a-Ketobutyric acid,Isotopologue_C13-0,0
MCF002044_001,0,a-Ketobutyric acid,Isotopologue_C13-1,0
MCF002044_002,0,a-Ketobutyric acid,Isotopologue_C13-1,-0.1716601884842778
MCF002044_003,0,a-Ketobutyric acid,Isotopologue_C13-1,0
MCF002044_001,0,a-Ketobutyric acid,Isotopologue_C13-2,0
MCF002044_002,0,a-Ketobutyric acid,Isotopologue_C13-2,-0.03504995215840014
MCF002044_003,0,a-Ketobutyric acid,Isotopologue_C13-2,0
MCF002044_001,0,a-Ketobutyric acid,Isotopologue_C13-3,0
MCF002044_002,0,a-Ketobutyric acid,Isotopologue_C13-3,0.00704601773953207
MCF002044_003,0,a-Ketobutyric acid,Isotopologue_C13-3,0
MCF002044_001,0,a-Ketobutyric acid,Isotopologue_C13-4,0
MCF002044_002,0,a-Ketobutyric acid,Isotopologue_C13-4,9.29333960587933e-4
MCF002044_003,0,a-Ketobutyric acid,Isotopologue_C13-4,0
MCF002044_001,0,Fucose,Isotopologue_C13-0,1.316474765447389
MCF002044_002,0,Fucose,Isotopologue_C13-0,1.11597639194945
MCF002044_003,0,Fucose,Isotopologue_C13-0,1.118947563122008
MCF002044_001,0,Fucose,Isotopologue_C13-1,-0.1379199317834564
MCF002044_002,0,Fucose,Isotopologue_C13-1,-0.07153635964445101
MCF002044_003,0,Fucose,Isotopologue_C13-1,-0.09967208620540505
MCF002044_001,0,Fucose,Isotopologue_C13-2,-0.2395702245740776
MCF002044_002,0,Fucose,Isotopologue_C13-2,0.002720661345568184
MCF002044_003,0,Fucose,Isotopologue_C13-2,1.578812003808774e-4
MCF002044_001,0,Fucose,Isotopologue_C13-3,0.04060106426204037
MCF002044_002,0,Fucose,Isotopologue_C13-3,-0.05527550758811497
MCF002044_003,0,Fucose,Isotopologue_C13-3,-0.009749425071924039
MCF002044_001,0,Fucose,Isotopologue_C13-4,0.02008268067731092
MCF002044_002,0,Fucose,Isotopologue_C13-4,0.004514831510328399
MCF002044_003,0,Fucose,Isotopologue_C13-4,-0.0102924765279413
MCF002044_001,0,Fucose,Isotopologue_C13-5,-7.369130067970621e-4
MCF002044_002,0,Fucose,Isotopologue_C13-5,0.004739767673376373
MCF002044_003,0,Fucose,Isotopologue_C13-5,9.701087815159554e-4
MCF002044_001,0,Fucose,Isotopologue_C13-6,0.001068558977590908
MCF002044_002,0,Fucose,Isotopologue_C13-6,-0.001139785246156862
MCF002044_003,0,Fucose,Isotopologue_C13-6,-3.615652986345116e-4
MCF002044_001,0,Galacturonic acid,Isotopologue_C13-0,-1.287700497391499e-10
MCF002044_002,0,Galacturonic acid,Isotopologue_C13-0,-1.287700497391499e-10
MCF002044_003,0,Galacturonic acid,Isotopologue_C13-0,-1.2877004973915e-10
MCF002044_001,0,Galacturonic acid,Isotopologue_C13-1,6.440864134803284e-8
MCF002044_002,0,Galacturonic acid,Isotopologue_C13-1,6.440864134803285e-8
MCF002044_003,0,Galacturonic acid,Isotopologue_C13-1,6.440864134803285e-8
MCF002044_001,0,Galacturonic acid,Isotopologue_C13-2,-1.288881321314391e-5
MCF002044_002,0,Galacturonic acid,Isotopologue_C13-2,-1.288881321314391e-5
MCF002044_003,0,Galacturonic acid,Isotopologue_C13-2,-1.288881321314391e-5
MCF002044_001,0,Galacturonic acid,Isotopologue_C13-3,0.001290062145237282
MCF002044_002,0,Galacturonic acid,Isotopologue_C13-3,0.001290062145237282
MCF002044_003,0,Galacturonic acid,Isotopologue_C13-3,0.001290062145237282
MCF002044_001,0,Galacturonic acid,Isotopologue_C13-4,-0.0646211896541531
MCF002044_002,0,Galacturonic acid,Isotopologue_C13-4,-0.06462118965415312
MCF002044_003,0,Galacturonic acid,Isotopologue_C13-4,-0.06462118965415313
MCF002044_001,0,Galacturonic acid,Isotopologue_C13-5,1.299508736620405
MCF002044_002,0,Galacturonic acid,Isotopologue_C13-5,1.299508736620405
MCF002044_003,0,Galacturonic acid,Isotopologue_C13-5,1.299508736620406
MCF002044_001,0,Galacturonic acid,Isotopologue_C13-6,-0.2361647845781477
MCF002044_002,0,Galacturonic acid,Isotopologue_C13-6,-0.2361647845781477
MCF002044_003,0,Galacturonic acid,Isotopologue_C13-6,-0.2361647845781478
MCF002044_001,0,Glucuronic acid,Isotopologue_C13-0,1.077379535264474
MCF002044_002,0,Glucuronic acid,Isotopologue_C13-0,1.041313851216866
MCF002044_003,0,Glucuronic acid,Isotopologue_C13-0,1.033421089894927
MCF002044_001,0,Glucuronic acid,Isotopologue_C13-1,-0.03012522802455827
MCF002044_002,0,Glucuronic acid,Isotopologue_C13-1,-0.02535579027158369
MCF002044_003,0,Glucuronic acid,Isotopologue_C13-1,-0.01918565234646944
MCF002044_001,0,Glucuronic acid,Isotopologue_C13-2,-0.004736051172856997
MCF002044_002,0,Glucuronic acid,Isotopologue_C13-2,0.01291354511547932
MCF002044_003,0,Glucuronic acid,Isotopologue_C13-2,0.007909618375494436
MCF002044_001,0,Glucuronic acid,Isotopologue_C13-3,-0.02320086296612626
MCF002044_002,0,Glucuronic acid,Isotopologue_C13-3,-0.02138427012627915
MCF002044_003,0,Glucuronic acid,Isotopologue_C13-3,-0.02444536920224035
MCF002044_001,0,Glucuronic acid,Isotopologue_C13-4,-0.02007471122597666
MCF002044_002,0,Glucuronic acid,Isotopologue_C13-4,-0.01599634002820609
MCF002044_003,0,Glucuronic acid,Isotopologue_C13-4,-0.00897412486508391
MCF002044_001,0,Glucuronic acid,Isotopologue_C13-5,0.002141493605988698
MCF002044_002,0,Glucuronic acid,Isotopologue_C13-5,-0.001029429355743574
MCF002044_003,0,Glucuronic acid,Isotopologue_C13-5,-0.001710100995298724
MCF002044_001,0,Glucuronic acid,Isotopologue_C13-6,-0.001384175480944313
MCF002044_002,0,Glucuronic acid,Isotopologue_C13-6,0.009538433449467159
MCF002044_003,0,Glucuronic acid,Isotopologue_C13-6,0.01298453913867062
MCF002044_001,0,Mannitol,Isotopologue_C13-0,1.719290641032442
MCF002044_002,0,Mannitol,Isotopologue_C13-0,0.9600869316107679
MCF002044_003,0,Mannitol,Isotopologue_C13-0,2.148789881016895
MCF002044_001,0,Mannitol,Isotopologue_C13-1,-0.5749686446512853
MCF002044_002,0,Mannitol,Isotopologue_C13-1,0.2386641865100042
MCF002044_003,0,Mannitol,Isotopologue_C13-1,-1.222749325071119
MCF002044_001,0,Mannitol,Isotopologue_C13-2,-0.3078295679362148
MCF002044_002,0,Mannitol,Isotopologue_C13-2,-0.1008119992510448
MCF002044_003,0,Mannitol,Isotopologue_C13-2,-0.1033415756401503
MCF002044_001,0,Mannitol,Isotopologue_C13-3,0.1362717480315288
MCF002044_002,0,Mannitol,Isotopologue_C13-3,-0.1622235932024597
MCF002044_003,0,Mannitol,Isotopologue_C13-3,0.199089542475799
MCF002044_001,0,Mannitol,Isotopologue_C13-4,0.02571413201989417
MCF002044_002,0,Mannitol,Isotopologue_C13-4,0.04183833902192709
MCF002044_003,0,Mannitol,Isotopologue_C13-4,-0.01423017669669938
MCF002044_001,0,Mannitol,Isotopologue_C13-5,-0.002671954284774673
MCF002044_002,0,Mannitol,Isotopologue_C13-5,0.02148503336427423
MCF002044_003,0,Mannitol,Isotopologue_C13-5,-0.009774107310887068
MCF002044_001,0,Mannitol,Isotopologue_C13-6,0.004193645788410327
MCF002044_002,0,Mannitol,Isotopologue_C13-6,9.611019465310081e-4
MCF002044_003,0,Mannitol,Isotopologue_C13-6,0.002215761226161846
MCF002044_001,0,Sorbitol,Isotopologue_C13-0,1.019339051673967
MCF002044_002,0,Sorbitol,Isotopologue_C13-0,1.011655051955953
MCF002044_003,0,Sorbitol,Isotopologue_C13-0,1.015443037503086
MCF002044_001,0,Sorbitol,Isotopologue_C13-1,-0.008985312681117262
MCF002044_002,0,Sorbitol,Isotopologue_C13-1,-0.005121380048325181
MCF002044_003,0,Sorbitol,Isotopologue_C13-1,0.002785139190857038
MCF002044_001,0,Sorbitol,Isotopologue_C13-2,-0.001759708389180718
MCF002044_002,0,Sorbitol,Isotopologue_C13-2,-0.006448685622914153
MCF002044_003,0,Sorbitol,Isotopologue_C13-2,-0.01034128947975402
MCF002044_001,0,Sorbitol,Isotopologue_C13-3,0.002763046727303417
MCF002044_002,0,Sorbitol,Isotopologue_C13-3,0.002470516090544472
MCF002044_003,0,Sorbitol,Isotopologue_C13-3,-0.003746031450608715
MCF002044_001,0,Sorbitol,Isotopologue_C13-4,-0.003441063539505132
MCF002044_002,0,Sorbitol,Isotopologue_C13-4,-0.001653198722739131
MCF002044_003,0,Sorbitol,Isotopologue_C13-4,-7.0445995711376e-4
MCF002044_001,0,Sorbitol,Isotopologue_C13-5,-0.006066486128776203
MCF002044_002,0,Sorbitol,Isotopologue_C13-5,0.00070114473811221155
MCF002044_003,0,Sorbitol,Isotopologue_C13-5,-0.001005344445835677
MCF002044_001,0,Sorbitol,Isotopologue_C13-6,-0.001849527662691715
MCF002044_002,0,Sorbitol,Isotopologue_C13-6,-0.001603448390631058
MCF002044_003,0,Sorbitol,Isotopologue_C13-6,-0.002431051360631245
MCF002044_004,0.5,13C5-D5-15N Glutamic acid,Abund,8916820
MCF002044_004,0.5,13C5-D5-15N Glutamic acid,BlankcorAbund,8916820
MCF002044_004,0.5,13C5-D5-15N Glutamic acid,NormAbund,17833640
MCF002044_004,0.5,D7-Glucose,Abund,1418145536
MCF002044_004,0.5,D7-Glucose,BlankcorAbund,1417240293.8133333
MCF002044_004,0.5,D7-Glucose,NormAbund,2834480587.6266665
MCF002044_004,0.5,Myristic acid d27,Abund,3323810.75
MCF002044_004,0.5,Myristic acid d27,BlankcorAbund,1510427.33
MCF002044_004,0.5,Myristic acid d27,NormAbund,3020854.66
MCF002044_004,0.5,2-Phosphoglyceric acid,Abund,235782.6900596143
MCF002044_004,0.5,2-Phosphoglyceric acid,BlankcorAbund,235782.6900596143
MCF002044_004,0.5,2-Phosphoglyceric acid,NormAbund,471565.3801192286
MCF002044_004,0.5,(2 and/or 3-)Phosphoglyceric acid,Abund,4938944.920418447
MCF002044_004,0.5,(2 and/or 3-)Phosphoglyceric acid,BlankcorAbund,4938944.920418447
MCF002044_004,0.5,(2 and/or 3-)Phosphoglyceric acid,NormAbund,9877889.840836894
MCF002044_004,0.5,D-Glyceraldehyde 3-phosphate,Abund,334767.6056747674
MCF002044_004,0.5,D-Glyceraldehyde 3-phosphate,BlankcorAbund,334767.6056747674
MCF002044_004,0.5,D-Glyceraldehyde 3-phosphate,NormAbund,669535.2113495348
MCF002044_004,0.5,Dihydroxyacetone phosphate,Abund,2260050.525562524
MCF002044_004,0.5,Dihydroxyacetone phosphate,BlankcorAbund,2260050.525562524
MCF002044_004,0.5,Dihydroxyacetone phosphate,NormAbund,4520101.051125048
MCF002044_004,0.5,Glycerol 3-phosphate,Abund,33844292.11089347
MCF002044_004,0.5,Glycerol 3-phosphate,BlankcorAbund,33841423.09922378
MCF002044_004,0.5,Glycerol 3-phosphate,NormAbund,67682846.19844756
MCF002044_004,0.5,Hexose-phosphate,Abund,4811946.443410946
MCF002044_004,0.5,Hexose-phosphate,BlankcorAbund,4811946.443410946
MCF002044_004,0.5,Hexose-phosphate,NormAbund,9623892.886821892
MCF002044_004,0.5,Hexose,Abund,9633988952.61345
MCF002044_004,0.5,Hexose,BlankcorAbund,9626756266.171448
MCF002044_004,0.5,Hexose,NormAbund,19253512532.342896
MCF002044_004,0.5,L-Lactic acid,Abund,16636471.96007682
MCF002044_004,0.5,L-Lactic acid,BlankcorAbund,11341389.81867913
MCF002044_004,0.5,L-Lactic acid,NormAbund,22682779.63735826
MCF002044_004,0.5,Phosphoenolpyruvic acid,Abund,1496034.176916289
MCF002044_004,0.5,Phosphoenolpyruvic acid,BlankcorAbund,1496034.176916289
MCF002044_004,0.5,Phosphoenolpyruvic acid,NormAbund,2992068.353832578
MCF002044_004,0.5,Pyruvic acid,Abund,290145.301930853
MCF002044_004,0.5,Pyruvic acid,BlankcorAbund,195940.15896769718
MCF002044_004,0.5,Pyruvic acid,NormAbund,391880.31793539436
MCF002044_004,0.5,Citric acid,Abund,5249927.618327486
MCF002044_004,0.5,Citric acid,BlankcorAbund,5119672.086317563
MCF002044_004,0.5,Citric acid,NormAbund,10239344.172635127
MCF002044_004,0.5,Fumaric acid,Abund,1663455.866587083
MCF002044_004,0.5,Fumaric acid,BlankcorAbund,1277232.1192044665
MCF002044_004,0.5,Fumaric acid,NormAbund,2554464.238408933
MCF002044_004,0.5,L-Malic acid,Abund,35147178.71750044
MCF002044_004,0.5,L-Malic acid,BlankcorAbund,34795058.60913291
MCF002044_004,0.5,L-Malic acid,NormAbund,69590117.21826582
MCF002044_004,0.5,Oxoglutaric acid,Abund,1540772.920394389
MCF002044_004,0.5,Oxoglutaric acid,BlankcorAbund,1540772.920394389
MCF002044_004,0.5,Oxoglutaric acid,NormAbund,3081545.840788778
MCF002044_004,0.5,Succinic acid,Abund,3461996.296941225
MCF002044_004,0.5,Succinic acid,BlankcorAbund,883552.0119877337
MCF002044_004,0.5,Succinic acid,NormAbund,1767104.0239754673
MCF002044_004,0.5,Glycine,Abund,39160925.73137909
MCF002044_004,0.5,Glycine,BlankcorAbund,36971954.78488811
MCF002044_004,0.5,Glycine,NormAbund,73943909.56977622
MCF002044_004,0.5,L-Alanine,Abund,20825488.64637027
MCF002044_004,0.5,L-Alanine,BlankcorAbund,19058627.439537313
MCF002044_004,0.5,L-Alanine,NormAbund,38117254.879074626
MCF002044_004,0.5,L-Asparagine,Abund,52593.40539621518
MCF002044_004,0.5,L-Asparagine,BlankcorAbund,23325.86099836125
MCF002044_004,0.5,L-Asparagine,NormAbund,46651.7219967225
MCF002044_004,0.5,L-Aspartic acid,Abund,55824435.58928017
MCF002044_004,0.5,L-Aspartic acid,BlankcorAbund,55824435.58928017
MCF002044_004,0.5,L-Aspartic acid,NormAbund,111648871.17856035
MCF002044_004,0.5,L-Cysteine,Abund,3156577.52702014
MCF002044_004,0.5,L-Cysteine,BlankcorAbund,3140958.1919772606
MCF002044_004,0.5,L-Cysteine,NormAbund,6281916.383954521
MCF002044_004,0.5,L-Glutamic acid,Abund,174243962.6169685
MCF002044_004,0.5,L-Glutamic acid,BlankcorAbund,174243962.6169685
MCF002044_004,0.5,L-Glutamic acid,NormAbund,348487925.233937
MCF002044_004,0.5,L-Isoleucine,Abund,4543953.177892759
MCF002044_004,0.5,L-Isoleucine,BlankcorAbund,3885193.4724329296
MCF002044_004,0.5,L-Isoleucine,NormAbund,7770386.944865859
MCF002044_004,0.5,L-Leucine,Abund,3145144.683931062
MCF002044_004,0.5,L-Leucine,BlankcorAbund,2943918.42472098
MCF002044_004,0.5,L-Leucine,NormAbund,5887836.84944196
MCF002044_004,0.5,L-Lysine,Abund,2252687.600826578
MCF002044_004,0.5,L-Lysine,BlankcorAbund,2252687.600826578
MCF002044_004,0.5,L-Lysine,NormAbund,4505375.201653156
MCF002044_004,0.5,L-Methionine,Abund,4249237.245468298
MCF002044_004,0.5,L-Methionine,BlankcorAbund,4221831.245837819
MCF002044_004,0.5,L-Methionine,NormAbund,8443662.491675638
MCF002044_004,0.5,L-Phenylalanine,Abund,6151121.883186005
MCF002044_004,0.5,L-Phenylalanine,BlankcorAbund,6151121.883186005
MCF002044_004,0.5,L-Phenylalanine,NormAbund,12302243.76637201
MCF002044_004,0.5,L-Proline,Abund,5632778.76416339
MCF002044_004,0.5,L-Proline,BlankcorAbund,5629259.329236898
MCF002044_004,0.5,L-Proline,NormAbund,11258518.658473795
MCF002044_004,0.5,L-Serine,Abund,60937.67394909108
MCF002044_004,0.5,L-Serine,BlankcorAbund,60937.67394909108
MCF002044_004,0.5,L-Serine,NormAbund,121875.34789818215
MCF002044_004,0.5,L-Threonine,Abund,4466005.78877432
MCF002044_004,0.5,L-Threonine,BlankcorAbund,4351861.672463631
MCF002044_004,0.5,L-Threonine,NormAbund,8703723.344927263
MCF002044_004,0.5,L-Tryptophan,Abund,438899.575423315
MCF002044_004,0.5,L-Tryptophan,BlankcorAbund,438899.575423315
MCF002044_004,0.5,L-Tryptophan,NormAbund,877799.15084663
MCF002044_004,0.5,L-Tyrosine,Abund,961900.504708711
MCF002044_004,0.5,L-Tyrosine,BlankcorAbund,961900.504708711
MCF002044_004,0.5,L-Tyrosine,NormAbund,1923801.009417422
MCF002044_004,0.5,L-Valine,Abund,9153688.932172239
MCF002044_004,0.5,L-Valine,BlankcorAbund,8762821.632545738
MCF002044_004,0.5,L-Valine,NormAbund,17525643.265091475
MCF002044_004,0.5,Myristic acid,Abund,4781661.690883856
MCF002044_004,0.5,Myristic acid,BlankcorAbund,-38657.27645388525
MCF002044_004,0.5,Myristic acid,NormAbund,-77314.5529077705
MCF002044_004,0.5,Palmitic acid,Abund,275264871.2821529
MCF002044_004,0.5,Palmitic acid,BlankcorAbund,2225314.6592547894
MCF002044_004,0.5,Palmitic acid,NormAbund,4450629.318509579
MCF002044_004,0.5,Stearic acid,Abund,109467488.0374925
MCF002044_004,0.5,Stearic acid,BlankcorAbund,17150748.868509352
MCF002044_004,0.5,Stearic acid,NormAbund,34301497.737018704
MCF002044_004,0.5,Fructose,Abund,9916343.303135348
MCF002044_004,0.5,Fructose,BlankcorAbund,9317569.138791362
MCF002044_004,0.5,Fructose,NormAbund,18635138.277582724
MCF002044_004,0.5,Glucose,Abund,7360261570.30578
MCF002044_004,0.5,Glucose,BlankcorAbund,7358817989.428987
MCF002044_004,0.5,Glucose,NormAbund,14717635978.857973
MCF002044_004,0.5,Pentose-phosphate,Abund,8601531.899355164
MCF002044_004,0.5,Pentose-phosphate,BlankcorAbund,8601531.899355164
MCF002044_004,0.5,Pentose-phosphate,NormAbund,17203063.798710328
MCF002044_004,0.5,Myo-inositol,Abund,157876787.1418625
MCF002044_004,0.5,Myo-inositol,BlankcorAbund,157864533.31258482
MCF002044_004,0.5,Myo-inositol,NormAbund,315729066.62516963
MCF002044_004,0.5,2-DL-Hydroxybutyric acid,Abund,69100.51285361436
MCF002044_004,0.5,2-DL-Hydroxybutyric acid,BlankcorAbund,-4115.083234191639
MCF002044_004,0.5,2-DL-Hydroxybutyric acid,NormAbund,-8230.166468383279
MCF002044_004,0.5,3-DL-Hydroxybutyric acid,Abund,2264546.112760962
MCF002044_004,0.5,3-DL-Hydroxybutyric acid,BlankcorAbund,262941.35885027377
MCF002044_004,0.5,3-DL-Hydroxybutyric acid,NormAbund,525882.7177005475
MCF002044_004,0.5,DL-2-Hydroxyglutaric acid,Abund,1343918.683028015
MCF002044_004,0.5,DL-2-Hydroxyglutaric acid,BlankcorAbund,1312464.8958337589
MCF002044_004,0.5,DL-2-Hydroxyglutaric acid,NormAbund,2624929.7916675177
MCF002044_004,0.5,Oxoadipic acid,Abund,0
MCF002044_004,0.5,Oxoadipic acid,BlankcorAbund,0
MCF002044_004,0.5,Oxoadipic acid,NormAbund,0
MCF002044_004,0.5,(S)-a-Acetolactic Acid,Abund,0
MCF002044_004,0.5,(S)-a-Acetolactic Acid,BlankcorAbund,0
MCF002044_004,0.5,(S)-a-Acetolactic Acid,NormAbund,0
MCF002044_004,0.5,"2,3-dihydroxyisovalerate",Abund,0
MCF002044_004,0.5,"2,3-dihydroxyisovalerate",BlankcorAbund,0
MCF002044_004,0.5,"2,3-dihydroxyisovalerate",NormAbund,0
MCF002044_004,0.5,2-isopropylmalic acid,Abund,0
MCF002044_004,0.5,2-isopropylmalic acid,BlankcorAbund,0
MCF002044_004,0.5,2-isopropylmalic acid,NormAbund,0
MCF002044_004,0.5,a-Ketobutyric acid,Abund,1217569.629996498
MCF002044_004,0.5,a-Ketobutyric acid,BlankcorAbund,853303.7113304434
MCF002044_004,0.5,a-Ketobutyric acid,NormAbund,1706607.4226608868
MCF002044_004,0.5,Fucose,Abund,246930.8936780607
MCF002044_004,0.5,Fucose,BlankcorAbund,246930.8936780607
MCF002044_004,0.5,Fucose,NormAbund,493861.7873561214
MCF002044_004,0.5,Galacturonic acid,Abund,0
MCF002044_004,0.5,Galacturonic acid,BlankcorAbund,0
MCF002044_004,0.5,Galacturonic acid,NormAbund,0
MCF002044_004,0.5,Glucuronic acid,Abund,7392751.44991049
MCF002044_004,0.5,Glucuronic acid,BlankcorAbund,7392751.44991049
MCF002044_004,0.5,Glucuronic acid,NormAbund,14785502.89982098
MCF002044_004,0.5,Mannitol,Abund,59163.36060277571
MCF002044_004,0.5,Mannitol,BlankcorAbund,59163.36060277571
MCF002044_004,0.5,Mannitol,NormAbund,118326.72120555142
MCF002044_004,0.5,Sorbitol,Abund,6182899.200379333
MCF002044_004,0.5,Sorbitol,BlankcorAbund,6098642.372122158
MCF002044_004,0.5,Sorbitol,NormAbund,12197284.744244317
MCF002044_005,0.5,13C5-D5-15N Glutamic acid,Abund,6815026
MCF002044_005,0.5,13C5-D5-15N Glutamic acid,BlankcorAbund,6815026
MCF002044_005,0.5,13C5-D5-15N Glutamic acid,NormAbund,13630052
MCF002044_005,0.5,D7-Glucose,Abund,1194034560
MCF002044_005,0.5,D7-Glucose,BlankcorAbund,1193129317.8133333
MCF002044_005,0.5,D7-Glucose,NormAbund,2386258635.6266665
MCF002044_005,0.5,Myristic acid d27,Abund,2421229.5
MCF002044_005,0.5,Myristic acid d27,BlankcorAbund,607846.0800000001
MCF002044_005,0.5,Myristic acid d27,NormAbund,1215692.1600000001
MCF002044_005,0.5,2-Phosphoglyceric acid,Abund,254474.3979644707
MCF002044_005,0.5,2-Phosphoglyceric acid,BlankcorAbund,254474.3979644707
MCF002044_005,0.5,2-Phosphoglyceric acid,NormAbund,508948.7959289414
MCF002044_005,0.5,(2 and/or 3-)Phosphoglyceric acid,Abund,4485425.656134908
MCF002044_005,0.5,(2 and/or 3-)Phosphoglyceric acid,BlankcorAbund,4485425.656134908
MCF002044_005,0.5,(2 and/or 3-)Phosphoglyceric acid,NormAbund,8970851.312269816
MCF002044_005,0.5,D-Glyceraldehyde 3-phosphate,Abund,378875.1392337599
MCF002044_005,0.5,D-Glyceraldehyde 3-phosphate,BlankcorAbund,378875.1392337599
MCF002044_005,0.5,D-Glyceraldehyde 3-phosphate,NormAbund,757750.2784675198
MCF002044_005,0.5,Dihydroxyacetone phosphate,Abund,2059047.568923979
MCF002044_005,0.5,Dihydroxyacetone phosphate,BlankcorAbund,2059047.568923979
MCF002044_005,0.5,Dihydroxyacetone phosphate,NormAbund,4118095.137847958
MCF002044_005,0.5,Glycerol 3-phosphate,Abund,27860374.03395985
MCF002044_005,0.5,Glycerol 3-phosphate,BlankcorAbund,27857505.02229015
MCF002044_005,0.5,Glycerol 3-phosphate,NormAbund,55715010.0445803
MCF002044_005,0.5,Hexose-phosphate,Abund,3563130.794671565
MCF002044_005,0.5,Hexose-phosphate,BlankcorAbund,3563130.794671565
MCF002044_005,0.5,Hexose-phosphate,NormAbund,7126261.58934313
MCF002044_005,0.5,Hexose,Abund,7359722668.477452
MCF002044_005,0.5,Hexose,BlankcorAbund,7352489982.035451
MCF002044_005,0.5,Hexose,NormAbund,14704979964.070902
MCF002044_005,0.5,L-Lactic acid,Abund,22528420.31943068
MCF002044_005,0.5,L-Lactic acid,BlankcorAbund,17233338.178032987
MCF002044_005,0.5,L-Lactic acid,NormAbund,34466676.35606597
MCF002044_005,0.5,Phosphoenolpyruvic acid,Abund,1429519.447634707
MCF002044_005,0.5,Phosphoenolpyruvic acid,BlankcorAbund,1429519.447634707
MCF002044_005,0.5,Phosphoenolpyruvic acid,NormAbund,2859038.895269414
MCF002044_005,0.5,Pyruvic acid,Abund,289190.7466404779
MCF002044_005,0.5,Pyruvic acid,BlankcorAbund,194985.6036773221
MCF002044_005,0.5,Pyruvic acid,NormAbund,389971.2073546442
MCF002044_005,0.5,Citric acid,Abund,6524391.427519077
MCF002044_005,0.5,Citric acid,BlankcorAbund,6394135.895509155
MCF002044_005,0.5,Citric acid,NormAbund,12788271.79101831
MCF002044_005,0.5,Fumaric acid,Abund,1485918.062556352
MCF002044_005,0.5,Fumaric acid,BlankcorAbund,1099694.3151737354
MCF002044_005,0.5,Fumaric acid,NormAbund,2199388.6303474708
MCF002044_005,0.5,L-Malic acid,Abund,37857905.94536414
MCF002044_005,0.5,L-Malic acid,BlankcorAbund,37505785.83699661
MCF002044_005,0.5,L-Malic acid,NormAbund,75011571.67399321
MCF002044_005,0.5,Oxoglutaric acid,Abund,1285777.883089252
MCF002044_005,0.5,Oxoglutaric acid,BlankcorAbund,1285777.883089252
MCF002044_005,0.5,Oxoglutaric acid,NormAbund,2571555.766178504
MCF002044_005,0.5,Succinic acid,Abund,2746905.451310036
MCF002044_005,0.5,Succinic acid,BlankcorAbund,168461.16635654448
MCF002044_005,0.5,Succinic acid,NormAbund,336922.33271308895
MCF002044_005,0.5,Glycine,Abund,28199034.79245734
MCF002044_005,0.5,Glycine,BlankcorAbund,26010063.845966354
MCF002044_005,0.5,Glycine,NormAbund,52020127.69193271
MCF002044_005,0.5,L-Alanine,Abund,22712824.48059402
MCF002044_005,0.5,L-Alanine,BlankcorAbund,20945963.273761064
MCF002044_005,0.5,L-Alanine,NormAbund,41891926.54752213
MCF002044_005,0.5,L-Asparagine,Abund,40710.51007887373
MCF002044_005,0.5,L-Asparagine,BlankcorAbund,11442.965681019803
MCF002044_005,0.5,L-Asparagine,NormAbund,22885.931362039606
MCF002044_005,0.5,L-Aspartic acid,Abund,34512151.94035418
MCF002044_005,0.5,L-Aspartic acid,BlankcorAbund,34512151.94035418
MCF002044_005,0.5,L-Aspartic acid,NormAbund,69024303.88070837
MCF002044_005,0.5,L-Cysteine,Abund,2381280.870360184
MCF002044_005,0.5,L-Cysteine,BlankcorAbund,2365661.5353173045
MCF002044_005,0.5,L-Cysteine,NormAbund,4731323.070634609
MCF002044_005,0.5,L-Glutamic acid,Abund,153781824.6817693
MCF002044_005,0.5,L-Glutamic acid,BlankcorAbund,153781824.6817693
MCF002044_005,0.5,L-Glutamic acid,NormAbund,307563649.3635386
MCF002044_005,0.5,L-Isoleucine,Abund,3963997.906863605
MCF002044_005,0.5,L-Isoleucine,BlankcorAbund,3305238.2014037753
MCF002044_005,0.5,L-Isoleucine,NormAbund,6610476.4028075505
MCF002044_005,0.5,L-Leucine,Abund,4069564.161236821
MCF002044_005,0.5,L-Leucine,BlankcorAbund,3868337.902026739
MCF002044_005,0.5,L-Leucine,NormAbund,7736675.804053478
MCF002044_005,0.5,L-Lysine,Abund,2130131.572926196
MCF002044_005,0.5,L-Lysine,BlankcorAbund,2130131.572926196
MCF002044_005,0.5,L-Lysine,NormAbund,4260263.145852392
MCF002044_005,0.5,L-Methionine,Abund,3575702.557516003
MCF002044_005,0.5,L-Methionine,BlankcorAbund,3548296.557885524
MCF002044_005,0.5,L-Methionine,NormAbund,7096593.115771048
MCF002044_005,0.5,L-Phenylalanine,Abund,6317780.06056264
MCF002044_005,0.5,L-Phenylalanine,BlankcorAbund,6317780.06056264
MCF002044_005,0.5,L-Phenylalanine,NormAbund,12635560.12112528
MCF002044_005,0.5,L-Proline,Abund,6673894.960159262
MCF002044_005,0.5,L-Proline,BlankcorAbund,6670375.52523277
MCF002044_005,0.5,L-Proline,NormAbund,13340751.05046554
MCF002044_005,0.5,L-Serine,Abund,448096.6021904569
MCF002044_005,0.5,L-Serine,BlankcorAbund,448096.6021904569
MCF002044_005,0.5,L-Serine,NormAbund,896193.2043809138
MCF002044_005,0.5,L-Threonine,Abund,4462927.826540385
MCF002044_005,0.5,L-Threonine,BlankcorAbund,4348783.710229697
MCF002044_005,0.5,L-Threonine,NormAbund,8697567.420459393
MCF002044_005,0.5,L-Tryptophan,Abund,472021.9649258016
MCF002044_005,0.5,L-Tryptophan,BlankcorAbund,472021.9649258016
MCF002044_005,0.5,L-Tryptophan,NormAbund,944043.9298516032
MCF002044_005,0.5,L-Tyrosine,Abund,518176.7891840778
MCF002044_005,0.5,L-Tyrosine,BlankcorAbund,518176.7891840778
MCF002044_005,0.5,L-Tyrosine,NormAbund,1036353.5783681556
MCF002044_005,0.5,L-Valine,Abund,9744382.082143104
MCF002044_005,0.5,L-Valine,BlankcorAbund,9353514.782516602
MCF002044_005,0.5,L-Valine,NormAbund,18707029.565033205
MCF002044_005,0.5,Myristic acid,Abund,3399286.022412682
MCF002044_005,0.5,Myristic acid,BlankcorAbund,-1421032.9449250596
MCF002044_005,0.5,Myristic acid,NormAbund,-2842065.889850119
MCF002044_005,0.5,Palmitic acid,Abund,180525996.295192
MCF002044_005,0.5,Palmitic acid,BlankcorAbund,-92513560.3277061
MCF002044_005,0.5,Palmitic acid,NormAbund,-185027120.6554122
MCF002044_005,0.5,Stearic acid,Abund,80793514.65694807
MCF002044_005,0.5,Stearic acid,BlankcorAbund,-11523224.512035072
MCF002044_005,0.5,Stearic acid,NormAbund,-23046449.024070144
MCF002044_005,0.5,Fructose,Abund,6649862.021015204
MCF002044_005,0.5,Fructose,BlankcorAbund,6051087.856671218
MCF002044_005,0.5,Fructose,NormAbund,12102175.713342436
MCF002044_005,0.5,Glucose,Abund,5346221755.425157
MCF002044_005,0.5,Glucose,BlankcorAbund,5344778174.548363
MCF002044_005,0.5,Glucose,NormAbund,10689556349.096725
MCF002044_005,0.5,Pentose-phosphate,Abund,7548737.842856112
MCF002044_005,0.5,Pentose-phosphate,BlankcorAbund,7548737.842856112
MCF002044_005,0.5,Pentose-phosphate,NormAbund,15097475.685712224
MCF002044_005,0.5,Myo-inositol,Abund,130544607.0456737
MCF002044_005,0.5,Myo-inositol,BlankcorAbund,130532353.21639599
MCF002044_005,0.5,Myo-inositol,NormAbund,261064706.43279198
MCF002044_005,0.5,2-DL-Hydroxybutyric acid,Abund,41702.10064160802
MCF002044_005,0.5,2-DL-Hydroxybutyric acid,BlankcorAbund,-31513.49544619798
MCF002044_005,0.5,2-DL-Hydroxybutyric acid,NormAbund,-63026.99089239596
MCF002044_005,0.5,3-DL-Hydroxybutyric acid,Abund,2384747.639985753
MCF002044_005,0.5,3-DL-Hydroxybutyric acid,BlankcorAbund,383142.886075065
MCF002044_005,0.5,3-DL-Hydroxybutyric acid,NormAbund,766285.77215013
MCF002044_005,0.5,DL-2-Hydroxyglutaric acid,Abund,1422923.858121695
MCF002044_005,0.5,DL-2-Hydroxyglutaric acid,BlankcorAbund,1391470.0709274388
MCF002044_005,0.5,DL-2-Hydroxyglutaric acid,NormAbund,2782940.1418548776
MCF002044_005,0.5,Oxoadipic acid,Abund,4527.728186782582
MCF002044_005,0.5,Oxoadipic acid,BlankcorAbund,4527.728186782582
MCF002044_005,0.5,Oxoadipic acid,NormAbund,9055.456373565165
MCF002044_005,0.5,(S)-a-Acetolactic Acid,Abund,0
MCF002044_005,0.5,(S)-a-Acetolactic Acid,BlankcorAbund,0
MCF002044_005,0.5,(S)-a-Acetolactic Acid,NormAbund,0
MCF002044_005,0.5,"2,3-dihydroxyisovalerate",Abund,0
MCF002044_005,0.5,"2,3-dihydroxyisovalerate",BlankcorAbund,0
MCF002044_005,0.5,"2,3-dihydroxyisovalerate",NormAbund,0
MCF002044_005,0.5,2-isopropylmalic acid,Abund,0
MCF002044_005,0.5,2-isopropylmalic acid,BlankcorAbund,0
MCF002044_005,0.5,2-isopropylmalic acid,NormAbund,0
MCF002044_005,0.5,a-Ketobutyric acid,Abund,0
MCF002044_005,0.5,a-Ketobutyric acid,BlankcorAbund,-364265.91866605467
MCF002044_005,0.5,a-Ketobutyric acid,NormAbund,-728531.8373321093
MCF002044_005,0.5,Fucose,Abund,323275.4977362561
MCF002044_005,0.5,Fucose,BlankcorAbund,323275.4977362561
MCF002044_005,0.5,Fucose,NormAbund,646550.9954725122
MCF002044_005,0.5,Galacturonic acid,Abund,5940.265279854057
MCF002044_005,0.5,Galacturonic acid,BlankcorAbund,5940.265279854057
MCF002044_005,0.5,Galacturonic acid,NormAbund,11880.530559708113
MCF002044_005,0.5,Glucuronic acid,Abund,4869971.525650959
MCF002044_005,0.5,Glucuronic acid,BlankcorAbund,4869971.525650959
MCF002044_005,0.5,Glucuronic acid,NormAbund,9739943.051301919
MCF002044_005,0.5,Mannitol,Abund,20935.96112190619
MCF002044_005,0.5,Mannitol,BlankcorAbund,20935.96112190619
MCF002044_005,0.5,Mannitol,NormAbund,41871.92224381238
MCF002044_005,0.5,Sorbitol,Abund,6769784.0179423625
MCF002044_005,0.5,Sorbitol,BlankcorAbund,6685527.189685187
MCF002044_005,0.5,Sorbitol,NormAbund,13371054.379370375
MCF002044_006,0.5,13C5-D5-15N Glutamic acid,Abund,8142146
MCF002044_006,0.5,13C5-D5-15N Glutamic acid,BlankcorAbund,8142146
MCF002044_006,0.5,13C5-D5-15N Glutamic acid,NormAbund,16284292
MCF002044_006,0.5,D7-Glucose,Abund,1432266240
MCF002044_006,0.5,D7-Glucose,BlankcorAbund,1431360997.8133333
MCF002044_006,0.5,D7-Glucose,NormAbund,2862721995.6266665
MCF002044_006,0.5,Myristic acid d27,Abund,2846348.5
MCF002044_006,0.5,Myristic acid d27,BlankcorAbund,1032965.0800000001
MCF002044_006,0.5,Myristic acid d27,NormAbund,2065930.1600000001
MCF002044_006,0.5,2-Phosphoglyceric acid,Abund,234422.016805223
MCF002044_006,0.5,2-Phosphoglyceric acid,BlankcorAbund,234422.016805223
MCF002044_006,0.5,2-Phosphoglyceric acid,NormAbund,468844.033610446
MCF002044_006,0.5,(2 and/or 3-)Phosphoglyceric acid,Abund,4582502.090890698
MCF002044_006,0.5,(2 and/or 3-)Phosphoglyceric acid,BlankcorAbund,4582502.090890698
MCF002044_006,0.5,(2 and/or 3-)Phosphoglyceric acid,NormAbund,9165004.181781396
MCF002044_006,0.5,D-Glyceraldehyde 3-phosphate,Abund,439941.6071675355
MCF002044_006,0.5,D-Glyceraldehyde 3-phosphate,BlankcorAbund,439941.6071675355
MCF002044_006,0.5,D-Glyceraldehyde 3-phosphate,NormAbund,879883.214335071
MCF002044_006,0.5,Dihydroxyacetone phosphate,Abund,2218713.052173217
MCF002044_006,0.5,Dihydroxyacetone phosphate,BlankcorAbund,2218713.052173217
MCF002044_006,0.5,Dihydroxyacetone phosphate,NormAbund,4437426.104346434
MCF002044_006,0.5,Glycerol 3-phosphate,Abund,35073678.18155327
MCF002044_006,0.5,Glycerol 3-phosphate,BlankcorAbund,35070809.16988357
MCF002044_006,0.5,Glycerol 3-phosphate,NormAbund,70141618.33976714
MCF002044_006,0.5,Hexose-phosphate,Abund,3687419.812373309
MCF002044_006,0.5,Hexose-phosphate,BlankcorAbund,3687419.812373309
MCF002044_006,0.5,Hexose-phosphate,NormAbund,7374839.624746618
MCF002044_006,0.5,Hexose,Abund,9377107735.157055
MCF002044_006,0.5,Hexose,BlankcorAbund,9369875048.715054
MCF002044_006,0.5,Hexose,NormAbund,18739750097.430107
MCF002044_006,0.5,L-Lactic acid,Abund,27899073.1713736
MCF002044_006,0.5,L-Lactic acid,BlankcorAbund,22603991.029975906
MCF002044_006,0.5,L-Lactic acid,NormAbund,45207982.05995181
MCF002044_006,0.5,Phosphoenolpyruvic acid,Abund,1210290.720944796
MCF002044_006,0.5,Phosphoenolpyruvic acid,BlankcorAbund,1210290.720944796
MCF002044_006,0.5,Phosphoenolpyruvic acid,NormAbund,2420581.441889592
MCF002044_006,0.5,Pyruvic acid,Abund,265818.0570117944
MCF002044_006,0.5,Pyruvic acid,BlankcorAbund,171612.9140486386
MCF002044_006,0.5,Pyruvic acid,NormAbund,343225.8280972772
MCF002044_006,0.5,Citric acid,Abund,5923304.063278676
MCF002044_006,0.5,Citric acid,BlankcorAbund,5793048.531268753
MCF002044_006,0.5,Citric acid,NormAbund,11586097.062537506
MCF002044_006,0.5,Fumaric acid,Abund,1817936.701898411
MCF002044_006,0.5,Fumaric acid,BlankcorAbund,1431712.9545157943
MCF002044_006,0.5,Fumaric acid,NormAbund,2863425.9090315886
MCF002044_006,0.5,L-Malic acid,Abund,39382349.76606207
MCF002044_006,0.5,L-Malic acid,BlankcorAbund,39030229.65769454
MCF002044_006,0.5,L-Malic acid,NormAbund,78060459.31538908
MCF002044_006,0.5,Oxoglutaric acid,Abund,1155969.411397274
MCF002044_006,0.5,Oxoglutaric acid,BlankcorAbund,1155969.411397274
MCF002044_006,0.5,Oxoglutaric acid,NormAbund,2311938.822794548
MCF002044_006,0.5,Succinic acid,Abund,3564426.574718746
MCF002044_006,0.5,Succinic acid,BlankcorAbund,985982.2897652546
MCF002044_006,0.5,Succinic acid,NormAbund,1971964.5795305092
MCF002044_006,0.5,Glycine,Abund,45854994.86637761
MCF002044_006,0.5,Glycine,BlankcorAbund,43666023.91988663
MCF002044_006,0.5,Glycine,NormAbund,87332047.83977325
MCF002044_006,0.5,L-Alanine,Abund,27475003.69646452
MCF002044_006,0.5,L-Alanine,BlankcorAbund,25708142.489631563
MCF002044_006,0.5,L-Alanine,NormAbund,51416284.97926313
MCF002044_006,0.5,L-Asparagine,Abund,50005.82187688753
MCF002044_006,0.5,L-Asparagine,BlankcorAbund,20738.2774790336
MCF002044_006,0.5,L-Asparagine,NormAbund,41476.5549580672
MCF002044_006,0.5,L-Aspartic acid,Abund,51472139.53043348
MCF002044_006,0.5,L-Aspartic acid,BlankcorAbund,51472139.53043348
MCF002044_006,0.5,L-Aspartic acid,NormAbund,102944279.06086697
MCF002044_006,0.5,L-Cysteine,Abund,3256091.226761533
MCF002044_006,0.5,L-Cysteine,BlankcorAbund,3240471.8917186535
MCF002044_006,0.5,L-Cysteine,NormAbund,6480943.783437307
MCF002044_006,0.5,L-Glutamic acid,Abund,189561964.0660685
MCF002044_006,0.5,L-Glutamic acid,BlankcorAbund,189561964.0660685
MCF002044_006,0.5,L-Glutamic acid,NormAbund,379123928.132137
MCF002044_006,0.5,L-Isoleucine,Abund,4791522.047962151
MCF002044_006,0.5,L-Isoleucine,BlankcorAbund,4132762.3425023207
MCF002044_006,0.5,L-Isoleucine,NormAbund,8265524.685004641
MCF002044_006,0.5,L-Leucine,Abund,3503286.096493182
MCF002044_006,0.5,L-Leucine,BlankcorAbund,3302059.8372831
MCF002044_006,0.5,L-Leucine,NormAbund,6604119.6745662
MCF002044_006,0.5,L-Lysine,Abund,3014038.601733054
MCF002044_006,0.5,L-Lysine,BlankcorAbund,3014038.601733054
MCF002044_006,0.5,L-Lysine,NormAbund,6028077.203466108
MCF002044_006,0.5,L-Methionine,Abund,4149763.295836245
MCF002044_006,0.5,L-Methionine,BlankcorAbund,4122357.296205766
MCF002044_006,0.5,L-Methionine,NormAbund,8244714.592411532
MCF002044_006,0.5,L-Phenylalanine,Abund,6930414.858295961
MCF002044_006,0.5,L-Phenylalanine,BlankcorAbund,6930414.858295961
MCF002044_006,0.5,L-Phenylalanine,NormAbund,13860829.716591923
MCF002044_006,0.5,L-Proline,Abund,8859132.511909822
MCF002044_006,0.5,L-Proline,BlankcorAbund,8855613.076983329
MCF002044_006,0.5,L-Proline,NormAbund,17711226.153966658
MCF002044_006,0.5,L-Serine,Abund,800856.613745672
MCF002044_006,0.5,L-Serine,BlankcorAbund,800856.613745672
MCF002044_006,0.5,L-Serine,NormAbund,1601713.227491344
MCF002044_006,0.5,L-Threonine,Abund,4711363.523175325
MCF002044_006,0.5,L-Threonine,BlankcorAbund,4597219.406864637
MCF002044_006,0.5,L-Threonine,NormAbund,9194438.813729273
MCF002044_006,0.5,L-Tryptophan,Abund,608579.2717016451
MCF002044_006,0.5,L-Tryptophan,BlankcorAbund,608579.2717016451
MCF002044_006,0.5,L-Tryptophan,NormAbund,1217158.5434032902
MCF002044_006,0.5,L-Tyrosine,Abund,912292.3036280607
MCF002044_006,0.5,L-Tyrosine,BlankcorAbund,912292.3036280607
MCF002044_006,0.5,L-Tyrosine,NormAbund,1824584.6072561215
MCF002044_006,0.5,L-Valine,Abund,10934391.3288096
MCF002044_006,0.5,L-Valine,BlankcorAbund,10543524.029183099
MCF002044_006,0.5,L-Valine,NormAbund,21087048.058366198
MCF002044_006,0.5,Myristic acid,Abund,4774112.013197958
MCF002044_006,0.5,Myristic acid,BlankcorAbund,-46206.95413978398
MCF002044_006,0.5,Myristic acid,NormAbund,-92413.90827956796
MCF002044_006,0.5,Palmitic acid,Abund,242613873.2630267
MCF002044_006,0.5,Palmitic acid,BlankcorAbund,-30425683.359871387
MCF002044_006,0.5,Palmitic acid,NormAbund,-60851366.719742775
MCF002044_006,0.5,Stearic acid,Abund,99746494.58537795
MCF002044_006,0.5,Stearic acid,BlankcorAbund,7429755.4163948
MCF002044_006,0.5,Stearic acid,NormAbund,14859510.8327896
MCF002044_006,0.5,Fructose,Abund,8165806.097368304
MCF002044_006,0.5,Fructose,BlankcorAbund,7567031.933024318
MCF002044_006,0.5,Fructose,NormAbund,15134063.866048636
MCF002044_006,0.5,Glucose,Abund,6366334121.744033
MCF002044_006,0.5,Glucose,BlankcorAbund,6364890540.867239
MCF002044_006,0.5,Glucose,NormAbund,12729781081.734478
MCF002044_006,0.5,Pentose-phosphate,Abund,9015937.753370726
MCF002044_006,0.5,Pentose-phosphate,BlankcorAbund,9015937.753370726
MCF002044_006,0.5,Pentose-phosphate,NormAbund,18031875.506741453
MCF002044_006,0.5,Myo-inositol,Abund,145401535.7645215
MCF002044_006,0.5,Myo-inositol,BlankcorAbund,145389281.93524382
MCF002044_006,0.5,Myo-inositol,NormAbund,290778563.87048763
MCF002044_006,0.5,2-DL-Hydroxybutyric acid,Abund,61332.24714805904
MCF002044_006,0.5,2-DL-Hydroxybutyric acid,BlankcorAbund,-11883.34893974696
MCF002044_006,0.5,2-DL-Hydroxybutyric acid,NormAbund,-23766.69787949392
MCF002044_006,0.5,3-DL-Hydroxybutyric acid,Abund,3004117.949407272
MCF002044_006,0.5,3-DL-Hydroxybutyric acid,BlankcorAbund,1002513.1954965838
MCF002044_006,0.5,3-DL-Hydroxybutyric acid,NormAbund,2005026.3909931676
MCF002044_006,0.5,DL-2-Hydroxyglutaric acid,Abund,1175183.71815481
MCF002044_006,0.5,DL-2-Hydroxyglutaric acid,BlankcorAbund,1143729.9309605537
MCF002044_006,0.5,DL-2-Hydroxyglutaric acid,NormAbund,2287459.8619211074
MCF002044_006,0.5,Oxoadipic acid,Abund,6985.029314012949
MCF002044_006,0.5,Oxoadipic acid,BlankcorAbund,6985.029314012949
MCF002044_006,0.5,Oxoadipic acid,NormAbund,13970.058628025898
MCF002044_006,0.5,(S)-a-Acetolactic Acid,Abund,0
MCF002044_006,0.5,(S)-a-Acetolactic Acid,BlankcorAbund,0
MCF002044_006,0.5,(S)-a-Acetolactic Acid,NormAbund,0
MCF002044_006,0.5,"2,3-dihydroxyisovalerate",Abund,0
MCF002044_006,0.5,"2,3-dihydroxyisovalerate",BlankcorAbund,0
MCF002044_006,0.5,"2,3-dihydroxyisovalerate",NormAbund,0
MCF002044_006,0.5,2-isopropylmalic acid,Abund,0
MCF002044_006,0.5,2-isopropylmalic acid,BlankcorAbund,0
MCF002044_006,0.5,2-isopropylmalic acid,NormAbund,0
MCF002044_006,0.5,a-Ketobutyric acid,Abund,0
MCF002044_006,0.5,a-Ketobutyric acid,BlankcorAbund,-364265.91866605467
MCF002044_006,0.5,a-Ketobutyric acid,NormAbund,-728531.8373321093
MCF002044_006,0.5,Fucose,Abund,330245.6145515701
MCF002044_006,0.5,Fucose,BlankcorAbund,330245.6145515701
MCF002044_006,0.5,Fucose,NormAbund,660491.2291031402
MCF002044_006,0.5,Galacturonic acid,Abund,0
MCF002044_006,0.5,Galacturonic acid,BlankcorAbund,0
MCF002044_006,0.5,Galacturonic acid,NormAbund,0
MCF002044_006,0.5,Glucuronic acid,Abund,4040617.782554884
MCF002044_006,0.5,Glucuronic acid,BlankcorAbund,4040617.782554884
MCF002044_006,0.5,Glucuronic acid,NormAbund,8081235.565109768
MCF002044_006,0.5,Mannitol,Abund,27490.97610604386
MCF002044_006,0.5,Mannitol,BlankcorAbund,27490.97610604386
MCF002044_006,0.5,Mannitol,NormAbund,54981.95221208772
MCF002044_006,0.5,Sorbitol,Abund,6177126.054505878
MCF002044_006,0.5,Sorbitol,BlankcorAbund,6092869.226248703
MCF002044_006,0.5,Sorbitol,NormAbund,12185738.452497406
MCF002044_004,0.5,(2 and/or 3-)Phosphoglyceric acid,FracCont,0.1292532210135885
MCF002044_004,0.5,(S)-a-Acetolactic Acid,FracCont,0
MCF002044_004,0.5,"2,3-dihydroxyisovalerate",FracCont,0
MCF002044_004,0.5,2-DL-Hydroxybutyric acid,FracCont,0.014455649300041874
MCF002044_004,0.5,2-Phosphoglyceric acid,FracCont,0.0893744068970417
MCF002044_004,0.5,2-isopropylmalic acid,FracCont,0
MCF002044_004,0.5,3-DL-Hydroxybutyric acid,FracCont,0.014893536039708794
MCF002044_004,0.5,Citric acid,FracCont,0.031149670596921933
MCF002044_004,0.5,D-Glyceraldehyde 3-phosphate,FracCont,0.12077235571791456
MCF002044_004,0.5,DL-2-Hydroxyglutaric acid,FracCont,3.571058653125169e-4
MCF002044_004,0.5,Dihydroxyacetone phosphate,FracCont,0.1574247942723674
MCF002044_004,0.5,Fructose,FracCont,0.3036901817055897
MCF002044_004,0.5,Fucose,FracCont,0.008373948609527967
MCF002044_004,0.5,Fumaric acid,FracCont,0.012252077645480981
MCF002044_004,0.5,Galacturonic acid,FracCont,0
MCF002044_004,0.5,Glucose,FracCont,1.0049964534756306
MCF002044_004,0.5,Glucuronic acid,FracCont,0.007303153591831743
MCF002044_004,0.5,Glycerol 3-phosphate,FracCont,0.01892469305840404
MCF002044_004,0.5,Glycine,FracCont,0
MCF002044_004,0.5,Hexose,FracCont,1.0043246750822583
MCF002044_004,0.5,Hexose-phosphate,FracCont,0.27224897118137636
MCF002044_004,0.5,L-Alanine,FracCont,0.01212919270923231
MCF002044_004,0.5,L-Asparagine,FracCont,0.025466800523533922
MCF002044_004,0.5,L-Aspartic acid,FracCont,0.02337197557282677
MCF002044_004,0.5,L-Cysteine,FracCont,0.01454094869345269
MCF002044_004,0.5,L-Glutamic acid,FracCont,4.5690803923551405e-4
MCF002044_004,0.5,L-Isoleucine,FracCont,0.013594492108937263
MCF002044_004,0.5,L-Lactic acid,FracCont,0.09530726294395618
MCF002044_004,0.5,L-Leucine,FracCont,0.002364955283895175
MCF002044_004,0.5,L-Lysine,FracCont,3.931284302278156e-4
MCF002044_004,0.5,L-Malic acid,FracCont,0.0015850498680456014
MCF002044_004,0.5,L-Methionine,FracCont,0.008517595720589197
MCF002044_004,0.5,L-Phenylalanine,FracCont,9.663541873835108e-5
MCF002044_004,0.5,L-Proline,FracCont,0
MCF002044_004,0.5,L-Serine,FracCont,0.006241709833212347
MCF002044_004,0.5,L-Threonine,FracCont,0
MCF002044_004,0.5,L-Tryptophan,FracCont,0.0015033160899378284
MCF002044_004,0.5,L-Tyrosine,FracCont,0.00980588961263426
MCF002044_004,0.5,L-Valine,FracCont,0.006262246897107635
MCF002044_004,0.5,Mannitol,FracCont,0.019972879042100124
MCF002044_004,0.5,Myo-inositol,FracCont,0.0028507062837794576
MCF002044_004,0.5,Myristic acid,FracCont,0.0014234435815003014
MCF002044_004,0.5,Oxoadipic acid,FracCont,0
MCF002044_004,0.5,Oxoglutaric acid,FracCont,0
MCF002044_004,0.5,Palmitic acid,FracCont,4.232368121305452e-4
MCF002044_004,0.5,Pentose-phosphate,FracCont,0
MCF002044_004,0.5,Phosphoenolpyruvic acid,FracCont,0.1372463738082305
MCF002044_004,0.5,Pyruvic acid,FracCont,0.002933778566051822
MCF002044_004,0.5,Sorbitol,FracCont,0.006477174267225137
MCF002044_004,0.5,Stearic acid,FracCont,8.670186583343054e-5
MCF002044_004,0.5,Succinic acid,FracCont,6.139588263246755e-4
MCF002044_004,0.5,a-Ketobutyric acid,FracCont,0.006213847265236986
MCF002044_004,0.5,13C5-D5-15N Glutamic acid,FracCont,0
MCF002044_004,0.5,D7-Glucose,FracCont,0
MCF002044_004,0.5,Myristic acid d27,FracCont,0
MCF002044_005,0.5,(2 and/or 3-)Phosphoglyceric acid,FracCont,0.08188405156146335
MCF002044_005,0.5,(S)-a-Acetolactic Acid,FracCont,0
MCF002044_005,0.5,"2,3-dihydroxyisovalerate",FracCont,0
MCF002044_005,0.5,2-DL-Hydroxybutyric acid,FracCont,0.018241990305791437
MCF002044_005,0.5,2-Phosphoglyceric acid,FracCont,0.09066816426347453
MCF002044_005,0.5,2-isopropylmalic acid,FracCont,0
MCF002044_005,0.5,3-DL-Hydroxybutyric acid,FracCont,0.01543578613455739
MCF002044_005,0.5,Citric acid,FracCont,0.015366448526447267
MCF002044_005,0.5,D-Glyceraldehyde 3-phosphate,FracCont,0.05852301559844739
MCF002044_005,0.5,DL-2-Hydroxyglutaric acid,FracCont,0.003780181365126565
MCF002044_005,0.5,Dihydroxyacetone phosphate,FracCont,0.0858198411342737
MCF002044_005,0.5,Fructose,FracCont,0.28245297682607645
MCF002044_005,0.5,Fucose,FracCont,0.007856487239824128
MCF002044_005,0.5,Fumaric acid,FracCont,0.013074662255013272
MCF002044_005,0.5,Galacturonic acid,FracCont,1.0835689889910631
MCF002044_005,0.5,Glucose,FracCont,1.0072970238305643
MCF002044_005,0.5,Glucuronic acid,FracCont,0.007533103945424534
MCF002044_005,0.5,Glycerol 3-phosphate,FracCont,0.008719540190340623
MCF002044_005,0.5,Glycine,FracCont,0
MCF002044_005,0.5,Hexose,FracCont,1.0070405639950348
MCF002044_005,0.5,Hexose-phosphate,FracCont,0.17442133521931658
MCF002044_005,0.5,L-Alanine,FracCont,0.006620495413074357
MCF002044_005,0.5,L-Asparagine,FracCont,0.10652845712472046
MCF002044_005,0.5,L-Aspartic acid,FracCont,0.03523581034274482
MCF002044_005,0.5,L-Cysteine,FracCont,0.01949809366895804
MCF002044_005,0.5,L-Glutamic acid,FracCont,5.408488268794926e-4
MCF002044_005,0.5,L-Isoleucine,FracCont,0.015196492097659914
MCF002044_005,0.5,L-Lactic acid,FracCont,0.04851639932286702
MCF002044_005,0.5,L-Leucine,FracCont,0.0017566393960010054
MCF002044_005,0.5,L-Lysine,FracCont,1.0032672430388247e-4
MCF002044_005,0.5,L-Malic acid,FracCont,0.0011289291261789786
MCF002044_005,0.5,L-Methionine,FracCont,0.01017422940356694
MCF002044_005,0.5,L-Phenylalanine,FracCont,2.491561981959426e-4
MCF002044_005,0.5,L-Proline,FracCont,0
MCF002044_005,0.5,L-Serine,FracCont,0.0028889251561281626
MCF002044_005,0.5,L-Threonine,FracCont,0
MCF002044_005,0.5,L-Tryptophan,FracCont,0.0014786889106751056
MCF002044_005,0.5,L-Tyrosine,FracCont,0.01442759495443802
MCF002044_005,0.5,L-Valine,FracCont,0.007635817308842682
MCF002044_005,0.5,Mannitol,FracCont,0.08886708299682704
MCF002044_005,0.5,Myo-inositol,FracCont,0.003071455928757655
MCF002044_005,0.5,Myristic acid,FracCont,0.0016306404607202994
MCF002044_005,0.5,Oxoadipic acid,FracCont,0.01380670010284922
MCF002044_005,0.5,Oxoglutaric acid,FracCont,5.288191710503261e-4
MCF002044_005,0.5,Palmitic acid,FracCont,4.050513209373066e-4
MCF002044_005,0.5,Pentose-phosphate,FracCont,0
MCF002044_005,0.5,Phosphoenolpyruvic acid,FracCont,0.09461040205891141
MCF002044_005,0.5,Pyruvic acid,FracCont,0.002362777144452498
MCF002044_005,0.5,Sorbitol,FracCont,0.009993780350489761
MCF002044_005,0.5,Stearic acid,FracCont,4.357218810258883e-4
MCF002044_005,0.5,Succinic acid,FracCont,7.17016072526176e-6
MCF002044_005,0.5,a-Ketobutyric acid,FracCont,0
MCF002044_005,0.5,13C5-D5-15N Glutamic acid,FracCont,0
MCF002044_005,0.5,D7-Glucose,FracCont,0
MCF002044_005,0.5,Myristic acid d27,FracCont,0
MCF002044_006,0.5,(2 and/or 3-)Phosphoglyceric acid,FracCont,0.06743937058012783
MCF002044_006,0.5,(S)-a-Acetolactic Acid,FracCont,0
MCF002044_006,0.5,"2,3-dihydroxyisovalerate",FracCont,0
MCF002044_006,0.5,2-DL-Hydroxybutyric acid,FracCont,0.018241990305791447
MCF002044_006,0.5,2-Phosphoglyceric acid,FracCont,0.05708748600682478
MCF002044_006,0.5,2-isopropylmalic acid,FracCont,0
MCF002044_006,0.5,3-DL-Hydroxybutyric acid,FracCont,0.013369688522466264
MCF002044_006,0.5,Citric acid,FracCont,0.014706258141515155
MCF002044_006,0.5,D-Glyceraldehyde 3-phosphate,FracCont,0.05355211439233076
MCF002044_006,0.5,DL-2-Hydroxyglutaric acid,FracCont,8.327480409616835e-4
MCF002044_006,0.5,Dihydroxyacetone phosphate,FracCont,0.08232408721082064
MCF002044_006,0.5,Fructose,FracCont,0.2805662645694151
MCF002044_006,0.5,Fucose,FracCont,0.01672693964446827
MCF002044_006,0.5,Fumaric acid,FracCont,0.012722520505276315
MCF002044_006,0.5,Galacturonic acid,FracCont,0
MCF002044_006,0.5,Glucose,FracCont,1.0074812412645635
MCF002044_006,0.5,Glucuronic acid,FracCont,0.004172063433186318
MCF002044_006,0.5,Glycerol 3-phosphate,FracCont,0.008195955290687566
MCF002044_006,0.5,Glycine,FracCont,0
MCF002044_006,0.5,Hexose,FracCont,1.0071779639016982
MCF002044_006,0.5,Hexose-phosphate,FracCont,0.14819661634718576
MCF002044_006,0.5,L-Alanine,FracCont,0.004645255109690867
MCF002044_006,0.5,L-Asparagine,FracCont,0.0531355738877029
MCF002044_006,0.5,L-Aspartic acid,FracCont,0.0409141549665513
MCF002044_006,0.5,L-Cysteine,FracCont,0.01702920080016953
MCF002044_006,0.5,L-Glutamic acid,FracCont,3.1795963862445603e-4
MCF002044_006,0.5,L-Isoleucine,FracCont,0.014574612885022356
MCF002044_006,0.5,L-Lactic acid,FracCont,0.04086314742251743
MCF002044_006,0.5,L-Leucine,FracCont,0.009180416925692396
MCF002044_006,0.5,L-Lysine,FracCont,0.0010236191557983921
MCF002044_006,0.5,L-Malic acid,FracCont,0.0011414949058742114
MCF002044_006,0.5,L-Methionine,FracCont,0.010158719443744347
MCF002044_006,0.5,L-Phenylalanine,FracCont,5.7929958803175676e-5
MCF002044_006,0.5,L-Proline,FracCont,0
MCF002044_006,0.5,L-Serine,FracCont,0.0029119665500196954
MCF002044_006,0.5,L-Threonine,FracCont,0
MCF002044_006,0.5,L-Tryptophan,FracCont,0.0012298035668970695
MCF002044_006,0.5,L-Tyrosine,FracCont,0.011154934740537695
MCF002044_006,0.5,L-Valine,FracCont,0.006351148307029935
MCF002044_006,0.5,Mannitol,FracCont,0.08935197126374235
MCF002044_006,0.5,Myo-inositol,FracCont,0.0026744020380237462
MCF002044_006,0.5,Myristic acid,FracCont,0.0016260325104207308
MCF002044_006,0.5,Oxoadipic acid,FracCont,0.01380670010284922
MCF002044_006,0.5,Oxoglutaric acid,FracCont,5.54222408078989e-4
MCF002044_006,0.5,Palmitic acid,FracCont,4.159460740103849e-4
MCF002044_006,0.5,Pentose-phosphate,FracCont,0
MCF002044_006,0.5,Phosphoenolpyruvic acid,FracCont,0.0736459305351223
MCF002044_006,0.5,Pyruvic acid,FracCont,0.005183967903088806
MCF002044_006,0.5,Sorbitol,FracCont,0.005441504133654768
MCF002044_006,0.5,Stearic acid,FracCont,2.746393344173968e-4
MCF002044_006,0.5,Succinic acid,FracCont,2.303133785965415e-5
MCF002044_006,0.5,a-Ketobutyric acid,FracCont,0
MCF002044_006,0.5,13C5-D5-15N Glutamic acid,FracCont,0
MCF002044_006,0.5,D7-Glucose,FracCont,0
MCF002044_006,0.5,Myristic acid d27,FracCont,0
MCF002044_004,0.5,2-Phosphoglyceric acid,Isotopologue_C13-0,0.9326388790863127
MCF002044_005,0.5,2-Phosphoglyceric acid,Isotopologue_C13-0,0.9843718002413766
MCF002044_006,0.5,2-Phosphoglyceric acid,Isotopologue_C13-0,1.005425946827944
MCF002044_004,0.5,2-Phosphoglyceric acid,Isotopologue_C13-1,0.0143122073925519
MCF002044_005,0.5,2-Phosphoglyceric acid,Isotopologue_C13-1,-0.04491795563565332
MCF002044_006,0.5,2-Phosphoglyceric acid,Isotopologue_C13-1,-0.01315082984419042
MCF002044_004,0.5,2-Phosphoglyceric acid,Isotopologue_C13-2,-0.03155475757838899
MCF002044_005,0.5,2-Phosphoglyceric acid,Isotopologue_C13-2,-0.03012200886919789
MCF002044_006,0.5,2-Phosphoglyceric acid,Isotopologue_C13-2,-0.04936260299057803
MCF002044_004,0.5,2-Phosphoglyceric acid,Isotopologue_C13-3,0.0846036710995244
MCF002044_005,0.5,2-Phosphoglyceric acid,Isotopologue_C13-3,0.09066816426347453
MCF002044_006,0.5,2-Phosphoglyceric acid,Isotopologue_C13-3,0.05708748600682478
MCF002044_004,0.5,(2 and/or 3-)Phosphoglyceric acid,Isotopologue_C13-0,0.8784365273849754
MCF002044_005,0.5,(2 and/or 3-)Phosphoglyceric acid,Isotopologue_C13-0,0.9299301514839492
MCF002044_006,0.5,(2 and/or 3-)Phosphoglyceric acid,Isotopologue_C13-0,0.9406420802286257
MCF002044_004,0.5,(2 and/or 3-)Phosphoglyceric acid,Isotopologue_C13-1,-0.00678064485525737
MCF002044_005,0.5,(2 and/or 3-)Phosphoglyceric acid,Isotopologue_C13-1,-0.004099132410856153
MCF002044_006,0.5,(2 and/or 3-)Phosphoglyceric acid,Isotopologue_C13-1,-0.002729992827284568
MCF002044_004,0.5,(2 and/or 3-)Phosphoglyceric acid,Isotopologue_C13-2,-9.09103543306557e-4
MCF002044_005,0.5,(2 and/or 3-)Phosphoglyceric acid,Isotopologue_C13-2,-0.007715070634556381
MCF002044_006,0.5,(2 and/or 3-)Phosphoglyceric acid,Isotopologue_C13-2,-0.005351457981468898
MCF002044_004,0.5,(2 and/or 3-)Phosphoglyceric acid,Isotopologue_C13-3,0.1292532210135885
MCF002044_005,0.5,(2 and/or 3-)Phosphoglyceric acid,Isotopologue_C13-3,0.08188405156146335
MCF002044_006,0.5,(2 and/or 3-)Phosphoglyceric acid,Isotopologue_C13-3,0.06743937058012783
MCF002044_004,0.5,D-Glyceraldehyde 3-phosphate,Isotopologue_C13-0,0.9452821652574929
MCF002044_005,0.5,D-Glyceraldehyde 3-phosphate,Isotopologue_C13-0,0.9736483124570389
MCF002044_006,0.5,D-Glyceraldehyde 3-phosphate,Isotopologue_C13-0,0.9918015055578856
MCF002044_004,0.5,D-Glyceraldehyde 3-phosphate,Isotopologue_C13-1,-0.07075904333551122
MCF002044_005,0.5,D-Glyceraldehyde 3-phosphate,Isotopologue_C13-1,-0.01272556736639802
MCF002044_006,0.5,D-Glyceraldehyde 3-phosphate,Isotopologue_C13-1,-0.01457646252120538
MCF002044_004,0.5,D-Glyceraldehyde 3-phosphate,Isotopologue_C13-2,0.01411356708031076
MCF002044_005,0.5,D-Glyceraldehyde 3-phosphate,Isotopologue_C13-2,-0.01944576068908825
MCF002044_006,0.5,D-Glyceraldehyde 3-phosphate,Isotopologue_C13-2,-0.03077715742901105
MCF002044_004,0.5,D-Glyceraldehyde 3-phosphate,Isotopologue_C13-3,0.1113633109977074
MCF002044_005,0.5,D-Glyceraldehyde 3-phosphate,Isotopologue_C13-3,0.05852301559844739
MCF002044_006,0.5,D-Glyceraldehyde 3-phosphate,Isotopologue_C13-3,0.05355211439233076
MCF002044_004,0.5,Dihydroxyacetone phosphate,Isotopologue_C13-0,0.8549251531878647
MCF002044_005,0.5,Dihydroxyacetone phosphate,Isotopologue_C13-0,0.9410370360604627
MCF002044_006,0.5,Dihydroxyacetone phosphate,Isotopologue_C13-0,0.9514770170935025
MCF002044_004,0.5,Dihydroxyacetone phosphate,Isotopologue_C13-1,-0.005529229035445292
MCF002044_005,0.5,Dihydroxyacetone phosphate,Isotopologue_C13-1,-0.01786771630356786
MCF002044_006,0.5,Dihydroxyacetone phosphate,Isotopologue_C13-1,-0.0222954460820453
MCF002044_004,0.5,Dihydroxyacetone phosphate,Isotopologue_C13-2,-0.00682071842478655
MCF002044_005,0.5,Dihydroxyacetone phosphate,Isotopologue_C13-2,-0.008989160891168635
MCF002044_006,0.5,Dihydroxyacetone phosphate,Isotopologue_C13-2,-0.01150565822227777
MCF002044_004,0.5,Dihydroxyacetone phosphate,Isotopologue_C13-3,0.1574247942723674
MCF002044_005,0.5,Dihydroxyacetone phosphate,Isotopologue_C13-3,0.0858198411342737
MCF002044_006,0.5,Dihydroxyacetone phosphate,Isotopologue_C13-3,0.08232408721082064
MCF002044_004,0.5,Glycerol 3-phosphate,Isotopologue_C13-0,1.017210598423533
MCF002044_005,0.5,Glycerol 3-phosphate,Isotopologue_C13-0,1.029601229344168
MCF002044_006,0.5,Glycerol 3-phosphate,Isotopologue_C13-0,1.025410939913299
MCF002044_004,0.5,Glycerol 3-phosphate,Isotopologue_C13-1,-0.01660786598533524
MCF002044_005,0.5,Glycerol 3-phosphate,Isotopologue_C13-1,-0.01840882796268575
MCF002044_006,0.5,Glycerol 3-phosphate,Isotopologue_C13-1,-0.01367184792651079
MCF002044_004,0.5,Glycerol 3-phosphate,Isotopologue_C13-2,-0.01952742549660202
MCF002044_005,0.5,Glycerol 3-phosphate,Isotopologue_C13-2,-0.01991194157182258
MCF002044_006,0.5,Glycerol 3-phosphate,Isotopologue_C13-2,-0.01993504727747593
MCF002044_004,0.5,Glycerol 3-phosphate,Isotopologue_C13-3,0.01892469305840404
MCF002044_005,0.5,Glycerol 3-phosphate,Isotopologue_C13-3,0.008719540190340623
MCF002044_006,0.5,Glycerol 3-phosphate,Isotopologue_C13-3,0.008195955290687566
MCF002044_004,0.5,Hexose-phosphate,Isotopologue_C13-0,0.6968239101471995
MCF002044_005,0.5,Hexose-phosphate,Isotopologue_C13-0,0.8241469401968571
MCF002044_006,0.5,Hexose-phosphate,Isotopologue_C13-0,0.8560408055722606
MCF002044_004,0.5,Hexose-phosphate,Isotopologue_C13-1,-0.01813686886241908
MCF002044_005,0.5,Hexose-phosphate,Isotopologue_C13-1,-0.01015777696591363
MCF002044_006,0.5,Hexose-phosphate,Isotopologue_C13-1,-0.01551128482708933
MCF002044_004,0.5,Hexose-phosphate,Isotopologue_C13-2,-0.01259682650592797
MCF002044_005,0.5,Hexose-phosphate,Isotopologue_C13-2,-0.03109091080735969
MCF002044_006,0.5,Hexose-phosphate,Isotopologue_C13-2,-0.01860485852967712
MCF002044_004,0.5,Hexose-phosphate,Isotopologue_C13-3,0.1287340191224446
MCF002044_005,0.5,Hexose-phosphate,Isotopologue_C13-3,0.1133571261180245
MCF002044_006,0.5,Hexose-phosphate,Isotopologue_C13-3,0.07986690390074734
MCF002044_004,0.5,Hexose-phosphate,Isotopologue_C13-4,-0.003122230802818838
MCF002044_005,0.5,Hexose-phosphate,Isotopologue_C13-4,-0.01499907760716602
MCF002044_006,0.5,Hexose-phosphate,Isotopologue_C13-4,-0.006233906654961614
MCF002044_004,0.5,Hexose-phosphate,Isotopologue_C13-5,0.002496211688207482
MCF002044_005,0.5,Hexose-phosphate,Isotopologue_C13-5,0.006005561431521021
MCF002044_006,0.5,Hexose-phosphate,Isotopologue_C13-5,-0.003820823858091838
MCF002044_004,0.5,Hexose-phosphate,Isotopologue_C13-6,0.2058017852133145
MCF002044_005,0.5,Hexose-phosphate,Isotopologue_C13-6,0.1127381376340368
MCF002044_006,0.5,Hexose-phosphate,Isotopologue_C13-6,0.1082631643968121
MCF002044_004,0.5,Hexose,Isotopologue_C13-0,0.01233552184958762
MCF002044_005,0.5,Hexose,Isotopologue_C13-0,0.01007883536257349
MCF002044_006,0.5,Hexose,Isotopologue_C13-0,0.009719740728760176
MCF002044_004,0.5,Hexose,Isotopologue_C13-1,-4.919167083114458e-5
MCF002044_005,0.5,Hexose,Isotopologue_C13-1,1.020984909754629e-4
MCF002044_006,0.5,Hexose,Isotopologue_C13-1,3.092399130885324e-6
MCF002044_004,0.5,Hexose,Isotopologue_C13-2,8.666818470762271e-6
MCF002044_005,0.5,Hexose,Isotopologue_C13-2,-1.652866232689544e-4
MCF002044_006,0.5,Hexose,Isotopologue_C13-2,1.217797070903918e-5
MCF002044_004,0.5,Hexose,Isotopologue_C13-3,5.583294030851693e-5
MCF002044_005,0.5,Hexose,Isotopologue_C13-3,6.723101807410215e-5
MCF002044_006,0.5,Hexose,Isotopologue_C13-3,8.063652526046275e-5
MCF002044_004,0.5,Hexose,Isotopologue_C13-4,5.095628431708509e-4
MCF002044_005,0.5,Hexose,Isotopologue_C13-4,5.366852255629684e-4
MCF002044_006,0.5,Hexose,Isotopologue_C13-4,5.225845624396058e-4
MCF002044_004,0.5,Hexose,Isotopologue_C13-5,-0.01681455389120657
MCF002044_005,0.5,Hexose,Isotopologue_C13-5,-0.01725170539437682
MCF002044_006,0.5,Hexose,Isotopologue_C13-5,-0.01712291339365024
MCF002044_004,0.5,Hexose,Isotopologue_C13-6,1.0039541611105
MCF002044_005,0.5,Hexose,Isotopologue_C13-6,1.00663214192046
MCF002044_006,0.5,Hexose,Isotopologue_C13-6,1.00678468120735
MCF002044_004,0.5,L-Lactic acid,Isotopologue_C13-0,0.9197919386763699
MCF002044_005,0.5,L-Lactic acid,Isotopologue_C13-0,0.9677856649915189
MCF002044_006,0.5,L-Lactic acid,Isotopologue_C13-0,0.9735730376961316
MCF002044_004,0.5,L-Lactic acid,Isotopologue_C13-1,-0.007984813084550457
MCF002044_005,0.5,L-Lactic acid,Isotopologue_C13-1,-0.007569245650166821
MCF002044_006,0.5,L-Lactic acid,Isotopologue_C13-1,-0.006303673346909147
MCF002044_004,0.5,L-Lactic acid,Isotopologue_C13-2,-0.007114388535775633
MCF002044_005,0.5,L-Lactic acid,Isotopologue_C13-2,-0.008732818664219126
MCF002044_006,0.5,L-Lactic acid,Isotopologue_C13-2,-0.008132511771739728
MCF002044_004,0.5,L-Lactic acid,Isotopologue_C13-3,0.09530726294395618
MCF002044_005,0.5,L-Lactic acid,Isotopologue_C13-3,0.04851639932286701
MCF002044_006,0.5,L-Lactic acid,Isotopologue_C13-3,0.04086314742251743
MCF002044_004,0.5,Phosphoenolpyruvic acid,Isotopologue_C13-0,0.8774516370841111
MCF002044_005,0.5,Phosphoenolpyruvic acid,Isotopologue_C13-0,0.9287470623114132
MCF002044_006,0.5,Phosphoenolpyruvic acid,Isotopologue_C13-0,0.9281660321913517
MCF002044_004,0.5,Phosphoenolpyruvic acid,Isotopologue_C13-1,-0.006505843776209831
MCF002044_005,0.5,Phosphoenolpyruvic acid,Isotopologue_C13-1,-0.01285544165368801
MCF002044_006,0.5,Phosphoenolpyruvic acid,Isotopologue_C13-1,-0.001809266532585522
MCF002044_004,0.5,Phosphoenolpyruvic acid,Isotopologue_C13-2,-0.008192167116131712
MCF002044_005,0.5,Phosphoenolpyruvic acid,Isotopologue_C13-2,-0.0105020227166368
MCF002044_006,0.5,Phosphoenolpyruvic acid,Isotopologue_C13-2,-2.696193888520646e-6
MCF002044_004,0.5,Phosphoenolpyruvic acid,Isotopologue_C13-3,0.1372463738082305
MCF002044_005,0.5,Phosphoenolpyruvic acid,Isotopologue_C13-3,0.09461040205891141
MCF002044_006,0.5,Phosphoenolpyruvic acid,Isotopologue_C13-3,0.0736459305351223
MCF002044_004,0.5,Pyruvic acid,Isotopologue_C13-0,1.134580652182052
MCF002044_005,0.5,Pyruvic acid,Isotopologue_C13-0,1.127279438886564
MCF002044_006,0.5,Pyruvic acid,Isotopologue_C13-0,1.152615135262989
MCF002044_004,0.5,Pyruvic acid,Isotopologue_C13-1,-0.1213393379906926
MCF002044_005,0.5,Pyruvic acid,Isotopologue_C13-1,-0.1175250224005588
MCF002044_006,0.5,Pyruvic acid,Isotopologue_C13-1,-0.1183708864177392
MCF002044_004,0.5,Pyruvic acid,Isotopologue_C13-2,-0.01617509275741101
MCF002044_005,0.5,Pyruvic acid,Isotopologue_C13-2,-0.01211719363045753
MCF002044_006,0.5,Pyruvic acid,Isotopologue_C13-2,-0.03942821674833841
MCF002044_004,0.5,Pyruvic acid,Isotopologue_C13-3,0.002933778566051822
MCF002044_005,0.5,Pyruvic acid,Isotopologue_C13-3,0.002362777144452498
MCF002044_006,0.5,Pyruvic acid,Isotopologue_C13-3,0.005183967903088806
MCF002044_004,0.5,Citric acid,Isotopologue_C13-0,0.9144527754865804
MCF002044_005,0.5,Citric acid,Isotopologue_C13-0,0.9644421843042883
MCF002044_006,0.5,Citric acid,Isotopologue_C13-0,0.9689249935281616
MCF002044_004,0.5,Citric acid,Isotopologue_C13-1,3.064699320251223e-4
MCF002044_005,0.5,Citric acid,Isotopologue_C13-1,-0.003268869741905001
MCF002044_006,0.5,Citric acid,Isotopologue_C13-1,-0.008947309480970321
MCF002044_004,0.5,Citric acid,Isotopologue_C13-2,0.07604853561299524
MCF002044_005,0.5,Citric acid,Isotopologue_C13-2,0.03589175633404106
MCF002044_006,0.5,Citric acid,Isotopologue_C13-2,0.03426336983994969
MCF002044_004,0.5,Citric acid,Isotopologue_C13-3,0.007483465525708142
MCF002044_005,0.5,Citric acid,Isotopologue_C13-3,0.003433872349956944
MCF002044_006,0.5,Citric acid,Isotopologue_C13-3,0.00623507367230464
MCF002044_004,0.5,Citric acid,Isotopologue_C13-4,0.002007137443697011
MCF002044_005,0.5,Citric acid,Isotopologue_C13-4,-0.00154176205838608
MCF002044_006,0.5,Citric acid,Isotopologue_C13-4,2.513970380694098e-4
MCF002044_004,0.5,Citric acid,Isotopologue_C13-5,8.031072143207033e-4
MCF002044_005,0.5,Citric acid,Isotopologue_C13-5,0.002022712288146131
MCF002044_006,0.5,Citric acid,Isotopologue_C13-5,-3.362443759500378e-5
MCF002044_004,0.5,Citric acid,Isotopologue_C13-6,-0.001101491215326564
MCF002044_005,0.5,Citric acid,Isotopologue_C13-6,-9.798934761413279e-4
MCF002044_006,0.5,Citric acid,Isotopologue_C13-6,-6.93900159919936e-4
MCF002044_004,0.5,Fumaric acid,Isotopologue_C13-0,1.099163950492632
MCF002044_005,0.5,Fumaric acid,Isotopologue_C13-0,1.093093279100426
MCF002044_006,0.5,Fumaric acid,Isotopologue_C13-0,1.096238508976649
MCF002044_004,0.5,Fumaric acid,Isotopologue_C13-1,-0.01115703897648535
MCF002044_005,0.5,Fumaric acid,Isotopologue_C13-1,-0.00518413350783109
MCF002044_006,0.5,Fumaric acid,Isotopologue_C13-1,-0.008372096472402463
MCF002044_004,0.5,Fumaric acid,Isotopologue_C13-2,-0.1015143700589101
MCF002044_005,0.5,Fumaric acid,Isotopologue_C13-2,-0.1021417591452726
MCF002044_006,0.5,Fumaric acid,Isotopologue_C13-2,-0.101797884163359
MCF002044_004,0.5,Fumaric acid,Isotopologue_C13-3,0.005021523589131014
MCF002044_005,0.5,Fumaric acid,Isotopologue_C13-3,0.004631805190657511
MCF002044_006,0.5,Fumaric acid,Isotopologue_C13-3,0.004835804615343213
MCF002044_004,0.5,Fumaric acid,Isotopologue_C13-4,0.00848593495363272
MCF002044_005,0.5,Fumaric acid,Isotopologue_C13-4,0.009600808362020138
MCF002044_006,0.5,Fumaric acid,Isotopologue_C13-4,0.009095667043768905
MCF002044_004,0.5,L-Malic acid,Isotopologue_C13-0,1.003851466052335
MCF002044_005,0.5,L-Malic acid,Isotopologue_C13-0,1.010647372530774
MCF002044_006,0.5,L-Malic acid,Isotopologue_C13-0,1.011257180870454
MCF002044_004,0.5,L-Malic acid,Isotopologue_C13-1,-0.001457430591278119
MCF002044_005,0.5,L-Malic acid,Isotopologue_C13-1,-0.005379095462323659
MCF002044_006,0.5,L-Malic acid,Isotopologue_C13-1,-0.006453535595154831
MCF002044_004,0.5,L-Malic acid,Isotopologue_C13-2,-0.002568329630495875
MCF002044_005,0.5,L-Malic acid,Isotopologue_C13-2,-0.004822265470549246
MCF002044_006,0.5,L-Malic acid,Isotopologue_C13-2,-0.004418060591042231
MCF002044_004,0.5,L-Malic acid,Isotopologue_C13-3,0.002113399824060802
MCF002044_005,0.5,L-Malic acid,Isotopologue_C13-3,0.001505238834905305
MCF002044_006,0.5,L-Malic acid,Isotopologue_C13-3,0.001521993207832282
MCF002044_004,0.5,L-Malic acid,Isotopologue_C13-4,-0.001939105654621852
MCF002044_005,0.5,L-Malic acid,Isotopologue_C13-4,-0.001951250432806323
MCF002044_006,0.5,L-Malic acid,Isotopologue_C13-4,-0.001907577892089665
MCF002044_004,0.5,Oxoglutaric acid,Isotopologue_C13-0,1.027265712182364
MCF002044_005,0.5,Oxoglutaric acid,Isotopologue_C13-0,1.029326547897588
MCF002044_006,0.5,Oxoglutaric acid,Isotopologue_C13-0,1.036826612065217
MCF002044_004,0.5,Oxoglutaric acid,Isotopologue_C13-1,-0.004303106949407682
MCF002044_005,0.5,Oxoglutaric acid,Isotopologue_C13-1,-0.006122428511409342
MCF002044_006,0.5,Oxoglutaric acid,Isotopologue_C13-1,-0.01327083764309324
MCF002044_004,0.5,Oxoglutaric acid,Isotopologue_C13-2,-0.02015652961042202
MCF002044_005,0.5,Oxoglutaric acid,Isotopologue_C13-2,-0.009286213219099091
MCF002044_006,0.5,Oxoglutaric acid,Isotopologue_C13-2,-0.01052040414135743
MCF002044_004,0.5,Oxoglutaric acid,Isotopologue_C13-3,-0.001789679353457237
MCF002044_005,0.5,Oxoglutaric acid,Isotopologue_C13-3,-0.01431926008797049
MCF002044_006,0.5,Oxoglutaric acid,Isotopologue_C13-3,-0.0134733004694855
MCF002044_004,0.5,Oxoglutaric acid,Isotopologue_C13-4,-8.32317716806422e-4
MCF002044_005,0.5,Oxoglutaric acid,Isotopologue_C13-4,6.610239638129076e-4
MCF002044_006,0.5,Oxoglutaric acid,Isotopologue_C13-4,6.927780100987363e-4
MCF002044_004,0.5,Oxoglutaric acid,Isotopologue_C13-5,-1.840785522707223e-4
MCF002044_005,0.5,Oxoglutaric acid,Isotopologue_C13-5,-2.596700429217935e-4
MCF002044_006,0.5,Oxoglutaric acid,Isotopologue_C13-5,-2.548478213796931e-4
MCF002044_004,0.5,Succinic acid,Isotopologue_C13-0,1.021281679354822
MCF002044_005,0.5,Succinic acid,Isotopologue_C13-0,1.021645631696582
MCF002044_006,0.5,Succinic acid,Isotopologue_C13-0,1.02902147326623
MCF002044_004,0.5,Succinic acid,Isotopologue_C13-1,-0.01526707091434029
MCF002044_005,0.5,Succinic acid,Isotopologue_C13-1,-0.0174247218957738
MCF002044_006,0.5,Succinic acid,Isotopologue_C13-1,-0.02294597583002954
MCF002044_004,0.5,Succinic acid,Isotopologue_C13-2,0.001227917652649351
MCF002044_005,0.5,Succinic acid,Isotopologue_C13-2,1.434032145052352e-5
MCF002044_006,0.5,Succinic acid,Isotopologue_C13-2,4.60626757193083e-5
MCF002044_004,0.5,Succinic acid,Isotopologue_C13-3,-0.005166312222944739
MCF002044_005,0.5,Succinic acid,Isotopologue_C13-3,-0.002026585850469432
MCF002044_006,0.5,Succinic acid,Isotopologue_C13-3,-0.00411536361967153
MCF002044_004,0.5,Succinic acid,Isotopologue_C13-4,-0.002076213870186587
MCF002044_005,0.5,Succinic acid,Isotopologue_C13-4,-0.002208664271789407
MCF002044_006,0.5,Succinic acid,Isotopologue_C13-4,-0.002006196492248276
MCF002044_004,0.5,Glycine,Isotopologue_C13-0,1.015470362870313
MCF002044_005,0.5,Glycine,Isotopologue_C13-0,1.015895918685664
MCF002044_006,0.5,Glycine,Isotopologue_C13-0,1.01646363943917
MCF002044_004,0.5,Glycine,Isotopologue_C13-1,-0.006346614868059584
MCF002044_005,0.5,Glycine,Isotopologue_C13-1,-0.009238470459389228
MCF002044_006,0.5,Glycine,Isotopologue_C13-1,-0.006596307936091666
MCF002044_004,0.5,Glycine,Isotopologue_C13-2,-0.009123748002253275
MCF002044_005,0.5,Glycine,Isotopologue_C13-2,-0.006657448226274715
MCF002044_006,0.5,Glycine,Isotopologue_C13-2,-0.009867331503078822
MCF002044_004,0.5,L-Alanine,Isotopologue_C13-0,1.006213781581571
MCF002044_005,0.5,L-Alanine,Isotopologue_C13-0,1.014495998785649
MCF002044_006,0.5,L-Alanine,Isotopologue_C13-0,1.014353399486099
MCF002044_004,0.5,L-Alanine,Isotopologue_C13-1,-0.006677912341372231
MCF002044_005,0.5,L-Alanine,Isotopologue_C13-1,-0.009829626458621702
MCF002044_006,0.5,L-Alanine,Isotopologue_C13-1,-0.009366937913073444
MCF002044_004,0.5,L-Alanine,Isotopologue_C13-2,-0.01166506194943067
MCF002044_005,0.5,L-Alanine,Isotopologue_C13-2,-0.01128686774010161
MCF002044_006,0.5,L-Alanine,Isotopologue_C13-2,-0.009631716682716202
MCF002044_004,0.5,L-Alanine,Isotopologue_C13-3,0.01212919270923231
MCF002044_005,0.5,L-Alanine,Isotopologue_C13-3,0.006620495413074357
MCF002044_006,0.5,L-Alanine,Isotopologue_C13-3,0.004645255109690867
MCF002044_004,0.5,L-Asparagine,Isotopologue_C13-0,1.129182218204758
MCF002044_005,0.5,L-Asparagine,Isotopologue_C13-0,0.8756267820695637
MCF002044_006,0.5,L-Asparagine,Isotopologue_C13-0,0.9620965807231382
MCF002044_004,0.5,L-Asparagine,Isotopologue_C13-1,0.02080378029981848
MCF002044_005,0.5,L-Asparagine,Isotopologue_C13-1,0.3496127785649203
MCF002044_006,0.5,L-Asparagine,Isotopologue_C13-1,-0.004102029445031959
MCF002044_004,0.5,L-Asparagine,Isotopologue_C13-2,-0.1728488701836995
MCF002044_005,0.5,L-Asparagine,Isotopologue_C13-2,-0.2314119138413757
MCF002044_006,0.5,L-Asparagine,Isotopologue_C13-2,0.1062711477754058
MCF002044_004,0.5,L-Asparagine,Isotopologue_C13-3,0.01038806492217348
MCF002044_005,0.5,L-Asparagine,Isotopologue_C13-3,-0.01295290927659877
MCF002044_006,0.5,L-Asparagine,Isotopologue_C13-3,-0.05809825333223236
MCF002044_004,0.5,L-Asparagine,Isotopologue_C13-4,0.01247480675694919
MCF002044_005,0.5,L-Asparagine,Isotopologue_C13-4,0.01912526248349039
MCF002044_006,0.5,L-Asparagine,Isotopologue_C13-4,-0.006167445721279731
MCF002044_004,0.5,L-Aspartic acid,Isotopologue_C13-0,0.9786072387649412
MCF002044_005,0.5,L-Aspartic acid,Isotopologue_C13-0,0.9632790058759988
MCF002044_006,0.5,L-Aspartic acid,Isotopologue_C13-0,0.9609692612726897
MCF002044_004,0.5,L-Aspartic acid,Isotopologue_C13-1,-0.005103398465512691
MCF002044_005,0.5,L-Aspartic acid,Isotopologue_C13-1,-0.004159721519841102
MCF002044_006,0.5,L-Aspartic acid,Isotopologue_C13-1,-0.008527656141160729
MCF002044_004,0.5,L-Aspartic acid,Isotopologue_C13-2,-0.002478145425503619
MCF002044_005,0.5,L-Aspartic acid,Isotopologue_C13-2,-0.006059797639184704
MCF002044_006,0.5,L-Aspartic acid,Isotopologue_C13-2,-0.006464589714101591
MCF002044_004,0.5,L-Aspartic acid,Isotopologue_C13-3,0.03116263409710236
MCF002044_005,0.5,L-Aspartic acid,Isotopologue_C13-3,0.04681881176112864
MCF002044_006,0.5,L-Aspartic acid,Isotopologue_C13-3,0.05243531846408507
MCF002044_004,0.5,L-Aspartic acid,Isotopologue_C13-4,-0.002188328971027274
MCF002044_005,0.5,L-Aspartic acid,Isotopologue_C13-4,1.217015218983416e-4
MCF002044_006,0.5,L-Aspartic acid,Isotopologue_C13-4,0.00158766611848749
MCF002044_004,0.5,L-Cysteine,Isotopologue_C13-0,1.255960943440356
MCF002044_005,0.5,L-Cysteine,Isotopologue_C13-0,1.257017587810896
MCF002044_006,0.5,L-Cysteine,Isotopologue_C13-0,1.250770319281523
MCF002044_004,0.5,L-Cysteine,Isotopologue_C13-1,-0.1224422301690027
MCF002044_005,0.5,L-Cysteine,Isotopologue_C13-1,-0.1291747888474963
MCF002044_006,0.5,L-Cysteine,Isotopologue_C13-1,-0.1228188382110186
MCF002044_004,0.5,L-Cysteine,Isotopologue_C13-2,-0.1480596619648057
MCF002044_005,0.5,L-Cysteine,Isotopologue_C13-2,-0.1473408926323573
MCF002044_006,0.5,L-Cysteine,Isotopologue_C13-2,-0.144980681870674
MCF002044_004,0.5,L-Cysteine,Isotopologue_C13-3,0.01454094869345269
MCF002044_005,0.5,L-Cysteine,Isotopologue_C13-3,0.01949809366895804
MCF002044_006,0.5,L-Cysteine,Isotopologue_C13-3,0.01702920080016953
MCF002044_004,0.5,L-Glutamic acid,Isotopologue_C13-0,1.005420945751132
MCF002044_005,0.5,L-Glutamic acid,Isotopologue_C13-0,1.004915780625796
MCF002044_006,0.5,L-Glutamic acid,Isotopologue_C13-0,1.006278397273614
MCF002044_004,0.5,L-Glutamic acid,Isotopologue_C13-1,-0.002575378246542103
MCF002044_005,0.5,L-Glutamic acid,Isotopologue_C13-1,-0.001522734021113421
MCF002044_006,0.5,L-Glutamic acid,Isotopologue_C13-1,-0.002403620574432624
MCF002044_004,0.5,L-Glutamic acid,Isotopologue_C13-2,-0.002923437015677808
MCF002044_005,0.5,L-Glutamic acid,Isotopologue_C13-2,-0.003791442407320543
MCF002044_006,0.5,L-Glutamic acid,Isotopologue_C13-2,-0.003687752549359951
MCF002044_004,0.5,L-Glutamic acid,Isotopologue_C13-3,6.950233662029854e-4
MCF002044_005,0.5,L-Glutamic acid,Isotopologue_C13-3,1.099129900592093e-4
MCF002044_006,0.5,L-Glutamic acid,Isotopologue_C13-3,2.165942992289197e-4
MCF002044_004,0.5,L-Glutamic acid,Isotopologue_C13-4,4.986752439215346e-5
MCF002044_005,0.5,L-Glutamic acid,Isotopologue_C13-4,5.936262910549588e-4
MCF002044_006,0.5,L-Glutamic acid,Isotopologue_C13-4,2.350038238588803e-4
MCF002044_004,0.5,L-Glutamic acid,Isotopologue_C13-5,-6.670213795068181e-4
MCF002044_005,0.5,L-Glutamic acid,Isotopologue_C13-5,-3.051434784766863e-4
MCF002044_006,0.5,L-Glutamic acid,Isotopologue_C13-5,-6.386222729094965e-4
MCF002044_004,0.5,L-Isoleucine,Isotopologue_C13-0,0.9602333708638696
MCF002044_005,0.5,L-Isoleucine,Isotopologue_C13-0,0.9538294818580724
MCF002044_006,0.5,L-Isoleucine,Isotopologue_C13-0,0.9508356451006452
MCF002044_004,0.5,L-Isoleucine,Isotopologue_C13-1,0.04360022485711545
MCF002044_005,0.5,L-Isoleucine,Isotopologue_C13-1,0.04567233125606658
MCF002044_006,0.5,L-Isoleucine,Isotopologue_C13-1,0.05675141652488516
MCF002044_004,0.5,L-Isoleucine,Isotopologue_C13-2,0.01894620439683894
MCF002044_005,0.5,L-Isoleucine,Isotopologue_C13-2,0.02272051575038956
MCF002044_006,0.5,L-Isoleucine,Isotopologue_C13-2,0.01530388281505818
MCF002044_004,0.5,L-Isoleucine,Isotopologue_C13-3,-0.02243811119135458
MCF002044_005,0.5,L-Isoleucine,Isotopologue_C13-3,-0.02135288263755467
MCF002044_006,0.5,L-Isoleucine,Isotopologue_C13-3,-0.02274768068627626
MCF002044_004,0.5,L-Isoleucine,Isotopologue_C13-4,-2.305619277884552e-4
MCF002044_005,0.5,L-Isoleucine,Isotopologue_C13-4,-7.99031256971507e-4
MCF002044_006,0.5,L-Isoleucine,Isotopologue_C13-4,6.800089007743181e-7
MCF002044_004,0.5,L-Isoleucine,Isotopologue_C13-5,-1.235134991527258e-4
MCF002044_005,0.5,L-Isoleucine,Isotopologue_C13-5,-8.134660818812416e-5
MCF002044_006,0.5,L-Isoleucine,Isotopologue_C13-5,-1.582396164678867e-4
MCF002044_004,0.5,L-Isoleucine,Isotopologue_C13-6,1.238650047170792e-5
MCF002044_005,0.5,L-Isoleucine,Isotopologue_C13-6,1.093163818563013e-5
MCF002044_006,0.5,L-Isoleucine,Isotopologue_C13-6,1.429585325491951e-5
MCF002044_004,0.5,L-Leucine,Isotopologue_C13-0,1.163843170893464
MCF002044_005,0.5,L-Leucine,Isotopologue_C13-0,1.082669957806602
MCF002044_006,0.5,L-Leucine,Isotopologue_C13-0,1.068870513983659
MCF002044_004,0.5,L-Leucine,Isotopologue_C13-1,-0.1312495207878648
MCF002044_005,0.5,L-Leucine,Isotopologue_C13-1,-0.03414486590751169
MCF002044_006,0.5,L-Leucine,Isotopologue_C13-1,0.0240371118406973
MCF002044_004,0.5,L-Leucine,Isotopologue_C13-2,-0.03659658399342137
MCF002044_005,0.5,L-Leucine,Isotopologue_C13-2,-0.04791691287987769
MCF002044_006,0.5,L-Leucine,Isotopologue_C13-2,-0.1007431757888485
MCF002044_004,0.5,L-Leucine,Isotopologue_C13-3,0.002527525223096329
MCF002044_005,0.5,L-Leucine,Isotopologue_C13-3,-0.002881351174276925
MCF002044_006,0.5,L-Leucine,Isotopologue_C13-3,0.003111345023026649
MCF002044_004,0.5,L-Leucine,Isotopologue_C13-4,0.001640501685752123
MCF002044_005,0.5,L-Leucine,Isotopologue_C13-4,0.00260713602557765
MCF002044_006,0.5,L-Leucine,Isotopologue_C13-4,0.00537647411687534
MCF002044_004,0.5,L-Leucine,Isotopologue_C13-5,-1.726179028717128e-4
MCF002044_005,0.5,L-Leucine,Isotopologue_C13-5,-3.525125827955179e-4
MCF002044_006,0.5,L-Leucine,Isotopologue_C13-5,-6.865122048884846e-4
MCF002044_004,0.5,L-Leucine,Isotopologue_C13-6,7.524881845595228e-6
MCF002044_005,0.5,L-Leucine,Isotopologue_C13-6,1.854871228257195e-5
MCF002044_006,0.5,L-Leucine,Isotopologue_C13-6,3.424302947929458e-5
MCF002044_004,0.5,L-Lysine,Isotopologue_C13-0,1.020271104276208
MCF002044_005,0.5,L-Lysine,Isotopologue_C13-0,1.028335806651119
MCF002044_006,0.5,L-Lysine,Isotopologue_C13-0,1.0093655318051311
MCF002044_004,0.5,L-Lysine,Isotopologue_C13-1,-0.003277077499788837
MCF002044_005,0.5,L-Lysine,Isotopologue_C13-1,-0.01118562525960432
MCF002044_006,0.5,L-Lysine,Isotopologue_C13-1,0.005343904696855394
MCF002044_004,0.5,L-Lysine,Isotopologue_C13-2,-0.005521901570476342
MCF002044_005,0.5,L-Lysine,Isotopologue_C13-2,-0.01050086837264966
MCF002044_006,0.5,L-Lysine,Isotopologue_C13-2,-0.005939391065628748
MCF002044_004,0.5,L-Lysine,Isotopologue_C13-3,-0.007177741657683733
MCF002044_005,0.5,L-Lysine,Isotopologue_C13-3,-0.001245970398222927
MCF002044_006,0.5,L-Lysine,Isotopologue_C13-3,-0.002841118114967193
MCF002044_004,0.5,L-Lysine,Isotopologue_C13-4,-0.004747716500925596
MCF002044_005,0.5,L-Lysine,Isotopologue_C13-4,-0.005518506565933158
MCF002044_006,0.5,L-Lysine,Isotopologue_C13-4,-0.006083310722009833
MCF002044_004,0.5,L-Lysine,Isotopologue_C13-5,4.717541162733787e-4
MCF002044_005,0.5,L-Lysine,Isotopologue_C13-5,8.902332592571096e-5
MCF002044_006,0.5,L-Lysine,Isotopologue_C13-5,1.284901657834277e-4
MCF002044_004,0.5,L-Lysine,Isotopologue_C13-6,-1.84211636065185e-5
MCF002044_005,0.5,L-Lysine,Isotopologue_C13-6,2.614061936579001e-5
MCF002044_006,0.5,L-Lysine,Isotopologue_C13-6,2.589323483630331e-5
MCF002044_004,0.5,L-Methionine,Isotopologue_C13-0,1.195516560409478
MCF002044_005,0.5,L-Methionine,Isotopologue_C13-0,1.203380203741192
MCF002044_006,0.5,L-Methionine,Isotopologue_C13-0,1.202457584312872
MCF002044_004,0.5,L-Methionine,Isotopologue_C13-1,-0.1062564739069508
MCF002044_005,0.5,L-Methionine,Isotopologue_C13-1,-0.1092413100986426
MCF002044_006,0.5,L-Methionine,Isotopologue_C13-1,-0.1078112213162516
MCF002044_004,0.5,L-Methionine,Isotopologue_C13-2,-0.1010616529673489
MCF002044_005,0.5,L-Methionine,Isotopologue_C13-2,-0.1084286594649209
MCF002044_006,0.5,L-Methionine,Isotopologue_C13-2,-0.1088902761668242
MCF002044_004,0.5,L-Methionine,Isotopologue_C13-3,0.005974548560432553
MCF002044_005,0.5,L-Methionine,Isotopologue_C13-3,0.007718160615140386
MCF002044_006,0.5,L-Methionine,Isotopologue_C13-3,0.007641446302399233
MCF002044_004,0.5,L-Methionine,Isotopologue_C13-4,0.006166083230412081
MCF002044_005,0.5,L-Methionine,Isotopologue_C13-4,0.006929166293103385
MCF002044_006,0.5,L-Methionine,Isotopologue_C13-4,0.006967314577881009
MCF002044_004,0.5,L-Methionine,Isotopologue_C13-5,-3.390653260231899e-4
MCF002044_005,0.5,L-Methionine,Isotopologue_C13-5,-3.575610858723208e-4
MCF002044_006,0.5,L-Methionine,Isotopologue_C13-5,-3.648477100759439e-4
MCF002044_004,0.5,L-Phenylalanine,Isotopologue_C13-0,1.022686608327742
MCF002044_005,0.5,L-Phenylalanine,Isotopologue_C13-0,1.023694334731065
MCF002044_006,0.5,L-Phenylalanine,Isotopologue_C13-0,1.0175435605628529
MCF002044_004,0.5,L-Phenylalanine,Isotopologue_C13-1,-0.00982387768752309
MCF002044_005,0.5,L-Phenylalanine,Isotopologue_C13-1,-0.0118117169746549
MCF002044_006,0.5,L-Phenylalanine,Isotopologue_C13-1,-0.004375329367229693
MCF002044_004,0.5,L-Phenylalanine,Isotopologue_C13-2,-0.00954778911473197
MCF002044_005,0.5,L-Phenylalanine,Isotopologue_C13-2,-0.01054283363493652
MCF002044_006,0.5,L-Phenylalanine,Isotopologue_C13-2,-0.01098756027350991
MCF002044_004,0.5,L-Phenylalanine,Isotopologue_C13-3,-0.001894651096181603
MCF002044_005,0.5,L-Phenylalanine,Isotopologue_C13-3,6.384032538817075e-4
MCF002044_006,0.5,L-Phenylalanine,Isotopologue_C13-3,-4.233190149612265e-4
MCF002044_004,0.5,L-Phenylalanine,Isotopologue_C13-4,-0.001586184131783115
MCF002044_005,0.5,L-Phenylalanine,Isotopologue_C13-4,-0.002041699237675268
MCF002044_006,0.5,L-Phenylalanine,Isotopologue_C13-4,-0.001861161225722007
MCF002044_004,0.5,L-Phenylalanine,Isotopologue_C13-5,1.736541549562273e-4
MCF002044_005,0.5,L-Phenylalanine,Isotopologue_C13-5,5.718210184251168e-5
MCF002044_006,0.5,L-Phenylalanine,Isotopologue_C13-5,1.030087737049822e-4
MCF002044_004,0.5,L-Phenylalanine,Isotopologue_C13-6,-7.963988541615964e-6
MCF002044_005,0.5,L-Phenylalanine,Isotopologue_C13-6,6.855938880322413e-6
MCF002044_006,0.5,L-Phenylalanine,Isotopologue_C13-6,1.040819062781189e-6
MCF002044_004,0.5,L-Phenylalanine,Isotopologue_C13-7,2.06814909029085e-7
MCF002044_005,0.5,L-Phenylalanine,Isotopologue_C13-7,-5.445250303041332e-7
MCF002044_006,0.5,L-Phenylalanine,Isotopologue_C13-7,-2.501561420423782e-7
MCF002044_004,0.5,L-Phenylalanine,Isotopologue_C13-8,-3.311012831875221e-9
MCF002044_005,0.5,L-Phenylalanine,Isotopologue_C13-8,1.873495298351676e-8
MCF002044_006,0.5,L-Phenylalanine,Isotopologue_C13-8,1.010579087286913e-8
MCF002044_004,0.5,L-Phenylalanine,Isotopologue_C13-9,3.216675773818582e-11
MCF002044_005,0.5,L-Phenylalanine,Isotopologue_C13-9,-3.883258057721993e-10
MCF002044_006,0.5,L-Phenylalanine,Isotopologue_C13-9,-2.238464336748599e-10
MCF002044_004,0.5,L-Proline,Isotopologue_C13-0,1.019988183718022
MCF002044_005,0.5,L-Proline,Isotopologue_C13-0,1.025357481024455
MCF002044_006,0.5,L-Proline,Isotopologue_C13-0,1.02330017773716
MCF002044_004,0.5,L-Proline,Isotopologue_C13-1,-0.006035968645203249
MCF002044_005,0.5,L-Proline,Isotopologue_C13-1,-0.009539801482066233
MCF002044_006,0.5,L-Proline,Isotopologue_C13-1,-0.009815838669014122
MCF002044_004,0.5,L-Proline,Isotopologue_C13-2,-0.00879048198825427
MCF002044_005,0.5,L-Proline,Isotopologue_C13-2,-0.01212149272188906
MCF002044_006,0.5,L-Proline,Isotopologue_C13-2,-0.01179233378248171
MCF002044_004,0.5,L-Proline,Isotopologue_C13-3,-0.003820915704519436
MCF002044_005,0.5,L-Proline,Isotopologue_C13-3,-0.002516384344593861
MCF002044_006,0.5,L-Proline,Isotopologue_C13-3,-3.085212933776407e-4
MCF002044_004,0.5,L-Proline,Isotopologue_C13-4,-0.001292245600060313
MCF002044_005,0.5,L-Proline,Isotopologue_C13-4,-0.00111827210101712
MCF002044_006,0.5,L-Proline,Isotopologue_C13-4,-0.001331532071954869
MCF002044_004,0.5,L-Proline,Isotopologue_C13-5,-4.857177998409024e-5
MCF002044_005,0.5,L-Proline,Isotopologue_C13-5,-6.153037488821309e-5
MCF002044_006,0.5,L-Proline,Isotopologue_C13-5,-5.19519203319981e-5
MCF002044_004,0.5,L-Serine,Isotopologue_C13-0,1.120389696480968
MCF002044_005,0.5,L-Serine,Isotopologue_C13-0,1.009149508174106
MCF002044_006,0.5,L-Serine,Isotopologue_C13-0,1.016705360451496
MCF002044_004,0.5,L-Serine,Isotopologue_C13-1,-0.03074313719237343
MCF002044_005,0.5,L-Serine,Isotopologue_C13-1,0.008666775468384487
MCF002044_006,0.5,L-Serine,Isotopologue_C13-1,0.008735899650059087
MCF002044_004,0.5,L-Serine,Isotopologue_C13-2,-0.09588826912180677
MCF002044_005,0.5,L-Serine,Isotopologue_C13-2,-0.005566369258492139
MCF002044_006,0.5,L-Serine,Isotopologue_C13-2,-0.01476156846305774
MCF002044_004,0.5,L-Serine,Isotopologue_C13-3,0.006241709833212347
MCF002044_005,0.5,L-Serine,Isotopologue_C13-3,-0.01224991438399814
MCF002044_006,0.5,L-Serine,Isotopologue_C13-3,-0.01067969163849717
MCF002044_004,0.5,L-Threonine,Isotopologue_C13-0,1.027249092490818
MCF002044_005,0.5,L-Threonine,Isotopologue_C13-0,1.030985077761264
MCF002044_006,0.5,L-Threonine,Isotopologue_C13-0,1.031937844907188
MCF002044_004,0.5,L-Threonine,Isotopologue_C13-1,-0.008577771710863205
MCF002044_005,0.5,L-Threonine,Isotopologue_C13-1,-0.004118921657433169
MCF002044_006,0.5,L-Threonine,Isotopologue_C13-1,-0.01676338335442959
MCF002044_004,0.5,L-Threonine,Isotopologue_C13-2,-0.01164727597513062
MCF002044_005,0.5,L-Threonine,Isotopologue_C13-2,-0.01612107846386205
MCF002044_006,0.5,L-Threonine,Isotopologue_C13-2,-0.01098902137032765
MCF002044_004,0.5,L-Threonine,Isotopologue_C13-3,-0.006001486474170818
MCF002044_005,0.5,L-Threonine,Isotopologue_C13-3,-0.01032484616450612
MCF002044_006,0.5,L-Threonine,Isotopologue_C13-3,-0.002958773668587531
MCF002044_004,0.5,L-Threonine,Isotopologue_C13-4,-0.001022558330653245
MCF002044_005,0.5,L-Threonine,Isotopologue_C13-4,-4.202314754631129e-4
MCF002044_006,0.5,L-Threonine,Isotopologue_C13-4,-0.00122666651384392
MCF002044_004,0.5,L-Tryptophan,Isotopologue_C13-0,1.10512496547335
MCF002044_005,0.5,L-Tryptophan,Isotopologue_C13-0,1.053538434619931
MCF002044_006,0.5,L-Tryptophan,Isotopologue_C13-0,1.037664960217716
MCF002044_004,0.5,L-Tryptophan,Isotopologue_C13-1,-0.04154219400333651
MCF002044_005,0.5,L-Tryptophan,Isotopologue_C13-1,-0.002250870143291089
MCF002044_006,0.5,L-Tryptophan,Isotopologue_C13-1,-0.007270035292936174
MCF002044_004,0.5,L-Tryptophan,Isotopologue_C13-2,-0.06715891795236038
MCF002044_005,0.5,L-Tryptophan,Isotopologue_C13-2,-0.04576832015940845
MCF002044_006,0.5,L-Tryptophan,Isotopologue_C13-2,-0.01728774262473642
MCF002044_004,0.5,L-Tryptophan,Isotopologue_C13-3,-4.475137804570263e-4
MCF002044_005,0.5,L-Tryptophan,Isotopologue_C13-3,-0.00934820968589751
MCF002044_006,0.5,L-Tryptophan,Isotopologue_C13-3,-0.01615820975014842
MCF002044_004,0.5,L-Tryptophan,Isotopologue_C13-4,0.003885715491054561
MCF002044_005,0.5,L-Tryptophan,Isotopologue_C13-4,0.00337424983271962
MCF002044_006,0.5,L-Tryptophan,Isotopologue_C13-4,0.002343450589858786
MCF002044_004,0.5,L-Tryptophan,Isotopologue_C13-5,1.928994035750416e-4
MCF002044_005,0.5,L-Tryptophan,Isotopologue_C13-5,5.450599090367402e-4
MCF002044_006,0.5,L-Tryptophan,Isotopologue_C13-5,8.205395396809794e-4
MCF002044_004,0.5,L-Tryptophan,Isotopologue_C13-6,-5.895202534559531e-5
MCF002044_005,0.5,L-Tryptophan,Isotopologue_C13-6,-9.629542021369012e-5
MCF002044_006,0.5,L-Tryptophan,Isotopologue_C13-6,-1.20028383985759e-4
MCF002044_004,0.5,L-Tryptophan,Isotopologue_C13-7,4.154467698623394e-6
MCF002044_005,0.5,L-Tryptophan,Isotopologue_C13-7,6.175410782657233e-6
MCF002044_006,0.5,L-Tryptophan,Isotopologue_C13-7,7.325796985579126e-6
MCF002044_004,0.5,L-Tryptophan,Isotopologue_C13-8,-1.610830439252389e-7
MCF002044_005,0.5,L-Tryptophan,Isotopologue_C13-8,-2.299599872850164e-7
MCF002044_006,0.5,L-Tryptophan,Isotopologue_C13-8,-2.664903115505077e-7
MCF002044_004,0.5,L-Tryptophan,Isotopologue_C13-9,4.080346629823753e-9
MCF002044_005,0.5,L-Tryptophan,Isotopologue_C13-9,5.694664356764552e-9
MCF002044_006,0.5,L-Tryptophan,Isotopologue_C13-9,6.509275279272611e-9
MCF002044_004,0.5,L-Tryptophan,Isotopologue_C13-10,-7.241002684466292e-11
MCF002044_005,0.5,L-Tryptophan,Isotopologue_C13-10,-9.960061977416185e-11
MCF002044_006,0.5,L-Tryptophan,Isotopologue_C13-10,-1.128215845940401e-10
MCF002044_004,0.5,L-Tryptophan,Isotopologue_C13-11,9.284208258147453e-13
MCF002044_005,0.5,L-Tryptophan,Isotopologue_C13-11,1.264197135443569e-12
MCF002044_006,0.5,L-Tryptophan,Isotopologue_C13-11,1.422832342707142e-12
MCF002044_004,0.5,L-Tyrosine,Isotopologue_C13-0,0.9568122652613618
MCF002044_005,0.5,L-Tyrosine,Isotopologue_C13-0,0.9328559877585937
MCF002044_006,0.5,L-Tyrosine,Isotopologue_C13-0,0.9585639302394775
MCF002044_004,0.5,L-Tyrosine,Isotopologue_C13-1,0.08487484182235255
MCF002044_005,0.5,L-Tyrosine,Isotopologue_C13-1,0.1230084550399595
MCF002044_006,0.5,L-Tyrosine,Isotopologue_C13-1,0.08130250460043636
MCF002044_004,0.5,L-Tyrosine,Isotopologue_C13-2,-0.02773174053299788
MCF002044_005,0.5,L-Tyrosine,Isotopologue_C13-2,-0.03462938926309047
MCF002044_006,0.5,L-Tyrosine,Isotopologue_C13-2,-0.003910657725900532
MCF002044_004,0.5,L-Tyrosine,Isotopologue_C13-3,-0.0106441005967414
MCF002044_005,0.5,L-Tyrosine,Isotopologue_C13-3,-0.02189134234784081
MCF002044_006,0.5,L-Tyrosine,Isotopologue_C13-3,-0.03957478996225314
MCF002044_004,0.5,L-Tyrosine,Isotopologue_C13-4,-0.003838632006501632
MCF002044_005,0.5,L-Tyrosine,Isotopologue_C13-4,-4.317899217593724e-4
MCF002044_006,0.5,L-Tyrosine,Isotopologue_C13-4,0.001648100936422973
MCF002044_004,0.5,L-Tyrosine,Isotopologue_C13-5,6.55448113946979e-4
MCF002044_005,0.5,L-Tyrosine,Isotopologue_C13-5,0.001335162583255447
MCF002044_006,0.5,L-Tyrosine,Isotopologue_C13-5,0.002438444903426503
MCF002044_004,0.5,L-Tyrosine,Isotopologue_C13-6,-1.416952201723358e-4
MCF002044_005,0.5,L-Tyrosine,Isotopologue_C13-6,-2.693433029263122e-4
MCF002044_006,0.5,L-Tyrosine,Isotopologue_C13-6,-5.092425959443124e-4
MCF002044_004,0.5,L-Tyrosine,Isotopologue_C13-7,1.438196619191026e-5
MCF002044_005,0.5,L-Tyrosine,Isotopologue_C13-7,2.339178781346137e-5
MCF002044_006,0.5,L-Tyrosine,Isotopologue_C13-7,4.380693776167787e-5
MCF002044_004,0.5,L-Tyrosine,Isotopologue_C13-8,-7.966250262373103e-7
MCF002044_005,0.5,L-Tyrosine,Isotopologue_C13-8,-1.170569450586246e-6
MCF002044_006,0.5,L-Tyrosine,Isotopologue_C13-8,-2.167470898974199e-6
MCF002044_004,0.5,L-Tyrosine,Isotopologue_C13-9,2.781758639009726e-8
MCF002044_005,0.5,L-Tyrosine,Isotopologue_C13-9,3.82354456922986e-8
MCF002044_006,0.5,L-Tyrosine,Isotopologue_C13-9,7.013747186002917e-8
MCF002044_004,0.5,L-Valine,Isotopologue_C13-0,1.013066713415199
MCF002044_005,0.5,L-Valine,Isotopologue_C13-0,1.012539174245146
MCF002044_006,0.5,L-Valine,Isotopologue_C13-0,1.010950263947242
MCF002044_004,0.5,L-Valine,Isotopologue_C13-1,-0.01020546128111969
MCF002044_005,0.5,L-Valine,Isotopologue_C13-1,-0.008888292713424532
MCF002044_006,0.5,L-Valine,Isotopologue_C13-1,-0.007014672132128159
MCF002044_004,0.5,L-Valine,Isotopologue_C13-2,-0.01024791464099254
MCF002044_005,0.5,L-Valine,Isotopologue_C13-2,-0.01255482300758873
MCF002044_006,0.5,L-Valine,Isotopologue_C13-2,-0.01101461804905883
MCF002044_004,0.5,L-Valine,Isotopologue_C13-3,0.008462877851637842
MCF002044_005,0.5,L-Valine,Isotopologue_C13-3,0.008602758093210428
MCF002044_006,0.5,L-Valine,Isotopologue_C13-3,0.007238964208509018
MCF002044_004,0.5,L-Valine,Isotopologue_C13-4,-0.002260735530849885
MCF002044_005,0.5,L-Valine,Isotopologue_C13-4,-0.002172979070259498
MCF002044_006,0.5,L-Valine,Isotopologue_C13-4,-0.002167707756488707
MCF002044_004,0.5,L-Valine,Isotopologue_C13-5,0.00118452018612493
MCF002044_005,0.5,L-Valine,Isotopologue_C13-5,0.002474162452916425
MCF002044_006,0.5,L-Valine,Isotopologue_C13-5,0.002007769781924524
MCF002044_004,0.5,Myristic acid,Isotopologue_C13-0,1.068265420688154
MCF002044_005,0.5,Myristic acid,Isotopologue_C13-0,1.06889336159316
MCF002044_006,0.5,Myristic acid,Isotopologue_C13-0,1.066750029215051
MCF002044_004,0.5,Myristic acid,Isotopologue_C13-1,-0.01325737489448898
MCF002044_005,0.5,Myristic acid,Isotopologue_C13-1,-0.009805653461828672
MCF002044_006,0.5,Myristic acid,Isotopologue_C13-1,-0.007173869720191098
MCF002044_004,0.5,Myristic acid,Isotopologue_C13-2,-0.06089551811007696
MCF002044_005,0.5,Myristic acid,Isotopologue_C13-2,-0.06588939968704567
MCF002044_006,0.5,Myristic acid,Isotopologue_C13-2,-0.06635233332020207
MCF002044_004,0.5,Myristic acid,Isotopologue_C13-3,0.004155632207740047
MCF002044_005,0.5,Myristic acid,Isotopologue_C13-3,0.005000821722272596
MCF002044_006,0.5,Myristic acid,Isotopologue_C13-3,0.004959261505205204
MCF002044_004,0.5,Myristic acid,Isotopologue_C13-4,0.00186464844917498
MCF002044_005,0.5,Myristic acid,Isotopologue_C13-4,0.001954286814611907
MCF002044_006,0.5,Myristic acid,Isotopologue_C13-4,0.001969647094428056
MCF002044_004,0.5,Myristic acid,Isotopologue_C13-5,-1.325980294873239e-4
MCF002044_005,0.5,Myristic acid,Isotopologue_C13-5,-1.549067818051842e-4
MCF002044_006,0.5,Myristic acid,Isotopologue_C13-5,-1.540094015337338e-4
MCF002044_004,0.5,Myristic acid,Isotopologue_C13-6,-5.783627349490707e-7
MCF002044_005,0.5,Myristic acid,Isotopologue_C13-6,1.20058399725002e-6
MCF002044_006,0.5,Myristic acid,Isotopologue_C13-6,9.70343739661101e-7
MCF002044_004,0.5,Myristic acid,Isotopologue_C13-7,3.877787080949113e-7
MCF002044_005,0.5,Myristic acid,Isotopologue_C13-7,3.065324715903812e-7
MCF002044_006,0.5,Myristic acid,Isotopologue_C13-7,3.221803304107978e-7
MCF002044_004,0.5,Myristic acid,Isotopologue_C13-8,-2.030135124824398e-8
MCF002044_005,0.5,Myristic acid,Isotopologue_C13-8,-1.783807811744574e-8
MCF002044_006,0.5,Myristic acid,Isotopologue_C13-8,-1.843372783927519e-8
MCF002044_004,0.5,Myristic acid,Isotopologue_C13-9,5.853860519617699e-10
MCF002044_005,0.5,Myristic acid,Isotopologue_C13-9,5.32443177192092e-10
MCF002044_006,0.5,Myristic acid,Isotopologue_C13-9,5.473587933587527e-10
MCF002044_004,0.5,Myristic acid,Isotopologue_C13-10,-1.11723684082639e-11
MCF002044_005,0.5,Myristic acid,Isotopologue_C13-10,-1.033849570864308e-11
MCF002044_006,0.5,Myristic acid,Isotopologue_C13-10,-1.060109306653096e-11
MCF002044_004,0.5,Myristic acid,Isotopologue_C13-11,1.502632512584181e-13
MCF002044_005,0.5,Myristic acid,Isotopologue_C13-11,1.404930248938032e-13
MCF002044_006,0.5,Myristic acid,Isotopologue_C13-11,1.438441159465662e-13
MCF002044_004,0.5,Myristic acid,Isotopologue_C13-12,-1.456853204483206e-15
MCF002044_005,0.5,Myristic acid,Isotopologue_C13-12,-1.371558433238837e-15
MCF002044_006,0.5,Myristic acid,Isotopologue_C13-12,-1.402868494969818e-15
MCF002044_004,0.5,Myristic acid,Isotopologue_C13-13,1.017962545944532e-17
MCF002044_005,0.5,Myristic acid,Isotopologue_C13-13,9.631045209575578e-18
MCF002044_006,0.5,Myristic acid,Isotopologue_C13-13,9.843888430258178e-18
MCF002044_004,0.5,Myristic acid,Isotopologue_C13-14,-5.016778035251681e-20
MCF002044_005,0.5,Myristic acid,Isotopologue_C13-14,-4.764037673340126e-20
MCF002044_006,0.5,Myristic acid,Isotopologue_C13-14,-4.866727495019367e-20
MCF002044_004,0.5,Palmitic acid,Isotopologue_C13-0,1.039578547274462
MCF002044_005,0.5,Palmitic acid,Isotopologue_C13-0,1.028718065884217
MCF002044_006,0.5,Palmitic acid,Isotopologue_C13-0,1.037306102675339
MCF002044_004,0.5,Palmitic acid,Isotopologue_C13-1,-7.083241757288225e-4
MCF002044_005,0.5,Palmitic acid,Isotopologue_C13-1,-0.001902488614619344
MCF002044_006,0.5,Palmitic acid,Isotopologue_C13-1,-0.002257193566105281
MCF002044_004,0.5,Palmitic acid,Isotopologue_C13-2,-0.03892067432522769
MCF002044_005,0.5,Palmitic acid,Isotopologue_C13-2,-0.02330234634449925
MCF002044_006,0.5,Palmitic acid,Isotopologue_C13-2,-0.03404673965751371
MCF002044_004,0.5,Palmitic acid,Isotopologue_C13-3,-0.001622189000236865
MCF002044_005,0.5,Palmitic acid,Isotopologue_C13-3,-0.005082112336428168
MCF002044_006,0.5,Palmitic acid,Isotopologue_C13-3,-0.002636609113809895
MCF002044_004,0.5,Palmitic acid,Isotopologue_C13-4,0.001688055725077099
MCF002044_005,0.5,Palmitic acid,Isotopologue_C13-4,0.001506064367045109
MCF002044_006,0.5,Palmitic acid,Isotopologue_C13-4,0.001626753485011037
MCF002044_004,0.5,Palmitic acid,Isotopologue_C13-5,1.532015790771435e-6
MCF002044_005,0.5,Palmitic acid,Isotopologue_C13-5,8.821475974030088e-5
MCF002044_006,0.5,Palmitic acid,Isotopologue_C13-5,2.70433849115267e-5
MCF002044_004,0.5,Palmitic acid,Isotopologue_C13-6,-1.856623526091503e-5
MCF002044_005,0.5,Palmitic acid,Isotopologue_C13-6,-2.75088970017509e-5
MCF002044_006,0.5,Palmitic acid,Isotopologue_C13-6,-2.111346110221905e-5
MCF002044_004,0.5,Palmitic acid,Isotopologue_C13-7,1.697575510949123e-6
MCF002044_005,0.5,Palmitic acid,Isotopologue_C13-7,2.208880534790726e-6
MCF002044_006,0.5,Palmitic acid,Isotopologue_C13-7,1.840292853751463e-6
MCF002044_004,0.5,Palmitic acid,Isotopologue_C13-8,-8.135114222236702e-8
MCF002044_005,0.5,Palmitic acid,Isotopologue_C13-8,-1.007093766208374e-7
MCF002044_006,0.5,Palmitic acid,Isotopologue_C13-8,-8.66760749570675e-8
MCF002044_004,0.5,Palmitic acid,Isotopologue_C13-9,2.552871603040416e-9
MCF002044_005,0.5,Palmitic acid,Isotopologue_C13-9,3.076908962391728e-9
MCF002044_006,0.5,Palmitic acid,Isotopologue_C13-9,2.695411657761432e-9
MCF002044_004,0.5,Palmitic acid,Isotopologue_C13-10,-5.705021818327526e-11
MCF002044_005,0.5,Palmitic acid,Isotopologue_C13-10,-6.761585797099496e-11
MCF002044_006,0.5,Palmitic acid,Isotopologue_C13-10,-5.989852809045203e-11
MCF002044_004,0.5,Palmitic acid,Isotopologue_C13-11,9.458111122873609e-13
MCF002044_005,0.5,Palmitic acid,Isotopologue_C13-11,1.108096677118923e-12
MCF002044_006,0.5,Palmitic acid,Isotopologue_C13-11,9.892417085274689e-13
MCF002044_004,0.5,Palmitic acid,Isotopologue_C13-12,-1.1871013115696e-14
MCF002044_005,0.5,Palmitic acid,Isotopologue_C13-12,-1.379090694743774e-14
MCF002044_006,0.5,Palmitic acid,Isotopologue_C13-12,-1.238168777154582e-14
MCF002044_004,0.5,Palmitic acid,Isotopologue_C13-13,1.136163814231683e-16
MCF002044_005,0.5,Palmitic acid,Isotopologue_C13-13,1.311431235842171e-16
MCF002044_006,0.5,Palmitic acid,Isotopologue_C13-13,1.182543038982034e-16
MCF002044_004,0.5,Palmitic acid,Isotopologue_C13-14,-8.262741220284988e-19
MCF002044_005,0.5,Palmitic acid,Isotopologue_C13-14,-9.488983790771554e-19
MCF002044_006,0.5,Palmitic acid,Isotopologue_C13-14,-8.585792249696087e-19
MCF002044_004,0.5,Palmitic acid,Isotopologue_C13-15,4.498285782842496e-21
MCF002044_005,0.5,Palmitic acid,Isotopologue_C13-15,5.144641179313135e-21
MCF002044_006,0.5,Palmitic acid,Isotopologue_C13-15,4.667911830623187e-21
MCF002044_004,0.5,Palmitic acid,Isotopologue_C13-16,-1.777743162092244e-23
MCF002044_005,0.5,Palmitic acid,Isotopologue_C13-16,-2.026288350255853e-23
MCF002044_006,0.5,Palmitic acid,Isotopologue_C13-16,-1.842750164754777e-23
MCF002044_004,0.5,Stearic acid,Isotopologue_C13-0,1.011649130066729
MCF002044_005,0.5,Stearic acid,Isotopologue_C13-0,1.0109427994929
MCF002044_006,0.5,Stearic acid,Isotopologue_C13-0,1.011917209966879
MCF002044_004,0.5,Stearic acid,Isotopologue_C13-1,-0.001519632348389149
MCF002044_005,0.5,Stearic acid,Isotopologue_C13-1,-0.001791973242107915
MCF002044_006,0.5,Stearic acid,Isotopologue_C13-1,-0.002801963446822795
MCF002044_004,0.5,Stearic acid,Isotopologue_C13-2,-0.009851703921758504
MCF002044_005,0.5,Stearic acid,Isotopologue_C13-2,-0.01051351852372835
MCF002044_006,0.5,Stearic acid,Isotopologue_C13-2,-0.009699238478510964
MCF002044_004,0.5,Stearic acid,Isotopologue_C13-3,3.437102787533478e-4
MCF002044_005,0.5,Stearic acid,Isotopologue_C13-3,0.002463042610843369
MCF002044_006,0.5,Stearic acid,Isotopologue_C13-3,0.001484887928712964
MCF002044_004,0.5,Stearic acid,Isotopologue_C13-4,-7.205814916631766e-4
MCF002044_005,0.5,Stearic acid,Isotopologue_C13-4,-0.001190258906352284
MCF002044_006,0.5,Stearic acid,Isotopologue_C13-4,-9.96268998304015e-4
MCF002044_004,0.5,Stearic acid,Isotopologue_C13-5,1.055786092768606e-4
MCF002044_005,0.5,Stearic acid,Isotopologue_C13-5,8.896157697323176e-5
MCF002044_006,0.5,Stearic acid,Isotopologue_C13-5,9.773657444147216e-5
MCF002044_004,0.5,Stearic acid,Isotopologue_C13-6,-6.727536457672819e-6
MCF002044_005,0.5,Stearic acid,Isotopologue_C13-6,1.458748542392146e-6
MCF002044_006,0.5,Stearic acid,Isotopologue_C13-6,-2.173175418807616e-6
MCF002044_004,0.5,Stearic acid,Isotopologue_C13-7,2.299515676311625e-7
MCF002044_005,0.5,Stearic acid,Isotopologue_C13-7,-5.483950274413093e-7
MCF002044_006,0.5,Stearic acid,Isotopologue_C13-7,-2.096271579698951e-7
MCF002044_004,0.5,Stearic acid,Isotopologue_C13-8,-3.566886620047386e-9
MCF002044_005,0.5,Stearic acid,Isotopologue_C13-8,3.815114363739139e-8
MCF002044_006,0.5,Stearic acid,Isotopologue_C13-8,2.013646009420434e-8
MCF002044_004,0.5,Stearic acid,Isotopologue_C13-9,-4.518589658946983e-11
MCF002044_005,0.5,Stearic acid,Isotopologue_C13-9,-1.556325948646208e-9
MCF002044_006,0.5,Stearic acid,Isotopologue_C13-9,-9.066431478112124e-10
MCF002044_004,0.5,Stearic acid,Isotopologue_C13-10,4.135512908179439e-12
MCF002044_005,0.5,Stearic acid,Isotopologue_C13-10,4.404879309603268e-11
MCF002044_006,0.5,Stearic acid,Isotopologue_C13-10,2.693716630347842e-11
MCF002044_004,0.5,Stearic acid,Isotopologue_C13-11,-1.240476015067299e-13
MCF002044_005,0.5,Stearic acid,Isotopologue_C13-11,-9.242328972694011e-13
MCF002044_006,0.5,Stearic acid,Isotopologue_C13-11,-5.818510062928325e-13
MCF002044_004,0.5,Stearic acid,Isotopologue_C13-12,2.404250430084977e-15
MCF002044_005,0.5,Stearic acid,Isotopologue_C13-12,1.485961466624354e-14
MCF002044_006,0.5,Stearic acid,Isotopologue_C13-12,9.5379691300078e-15
MCF002044_004,0.5,Stearic acid,Isotopologue_C13-13,-3.386719311924041e-17
MCF002044_005,0.5,Stearic acid,Isotopologue_C13-13,-1.862055868372008e-16
MCF002044_006,0.5,Stearic acid,Isotopologue_C13-13,-1.211905991054908e-16
MCF002044_004,0.5,Stearic acid,Isotopologue_C13-14,3.61037241394471e-19
MCF002044_005,0.5,Stearic acid,Isotopologue_C13-14,1.831072023643777e-18
MCF002044_006,0.5,Stearic acid,Isotopologue_C13-14,1.204246849278031e-18
MCF002044_004,0.5,Stearic acid,Isotopologue_C13-15,-2.952528481116568e-21
MCF002044_005,0.5,Stearic acid,Isotopologue_C13-15,-1.4112543197800222e-20
MCF002044_006,0.5,Stearic acid,Isotopologue_C13-15,-9.357327291411055e-21
MCF002044_004,0.5,Stearic acid,Isotopologue_C13-16,1.849290541691342e-23
MCF002044_005,0.5,Stearic acid,Isotopologue_C13-16,8.446419879185263e-23
MCF002044_006,0.5,Stearic acid,Isotopologue_C13-16,5.637103854111981e-23
MCF002044_004,0.5,Stearic acid,Isotopologue_C13-17,-8.742390417793351e-26
MCF002044_005,0.5,Stearic acid,Isotopologue_C13-17,-3.851722788913046e-25
MCF002044_006,0.5,Stearic acid,Isotopologue_C13-17,-2.584432934254697e-25
MCF002044_004,0.5,Stearic acid,Isotopologue_C13-18,3.024110844803998e-28
MCF002044_005,0.5,Stearic acid,Isotopologue_C13-18,1.293950322927034e-27
MCF002044_006,0.5,Stearic acid,Isotopologue_C13-18,8.7210873467258e-28
MCF002044_004,0.5,Fructose,Isotopologue_C13-0,0.706761900932744
MCF002044_005,0.5,Fructose,Isotopologue_C13-0,0.7299137837733325
MCF002044_006,0.5,Fructose,Isotopologue_C13-0,0.7317267569889683
MCF002044_004,0.5,Fructose,Isotopologue_C13-1,-0.001171287946591264
MCF002044_005,0.5,Fructose,Isotopologue_C13-1,-0.002290240097305566
MCF002044_006,0.5,Fructose,Isotopologue_C13-1,0.006794622101723499
MCF002044_004,0.5,Fructose,Isotopologue_C13-2,-0.002039482682337669
MCF002044_005,0.5,Fructose,Isotopologue_C13-2,-0.002910994311511989
MCF002044_006,0.5,Fructose,Isotopologue_C13-2,-0.007746841804677555
MCF002044_004,0.5,Fructose,Isotopologue_C13-3,-0.001008114288918576
MCF002044_005,0.5,Fructose,Isotopologue_C13-3,-0.001480078347795059
MCF002044_006,0.5,Fructose,Isotopologue_C13-3,-0.002489764078683484
MCF002044_004,0.5,Fructose,Isotopologue_C13-4,-4.273736811582789e-4
MCF002044_005,0.5,Fructose,Isotopologue_C13-4,5.789925807829511e-4
MCF002044_006,0.5,Fructose,Isotopologue_C13-4,-3.559828916263e-4
MCF002044_004,0.5,Fructose,Isotopologue_C13-5,-0.005805824039327982
MCF002044_005,0.5,Fructose,Isotopologue_C13-5,-0.005878445369724023
MCF002044_006,0.5,Fructose,Isotopologue_C13-5,-0.007362617868165696
MCF002044_004,0.5,Fructose,Isotopologue_C13-6,0.3036901817055897
MCF002044_005,0.5,Fructose,Isotopologue_C13-6,0.2820669817722211
MCF002044_006,0.5,Fructose,Isotopologue_C13-6,0.2794338275524612
MCF002044_004,0.5,Glucose,Isotopologue_C13-0,0.01142241754702767
MCF002044_005,0.5,Glucose,Isotopologue_C13-0,0.009296870951207977
MCF002044_006,0.5,Glucose,Isotopologue_C13-0,0.009122561583760307
MCF002044_004,0.5,Glucose,Isotopologue_C13-1,-6.308946513978128e-5
MCF002044_005,0.5,Glucose,Isotopologue_C13-1,1.077849321814818e-4
MCF002044_006,0.5,Glucose,Isotopologue_C13-1,-9.317063561984456e-5
MCF002044_004,0.5,Glucose,Isotopologue_C13-2,1.160959111770679e-5
MCF002044_005,0.5,Glucose,Isotopologue_C13-2,-2.052755213701075e-4
MCF002044_006,0.5,Glucose,Isotopologue_C13-2,4.949040767899018e-5
MCF002044_004,0.5,Glucose,Isotopologue_C13-3,3.645024031383248e-5
MCF002044_005,0.5,Glucose,Isotopologue_C13-3,8.30088191387168e-5
MCF002044_006,0.5,Glucose,Isotopologue_C13-3,6.450773253202661e-5
MCF002044_004,0.5,Glucose,Isotopologue_C13-4,5.382354495673698e-4
MCF002044_005,0.5,Glucose,Isotopologue_C13-4,5.617793871427054e-4
MCF002044_006,0.5,Glucose,Isotopologue_C13-4,5.054175612793013e-4
MCF002044_004,0.5,Glucose,Isotopologue_C13-5,-0.01656115822160966
MCF002044_005,0.5,Glucose,Isotopologue_C13-5,-0.01670720424250338
MCF002044_006,0.5,Glucose,Isotopologue_C13-5,-0.01674435220451574
MCF002044_004,0.5,Glucose,Isotopologue_C13-6,1.004615534858723
MCF002044_005,0.5,Glucose,Isotopologue_C13-6,1.006863035674203
MCF002044_006,0.5,Glucose,Isotopologue_C13-6,1.007095545554885
MCF002044_004,0.5,Pentose-phosphate,Isotopologue_C13-0,1.044673902264134
MCF002044_005,0.5,Pentose-phosphate,Isotopologue_C13-0,1.053301159479085
MCF002044_006,0.5,Pentose-phosphate,Isotopologue_C13-0,1.040558574530395
MCF002044_004,0.5,Pentose-phosphate,Isotopologue_C13-1,-0.01934541607589447
MCF002044_005,0.5,Pentose-phosphate,Isotopologue_C13-1,-0.02749604136594887
MCF002044_006,0.5,Pentose-phosphate,Isotopologue_C13-1,-0.0123302648929731
MCF002044_004,0.5,Pentose-phosphate,Isotopologue_C13-2,-0.00878898238210073
MCF002044_005,0.5,Pentose-phosphate,Isotopologue_C13-2,-0.003777722862364488
MCF002044_006,0.5,Pentose-phosphate,Isotopologue_C13-2,-0.008682701027165672
MCF002044_004,0.5,Pentose-phosphate,Isotopologue_C13-3,-0.005146299540146313
MCF002044_005,0.5,Pentose-phosphate,Isotopologue_C13-3,-0.002057968184309959
MCF002044_006,0.5,Pentose-phosphate,Isotopologue_C13-3,-0.006785974892570878
MCF002044_004,0.5,Pentose-phosphate,Isotopologue_C13-4,-0.008695481310463722
MCF002044_005,0.5,Pentose-phosphate,Isotopologue_C13-4,-0.01680477704483894
MCF002044_006,0.5,Pentose-phosphate,Isotopologue_C13-4,-0.009015772556224965
MCF002044_004,0.5,Pentose-phosphate,Isotopologue_C13-5,-0.00269772295552875
MCF002044_005,0.5,Pentose-phosphate,Isotopologue_C13-5,-0.003164650021622705
MCF002044_006,0.5,Pentose-phosphate,Isotopologue_C13-5,-0.003743861161460608
MCF002044_004,0.5,Myo-inositol,Isotopologue_C13-0,1.012390562918142
MCF002044_005,0.5,Myo-inositol,Isotopologue_C13-0,1.012998131314022
MCF002044_006,0.5,Myo-inositol,Isotopologue_C13-0,1.010405901898397
MCF002044_004,0.5,Myo-inositol,Isotopologue_C13-1,-0.01096514919015644
MCF002044_005,0.5,Myo-inositol,Isotopologue_C13-1,-0.00913424759190631
MCF002044_006,0.5,Myo-inositol,Isotopologue_C13-1,-0.00832002293203007
MCF002044_004,0.5,Myo-inositol,Isotopologue_C13-2,-0.004879331896375561
MCF002044_005,0.5,Myo-inositol,Isotopologue_C13-2,-0.007961059526647853
MCF002044_006,0.5,Myo-inositol,Isotopologue_C13-2,-0.005027363560385293
MCF002044_004,0.5,Myo-inositol,Isotopologue_C13-3,8.215401056406442e-4
MCF002044_005,0.5,Myo-inositol,Isotopologue_C13-3,0.001126148278516355
MCF002044_006,0.5,Myo-inositol,Isotopologue_C13-3,0.00106577876513172
MCF002044_004,0.5,Myo-inositol,Isotopologue_C13-4,3.734541237356658e-4
MCF002044_005,0.5,Myo-inositol,Isotopologue_C13-4,0.001209656317288022
MCF002044_006,0.5,Myo-inositol,Isotopologue_C13-4,-3.465458707800048e-4
MCF002044_004,0.5,Myo-inositol,Isotopologue_C13-5,4.077427432690994e-4
MCF002044_005,0.5,Myo-inositol,Isotopologue_C13-5,3.565617845224165e-4
MCF002044_006,0.5,Myo-inositol,Isotopologue_C13-5,4.844342652505924e-4
MCF002044_004,0.5,Myo-inositol,Isotopologue_C13-6,0.001851181195744442
MCF002044_005,0.5,Myo-inositol,Isotopologue_C13-6,0.001404809424205449
MCF002044_006,0.5,Myo-inositol,Isotopologue_C13-6,0.001737817434415726
MCF002044_004,0.5,2-DL-Hydroxybutyric acid,Isotopologue_C13-0,1.066293313356425
MCF002044_005,0.5,2-DL-Hydroxybutyric acid,Isotopologue_C13-0,1.323005763524616
MCF002044_006,0.5,2-DL-Hydroxybutyric acid,Isotopologue_C13-0,1.323005763524617
MCF002044_004,0.5,2-DL-Hydroxybutyric acid,Isotopologue_C13-1,0.03104155176651155
MCF002044_005,0.5,2-DL-Hydroxybutyric acid,Isotopologue_C13-1,-0.2804990238068872
MCF002044_006,0.5,2-DL-Hydroxybutyric acid,Isotopologue_C13-1,-0.2804990238068873
MCF002044_004,0.5,2-DL-Hydroxybutyric acid,Isotopologue_C13-2,-0.1047415786912868
MCF002044_005,0.5,2-DL-Hydroxybutyric acid,Isotopologue_C13-2,-0.0657711855284978
MCF002044_006,0.5,2-DL-Hydroxybutyric acid,Isotopologue_C13-2,-0.06577118552849782
MCF002044_004,0.5,2-DL-Hydroxybutyric acid,Isotopologue_C13-3,0.002845808839743462
MCF002044_005,0.5,2-DL-Hydroxybutyric acid,Isotopologue_C13-3,0.02008982201990833
MCF002044_006,0.5,2-DL-Hydroxybutyric acid,Isotopologue_C13-3,0.02008982201990834
MCF002044_004,0.5,2-DL-Hydroxybutyric acid,Isotopologue_C13-4,0.004560904728606391
MCF002044_005,0.5,2-DL-Hydroxybutyric acid,Isotopologue_C13-4,0.003174623790860191
MCF002044_006,0.5,2-DL-Hydroxybutyric acid,Isotopologue_C13-4,0.003174623790860192
MCF002044_004,0.5,3-DL-Hydroxybutyric acid,Isotopologue_C13-0,1.076480204472833
MCF002044_005,0.5,3-DL-Hydroxybutyric acid,Isotopologue_C13-0,1.069837486967095
MCF002044_006,0.5,3-DL-Hydroxybutyric acid,Isotopologue_C13-0,1.077472291927176
MCF002044_004,0.5,3-DL-Hydroxybutyric acid,Isotopologue_C13-1,0.01302669753246501
MCF002044_005,0.5,3-DL-Hydroxybutyric acid,Isotopologue_C13-1,0.02325001003206208
MCF002044_006,0.5,3-DL-Hydroxybutyric acid,Isotopologue_C13-1,0.01415605677418662
MCF002044_004,0.5,3-DL-Hydroxybutyric acid,Isotopologue_C13-2,-0.1020552266673505
MCF002044_005,0.5,3-DL-Hydroxybutyric acid,Isotopologue_C13-2,-0.1034996223945781
MCF002044_006,0.5,3-DL-Hydroxybutyric acid,Isotopologue_C13-2,-0.1023751989924206
MCF002044_004,0.5,3-DL-Hydroxybutyric acid,Isotopologue_C13-3,0.003645852021839674
MCF002044_005,0.5,3-DL-Hydroxybutyric acid,Isotopologue_C13-3,0.003155367075515827
MCF002044_006,0.5,3-DL-Hydroxybutyric acid,Isotopologue_C13-3,0.003664703848554724
MCF002044_004,0.5,3-DL-Hydroxybutyric acid,Isotopologue_C13-4,0.008902472640212787
MCF002044_005,0.5,3-DL-Hydroxybutyric acid,Isotopologue_C13-4,0.007256758319904999
MCF002044_006,0.5,3-DL-Hydroxybutyric acid,Isotopologue_C13-4,0.007082146442503566
MCF002044_004,0.5,DL-2-Hydroxyglutaric acid,Isotopologue_C13-0,1.032076664684467
MCF002044_005,0.5,DL-2-Hydroxyglutaric acid,Isotopologue_C13-0,1.016976443135656
MCF002044_006,0.5,DL-2-Hydroxyglutaric acid,Isotopologue_C13-0,1.025915411591202
MCF002044_004,0.5,DL-2-Hydroxyglutaric acid,Isotopologue_C13-1,-0.01822893534838282
MCF002044_005,0.5,DL-2-Hydroxyglutaric acid,Isotopologue_C13-1,0.01618929396169865
MCF002044_006,0.5,DL-2-Hydroxyglutaric acid,Isotopologue_C13-1,-0.006107755446780321
MCF002044_004,0.5,DL-2-Hydroxyglutaric acid,Isotopologue_C13-2,-0.001837696923179248
MCF002044_005,0.5,DL-2-Hydroxyglutaric acid,Isotopologue_C13-2,-0.02178915908366108
MCF002044_006,0.5,DL-2-Hydroxyglutaric acid,Isotopologue_C13-2,-0.003349616591608245
MCF002044_004,0.5,DL-2-Hydroxyglutaric acid,Isotopologue_C13-3,-0.006942145537558495
MCF002044_005,0.5,DL-2-Hydroxyglutaric acid,Isotopologue_C13-3,-0.009010242438158688
MCF002044_006,0.5,DL-2-Hydroxyglutaric acid,Isotopologue_C13-3,-0.01353939080274509
MCF002044_004,0.5,DL-2-Hydroxyglutaric acid,Isotopologue_C13-4,-0.005424992740659391
MCF002044_005,0.5,DL-2-Hydroxyglutaric acid,Isotopologue_C13-4,-0.002908658148322129
MCF002044_006,0.5,DL-2-Hydroxyglutaric acid,Isotopologue_C13-4,-0.00375139679103012
MCF002044_004,0.5,DL-2-Hydroxyglutaric acid,Isotopologue_C13-5,3.571058653125169e-4
MCF002044_005,0.5,DL-2-Hydroxyglutaric acid,Isotopologue_C13-5,5.423225727868348e-4
MCF002044_006,0.5,DL-2-Hydroxyglutaric acid,Isotopologue_C13-5,8.327480409616836e-4
MCF002044_004,0.5,Oxoadipic acid,Isotopologue_C13-0,0
MCF002044_005,0.5,Oxoadipic acid,Isotopologue_C13-0,1.379676126781309
MCF002044_006,0.5,Oxoadipic acid,Isotopologue_C13-0,1.37967612678131
MCF002044_004,0.5,Oxoadipic acid,Isotopologue_C13-1,0
MCF002044_005,0.5,Oxoadipic acid,Isotopologue_C13-1,-0.3437488192890493
MCF002044_006,0.5,Oxoadipic acid,Isotopologue_C13-1,-0.3437488192890492
MCF002044_004,0.5,Oxoadipic acid,Isotopologue_C13-2,0
MCF002044_005,0.5,Oxoadipic acid,Isotopologue_C13-2,-0.06270447908826617
MCF002044_006,0.5,Oxoadipic acid,Isotopologue_C13-2,-0.06270447908826618
MCF002044_004,0.5,Oxoadipic acid,Isotopologue_C13-3,0
MCF002044_005,0.5,Oxoadipic acid,Isotopologue_C13-3,0.0246418418824475
MCF002044_006,0.5,Oxoadipic acid,Isotopologue_C13-3,0.0246418418824475
MCF002044_004,0.5,Oxoadipic acid,Isotopologue_C13-4,0
MCF002044_005,0.5,Oxoadipic acid,Isotopologue_C13-4,0.00192427296568725
MCF002044_006,0.5,Oxoadipic acid,Isotopologue_C13-4,0.001924272965687251
MCF002044_004,0.5,Oxoadipic acid,Isotopologue_C13-5,0
MCF002044_005,0.5,Oxoadipic acid,Isotopologue_C13-5,2.435166214007637e-4
MCF002044_006,0.5,Oxoadipic acid,Isotopologue_C13-5,2.435166214007637e-4
MCF002044_004,0.5,Oxoadipic acid,Isotopologue_C13-6,0
MCF002044_005,0.5,Oxoadipic acid,Isotopologue_C13-6,-3.245987352958459e-5
MCF002044_006,0.5,Oxoadipic acid,Isotopologue_C13-6,-3.24598735295846e-5
MCF002044_004,0.5,(S)-a-Acetolactic Acid,Isotopologue_C13-0,0
MCF002044_005,0.5,(S)-a-Acetolactic Acid,Isotopologue_C13-0,0
MCF002044_006,0.5,(S)-a-Acetolactic Acid,Isotopologue_C13-0,0
MCF002044_004,0.5,(S)-a-Acetolactic Acid,Isotopologue_C13-1,0
MCF002044_005,0.5,(S)-a-Acetolactic Acid,Isotopologue_C13-1,0
MCF002044_006,0.5,(S)-a-Acetolactic Acid,Isotopologue_C13-1,0
MCF002044_004,0.5,(S)-a-Acetolactic Acid,Isotopologue_C13-2,0
MCF002044_005,0.5,(S)-a-Acetolactic Acid,Isotopologue_C13-2,0
MCF002044_006,0.5,(S)-a-Acetolactic Acid,Isotopologue_C13-2,0
MCF002044_004,0.5,(S)-a-Acetolactic Acid,Isotopologue_C13-3,0
MCF002044_005,0.5,(S)-a-Acetolactic Acid,Isotopologue_C13-3,0
MCF002044_006,0.5,(S)-a-Acetolactic Acid,Isotopologue_C13-3,0
MCF002044_004,0.5,(S)-a-Acetolactic Acid,Isotopologue_C13-4,0
MCF002044_005,0.5,(S)-a-Acetolactic Acid,Isotopologue_C13-4,0
MCF002044_006,0.5,(S)-a-Acetolactic Acid,Isotopologue_C13-4,0
MCF002044_004,0.5,(S)-a-Acetolactic Acid,Isotopologue_C13-5,0
MCF002044_005,0.5,(S)-a-Acetolactic Acid,Isotopologue_C13-5,0
MCF002044_006,0.5,(S)-a-Acetolactic Acid,Isotopologue_C13-5,0
MCF002044_004,0.5,"2,3-dihydroxyisovalerate",Isotopologue_C13-0,0
MCF002044_005,0.5,"2,3-dihydroxyisovalerate",Isotopologue_C13-0,0
MCF002044_006,0.5,"2,3-dihydroxyisovalerate",Isotopologue_C13-0,0
MCF002044_004,0.5,"2,3-dihydroxyisovalerate",Isotopologue_C13-1,0
MCF002044_005,0.5,"2,3-dihydroxyisovalerate",Isotopologue_C13-1,0
MCF002044_006,0.5,"2,3-dihydroxyisovalerate",Isotopologue_C13-1,0
MCF002044_004,0.5,"2,3-dihydroxyisovalerate",Isotopologue_C13-2,0
MCF002044_005,0.5,"2,3-dihydroxyisovalerate",Isotopologue_C13-2,0
MCF002044_006,0.5,"2,3-dihydroxyisovalerate",Isotopologue_C13-2,0
MCF002044_004,0.5,"2,3-dihydroxyisovalerate",Isotopologue_C13-3,0
MCF002044_005,0.5,"2,3-dihydroxyisovalerate",Isotopologue_C13-3,0
MCF002044_006,0.5,"2,3-dihydroxyisovalerate",Isotopologue_C13-3,0
MCF002044_004,0.5,"2,3-dihydroxyisovalerate",Isotopologue_C13-4,0
MCF002044_005,0.5,"2,3-dihydroxyisovalerate",Isotopologue_C13-4,0
MCF002044_006,0.5,"2,3-dihydroxyisovalerate",Isotopologue_C13-4,0
MCF002044_004,0.5,"2,3-dihydroxyisovalerate",Isotopologue_C13-5,0
MCF002044_005,0.5,"2,3-dihydroxyisovalerate",Isotopologue_C13-5,0
MCF002044_006,0.5,"2,3-dihydroxyisovalerate",Isotopologue_C13-5,0
MCF002044_004,0.5,2-isopropylmalic acid,Isotopologue_C13-0,0
MCF002044_005,0.5,2-isopropylmalic acid,Isotopologue_C13-0,0
MCF002044_006,0.5,2-isopropylmalic acid,Isotopologue_C13-0,0
MCF002044_004,0.5,2-isopropylmalic acid,Isotopologue_C13-1,0
MCF002044_005,0.5,2-isopropylmalic acid,Isotopologue_C13-1,0
MCF002044_006,0.5,2-isopropylmalic acid,Isotopologue_C13-1,0
MCF002044_004,0.5,2-isopropylmalic acid,Isotopologue_C13-2,0
MCF002044_005,0.5,2-isopropylmalic acid,Isotopologue_C13-2,0
MCF002044_006,0.5,2-isopropylmalic acid,Isotopologue_C13-2,0
MCF002044_004,0.5,2-isopropylmalic acid,Isotopologue_C13-3,0
MCF002044_005,0.5,2-isopropylmalic acid,Isotopologue_C13-3,0
MCF002044_006,0.5,2-isopropylmalic acid,Isotopologue_C13-3,0
MCF002044_004,0.5,2-isopropylmalic acid,Isotopologue_C13-4,0
MCF002044_005,0.5,2-isopropylmalic acid,Isotopologue_C13-4,0
MCF002044_006,0.5,2-isopropylmalic acid,Isotopologue_C13-4,0
MCF002044_004,0.5,2-isopropylmalic acid,Isotopologue_C13-5,0
MCF002044_005,0.5,2-isopropylmalic acid,Isotopologue_C13-5,0
MCF002044_006,0.5,2-isopropylmalic acid,Isotopologue_C13-5,0
MCF002044_004,0.5,2-isopropylmalic acid,Isotopologue_C13-6,0
MCF002044_005,0.5,2-isopropylmalic acid,Isotopologue_C13-6,0
MCF002044_006,0.5,2-isopropylmalic acid,Isotopologue_C13-6,0
MCF002044_004,0.5,2-isopropylmalic acid,Isotopologue_C13-7,0
MCF002044_005,0.5,2-isopropylmalic acid,Isotopologue_C13-7,0
MCF002044_006,0.5,2-isopropylmalic acid,Isotopologue_C13-7,0
MCF002044_004,0.5,a-Ketobutyric acid,Isotopologue_C13-0,1.198734788942558
MCF002044_005,0.5,a-Ketobutyric acid,Isotopologue_C13-0,0
MCF002044_006,0.5,a-Ketobutyric acid,Isotopologue_C13-0,0
MCF002044_004,0.5,a-Ketobutyric acid,Isotopologue_C13-1,-0.1716601884842778
MCF002044_005,0.5,a-Ketobutyric acid,Isotopologue_C13-1,0
MCF002044_006,0.5,a-Ketobutyric acid,Isotopologue_C13-1,0
MCF002044_004,0.5,a-Ketobutyric acid,Isotopologue_C13-2,-0.03504995215840015
MCF002044_005,0.5,a-Ketobutyric acid,Isotopologue_C13-2,0
MCF002044_006,0.5,a-Ketobutyric acid,Isotopologue_C13-2,0
MCF002044_004,0.5,a-Ketobutyric acid,Isotopologue_C13-3,0.00704601773953207
MCF002044_005,0.5,a-Ketobutyric acid,Isotopologue_C13-3,0
MCF002044_006,0.5,a-Ketobutyric acid,Isotopologue_C13-3,0
MCF002044_004,0.5,a-Ketobutyric acid,Isotopologue_C13-4,9.293339605879332e-4
MCF002044_005,0.5,a-Ketobutyric acid,Isotopologue_C13-4,0
MCF002044_006,0.5,a-Ketobutyric acid,Isotopologue_C13-4,0
MCF002044_004,0.5,Fucose,Isotopologue_C13-0,1.105416211736298
MCF002044_005,0.5,Fucose,Isotopologue_C13-0,1.103069652139384
MCF002044_006,0.5,Fucose,Isotopologue_C13-0,1.078991589460559
MCF002044_004,0.5,Fucose,Isotopologue_C13-1,-0.04023468862894122
MCF002044_005,0.5,Fucose,Isotopologue_C13-1,-0.04672067719841193
MCF002044_006,0.5,Fucose,Isotopologue_C13-1,-0.04751356998230245
MCF002044_004,0.5,Fucose,Isotopologue_C13-2,-0.02484552616109804
MCF002044_005,0.5,Fucose,Isotopologue_C13-2,-0.01147602013213613
MCF002044_006,0.5,Fucose,Isotopologue_C13-2,0.03033327877501303
MCF002044_004,0.5,Fucose,Isotopologue_C13-3,-0.05077497677381201
MCF002044_005,0.5,Fucose,Isotopologue_C13-3,-0.05439168592912687
MCF002044_006,0.5,Fucose,Isotopologue_C13-3,-0.06891612104834537
MCF002044_004,0.5,Fucose,Isotopologue_C13-4,0.006974279519887289
MCF002044_005,0.5,Fucose,Isotopologue_C13-4,0.00593547817954979
MCF002044_006,0.5,Fucose,Isotopologue_C13-4,0.003032163488732875
MCF002044_004,0.5,Fucose,Isotopologue_C13-5,0.004469314715523729
MCF002044_005,0.5,Fucose,Isotopologue_C13-5,0.004679402144149121
MCF002044_006,0.5,Fucose,Isotopologue_C13-5,0.005513285272370413
MCF002044_004,0.5,Fucose,Isotopologue_C13-6,-0.001004614407857732
MCF002044_005,0.5,Fucose,Isotopologue_C13-6,-0.001096149203408036
MCF002044_006,0.5,Fucose,Isotopologue_C13-6,-0.001440625966027701
MCF002044_004,0.5,Galacturonic acid,Isotopologue_C13-0,0
MCF002044_005,0.5,Galacturonic acid,Isotopologue_C13-0,-1.287700497391499e-10
MCF002044_006,0.5,Galacturonic acid,Isotopologue_C13-0,0
MCF002044_004,0.5,Galacturonic acid,Isotopologue_C13-1,0
MCF002044_005,0.5,Galacturonic acid,Isotopologue_C13-1,6.440864134803284e-8
MCF002044_006,0.5,Galacturonic acid,Isotopologue_C13-1,0
MCF002044_004,0.5,Galacturonic acid,Isotopologue_C13-2,0
MCF002044_005,0.5,Galacturonic acid,Isotopologue_C13-2,-1.288881321314391e-5
MCF002044_006,0.5,Galacturonic acid,Isotopologue_C13-2,0
MCF002044_004,0.5,Galacturonic acid,Isotopologue_C13-3,0
MCF002044_005,0.5,Galacturonic acid,Isotopologue_C13-3,0.001290062145237282
MCF002044_006,0.5,Galacturonic acid,Isotopologue_C13-3,0
MCF002044_004,0.5,Galacturonic acid,Isotopologue_C13-4,0
MCF002044_005,0.5,Galacturonic acid,Isotopologue_C13-4,-0.06462118965415312
MCF002044_006,0.5,Galacturonic acid,Isotopologue_C13-4,0
MCF002044_004,0.5,Galacturonic acid,Isotopologue_C13-5,0
MCF002044_005,0.5,Galacturonic acid,Isotopologue_C13-5,1.299508736620405
MCF002044_006,0.5,Galacturonic acid,Isotopologue_C13-5,0
MCF002044_004,0.5,Galacturonic acid,Isotopologue_C13-6,0
MCF002044_005,0.5,Galacturonic acid,Isotopologue_C13-6,-0.2361647845781477
MCF002044_006,0.5,Galacturonic acid,Isotopologue_C13-6,0
MCF002044_004,0.5,Glucuronic acid,Isotopologue_C13-0,1.017162942313003
MCF002044_005,0.5,Glucuronic acid,Isotopologue_C13-0,1.010931390568904
MCF002044_006,0.5,Glucuronic acid,Isotopologue_C13-0,1.017594774791359
MCF002044_004,0.5,Glucuronic acid,Isotopologue_C13-1,-0.00495593192028148
MCF002044_005,0.5,Glucuronic acid,Isotopologue_C13-1,-0.009832643963729943
MCF002044_006,0.5,Glucuronic acid,Isotopologue_C13-1,-0.009603902195061199
MCF002044_004,0.5,Glucuronic acid,Isotopologue_C13-2,-0.01251481543316743
MCF002044_005,0.5,Glucuronic acid,Isotopologue_C13-2,-0.001152697325109027
MCF002044_006,0.5,Glucuronic acid,Isotopologue_C13-2,-0.004711384250198871
MCF002044_004,0.5,Glucuronic acid,Isotopologue_C13-3,0.003089091485758814
MCF002044_005,0.5,Glucuronic acid,Isotopologue_C13-3,4.428444340693935e-4
MCF002044_006,0.5,Glucuronic acid,Isotopologue_C13-3,0.001574555692817696
MCF002044_004,0.5,Glucuronic acid,Isotopologue_C13-4,-0.003565539042762181
MCF002044_005,0.5,Glucuronic acid,Isotopologue_C13-4,-0.00233922657749772
MCF002044_006,0.5,Glucuronic acid,Isotopologue_C13-4,-0.004581784562149411
MCF002044_004,0.5,Glucuronic acid,Isotopologue_C13-5,-0.004974355251503275
MCF002044_005,0.5,Glucuronic acid,Isotopologue_C13-5,-0.005361348865026827
MCF002044_006,0.5,Glucuronic acid,Isotopologue_C13-5,-0.003657045063544142
MCF002044_004,0.5,Glucuronic acid,Isotopologue_C13-6,0.005758607848952337
MCF002044_005,0.5,Glucuronic acid,Isotopologue_C13-6,0.007311681728389837
MCF002044_006,0.5,Glucuronic acid,Isotopologue_C13-6,0.003384785586777469
MCF002044_004,0.5,Mannitol,Isotopologue_C13-0,1.458469688433564
MCF002044_005,0.5,Mannitol,Isotopologue_C13-0,1.495867855145182
MCF002044_006,0.5,Mannitol,Isotopologue_C13-0,1.700846725204802
MCF002044_004,0.5,Mannitol,Isotopologue_C13-1,-0.3811787106746066
MCF002044_005,0.5,Mannitol,Isotopologue_C13-1,-0.2379972351824759
MCF002044_006,0.5,Mannitol,Isotopologue_C13-1,-0.5471511045204421
MCF002044_004,0.5,Mannitol,Isotopologue_C13-2,-0.08965635956265479
MCF002044_005,0.5,Mannitol,Isotopologue_C13-2,-0.4142029271089404
MCF002044_006,0.5,Mannitol,Isotopologue_C13-2,-0.3166108624451596
MCF002044_004,0.5,Mannitol,Isotopologue_C13-3,-0.01476554691983435
MCF002044_005,0.5,Mannitol,Isotopologue_C13-3,0.1035943290015439
MCF002044_006,0.5,Mannitol,Isotopologue_C13-3,0.1335741737279049
MCF002044_004,0.5,Mannitol,Isotopologue_C13-4,0.01715991171937726
MCF002044_005,0.5,Mannitol,Isotopologue_C13-4,0.04649290856470266
MCF002044_006,0.5,Mannitol,Isotopologue_C13-4,0.02742945395571119
MCF002044_004,0.5,Mannitol,Isotopologue_C13-5,0.008628474649837807
MCF002044_005,0.5,Mannitol,Isotopologue_C13-5,0.001022540762408867
MCF002044_006,0.5,Mannitol,Isotopologue_C13-5,-0.002366967685465744
MCF002044_004,0.5,Mannitol,Isotopologue_C13-6,0.001342542354317112
MCF002044_005,0.5,Mannitol,Isotopologue_C13-6,0.005222528817579253
MCF002044_006,0.5,Mannitol,Isotopologue_C13-6,0.004278581762649111
MCF002044_004,0.5,Sorbitol,Isotopologue_C13-0,1.015437003592715
MCF002044_005,0.5,Sorbitol,Isotopologue_C13-0,1.01281789272031
MCF002044_006,0.5,Sorbitol,Isotopologue_C13-0,1.014870312316134
MCF002044_004,0.5,Sorbitol,Isotopologue_C13-1,-0.01579150152474867
MCF002044_005,0.5,Sorbitol,Isotopologue_C13-1,-0.004530541548324589
MCF002044_006,0.5,Sorbitol,Isotopologue_C13-1,-0.008825420700872482
MCF002044_004,0.5,Sorbitol,Isotopologue_C13-2,-0.00105076069707668
MCF002044_005,0.5,Sorbitol,Isotopologue_C13-2,-0.01930683416718289
MCF002044_006,0.5,Sorbitol,Isotopologue_C13-2,-0.006286724214212449
MCF002044_004,0.5,Sorbitol,Isotopologue_C13-3,2.286119071849946e-4
MCF002044_005,0.5,Sorbitol,Isotopologue_C13-3,0.005970609136959193
MCF002044_006,0.5,Sorbitol,Isotopologue_C13-3,0.001452122455671252
MCF002044_004,0.5,Sorbitol,Isotopologue_C13-4,-0.001975678581406928
MCF002044_005,0.5,Sorbitol,Isotopologue_C13-4,3.241715443092632e-4
MCF002044_006,0.5,Sorbitol,Isotopologue_C13-4,-0.003009635867416571
MCF002044_004,0.5,Sorbitol,Isotopologue_C13-5,-0.003210543010300042
MCF002044_005,0.5,Sorbitol,Isotopologue_C13-5,-0.002067659105208842
MCF002044_006,0.5,Sorbitol,Isotopologue_C13-5,-0.002916096895122977
MCF002044_004,0.5,Sorbitol,Isotopologue_C13-6,0.006362868313632639
MCF002044_005,0.5,Sorbitol,Isotopologue_C13-6,0.006792361419137322
MCF002044_006,0.5,Sorbitol,Isotopologue_C13-6,0.004715442905819142
MCF002044_007,1,13C5-D5-15N Glutamic acid,Abund,7537602.5
MCF002044_007,1,13C5-D5-15N Glutamic acid,BlankcorAbund,7537602.5
MCF002044_007,1,13C5-D5-15N Glutamic acid,NormAbund,15075205
MCF002044_007,1,D7-Glucose,Abund,952910720
MCF002044_007,1,D7-Glucose,BlankcorAbund,952005477.8133334
MCF002044_007,1,D7-Glucose,NormAbund,1904010955.6266668
MCF002044_007,1,Myristic acid d27,Abund,2693639.75
MCF002044_007,1,Myristic acid d27,BlankcorAbund,880256.3300000001
MCF002044_007,1,Myristic acid d27,NormAbund,1760512.6600000001
MCF002044_007,1,2-Phosphoglyceric acid,Abund,209550.7781651687
MCF002044_007,1,2-Phosphoglyceric acid,BlankcorAbund,209550.7781651687
MCF002044_007,1,2-Phosphoglyceric acid,NormAbund,419101.5563303374
MCF002044_007,1,(2 and/or 3-)Phosphoglyceric acid,Abund,3231166.561524299
MCF002044_007,1,(2 and/or 3-)Phosphoglyceric acid,BlankcorAbund,3231166.561524299
MCF002044_007,1,(2 and/or 3-)Phosphoglyceric acid,NormAbund,6462333.123048598
MCF002044_007,1,D-Glyceraldehyde 3-phosphate,Abund,430882.2636492709
MCF002044_007,1,D-Glyceraldehyde 3-phosphate,BlankcorAbund,430882.2636492709
MCF002044_007,1,D-Glyceraldehyde 3-phosphate,NormAbund,861764.5272985419
MCF002044_007,1,Dihydroxyacetone phosphate,Abund,1879761.517963097
MCF002044_007,1,Dihydroxyacetone phosphate,BlankcorAbund,1879761.517963097
MCF002044_007,1,Dihydroxyacetone phosphate,NormAbund,3759523.035926194
MCF002044_007,1,Glycerol 3-phosphate,Abund,30048124.34788919
MCF002044_007,1,Glycerol 3-phosphate,BlankcorAbund,30045255.33621949
MCF002044_007,1,Glycerol 3-phosphate,NormAbund,60090510.67243898
MCF002044_007,1,Hexose-phosphate,Abund,5220252.32058135
MCF002044_007,1,Hexose-phosphate,BlankcorAbund,5220252.32058135
MCF002044_007,1,Hexose-phosphate,NormAbund,10440504.6411627
MCF002044_007,1,Hexose,Abund,6926345712.30982
MCF002044_007,1,Hexose,BlankcorAbund,6919113025.867819
MCF002044_007,1,Hexose,NormAbund,13838226051.735638
MCF002044_007,1,L-Lactic acid,Abund,20464358.70113296
MCF002044_007,1,L-Lactic acid,BlankcorAbund,15169276.55973527
MCF002044_007,1,L-Lactic acid,NormAbund,30338553.11947054
MCF002044_007,1,Phosphoenolpyruvic acid,Abund,1216471.510414922
MCF002044_007,1,Phosphoenolpyruvic acid,BlankcorAbund,1216471.510414922
MCF002044_007,1,Phosphoenolpyruvic acid,NormAbund,2432943.020829844
MCF002044_007,1,Pyruvic acid,Abund,259960.2880575676
MCF002044_007,1,Pyruvic acid,BlankcorAbund,165755.1450944118
MCF002044_007,1,Pyruvic acid,NormAbund,331510.2901888236
MCF002044_007,1,Citric acid,Abund,2127207.519482034
MCF002044_007,1,Citric acid,BlankcorAbund,1996951.9874721111
MCF002044_007,1,Citric acid,NormAbund,3993903.9749442223
MCF002044_007,1,Fumaric acid,Abund,1425619.376357507
MCF002044_007,1,Fumaric acid,BlankcorAbund,1039395.6289748903
MCF002044_007,1,Fumaric acid,NormAbund,2078791.2579497807
MCF002044_007,1,L-Malic acid,Abund,31291598.24372438
MCF002044_007,1,L-Malic acid,BlankcorAbund,30939478.135356847
MCF002044_007,1,L-Malic acid,NormAbund,61878956.270713694
MCF002044_007,1,Oxoglutaric acid,Abund,897671.8157286836
MCF002044_007,1,Oxoglutaric acid,BlankcorAbund,897671.8157286836
MCF002044_007,1,Oxoglutaric acid,NormAbund,1795343.6314573672
MCF002044_007,1,Succinic acid,Abund,2355287.947775594
MCF002044_007,1,Succinic acid,BlankcorAbund,-223156.33717789734
MCF002044_007,1,Succinic acid,NormAbund,-446312.6743557947
MCF002044_007,1,Glycine,Abund,42189591.62028288
MCF002044_007,1,Glycine,BlankcorAbund,40000620.6737919
MCF002044_007,1,Glycine,NormAbund,80001241.3475838
MCF002044_007,1,L-Alanine,Abund,29915636.88647516
MCF002044_007,1,L-Alanine,BlankcorAbund,28148775.679642204
MCF002044_007,1,L-Alanine,NormAbund,56297551.35928441
MCF002044_007,1,L-Asparagine,Abund,14565.02599475489
MCF002044_007,1,L-Asparagine,BlankcorAbund,-14702.51840309904
MCF002044_007,1,L-Asparagine,NormAbund,-29405.03680619808
MCF002044_007,1,L-Aspartic acid,Abund,39096597.86408466
MCF002044_007,1,L-Aspartic acid,BlankcorAbund,39096597.86408466
MCF002044_007,1,L-Aspartic acid,NormAbund,78193195.72816932
MCF002044_007,1,L-Cysteine,Abund,3140458.700822086
MCF002044_007,1,L-Cysteine,BlankcorAbund,3124839.3657792066
MCF002044_007,1,L-Cysteine,NormAbund,6249678.731558413
MCF002044_007,1,L-Glutamic acid,Abund,218026337.656224
MCF002044_007,1,L-Glutamic acid,BlankcorAbund,218026337.656224
MCF002044_007,1,L-Glutamic acid,NormAbund,436052675.312448
MCF002044_007,1,L-Isoleucine,Abund,5851101.297649303
MCF002044_007,1,L-Isoleucine,BlankcorAbund,5192341.592189474
MCF002044_007,1,L-Isoleucine,NormAbund,10384683.184378948
MCF002044_007,1,L-Leucine,Abund,4072416.814313805
MCF002044_007,1,L-Leucine,BlankcorAbund,3871190.555103723
MCF002044_007,1,L-Leucine,NormAbund,7742381.110207446
MCF002044_007,1,L-Lysine,Abund,2620245.988024186
MCF002044_007,1,L-Lysine,BlankcorAbund,2620245.988024186
MCF002044_007,1,L-Lysine,NormAbund,5240491.976048372
MCF002044_007,1,L-Methionine,Abund,4288933.136087623
MCF002044_007,1,L-Methionine,BlankcorAbund,4261527.136457144
MCF002044_007,1,L-Methionine,NormAbund,8523054.272914289
MCF002044_007,1,L-Phenylalanine,Abund,6523146.536347901
MCF002044_007,1,L-Phenylalanine,BlankcorAbund,6523146.536347901
MCF002044_007,1,L-Phenylalanine,NormAbund,13046293.072695803
MCF002044_007,1,L-Proline,Abund,8088446.444914734
MCF002044_007,1,L-Proline,BlankcorAbund,8084927.009988242
MCF002044_007,1,L-Proline,NormAbund,16169854.019976484
MCF002044_007,1,L-Serine,Abund,2881908.052722415
MCF002044_007,1,L-Serine,BlankcorAbund,2881908.052722415
MCF002044_007,1,L-Serine,NormAbund,5763816.10544483
MCF002044_007,1,L-Threonine,Abund,6998360.549690733
MCF002044_007,1,L-Threonine,BlankcorAbund,6884216.433380044
MCF002044_007,1,L-Threonine,NormAbund,13768432.866760088
MCF002044_007,1,L-Tryptophan,Abund,519819.823391958
MCF002044_007,1,L-Tryptophan,BlankcorAbund,519819.823391958
MCF002044_007,1,L-Tryptophan,NormAbund,1039639.646783916
MCF002044_007,1,L-Tyrosine,Abund,963234.6864651395
MCF002044_007,1,L-Tyrosine,BlankcorAbund,963234.6864651395
MCF002044_007,1,L-Tyrosine,NormAbund,1926469.372930279
MCF002044_007,1,L-Valine,Abund,13620060.11998344
MCF002044_007,1,L-Valine,BlankcorAbund,13229192.820356939
MCF002044_007,1,L-Valine,NormAbund,26458385.640713878
MCF002044_007,1,Myristic acid,Abund,4444015.893281301
MCF002044_007,1,Myristic acid,BlankcorAbund,-376303.07405644096
MCF002044_007,1,Myristic acid,NormAbund,-752606.1481128819
MCF002044_007,1,Palmitic acid,Abund,270032689.75642
MCF002044_007,1,Palmitic acid,BlankcorAbund,-3006866.8664780855
MCF002044_007,1,Palmitic acid,NormAbund,-6013733.732956171
MCF002044_007,1,Stearic acid,Abund,105531669.891092
MCF002044_007,1,Stearic acid,BlankcorAbund,13214930.722108856
MCF002044_007,1,Stearic acid,NormAbund,26429861.44421771
MCF002044_007,1,Fructose,Abund,6602691.767992884
MCF002044_007,1,Fructose,BlankcorAbund,6003917.603648898
MCF002044_007,1,Fructose,NormAbund,12007835.207297796
MCF002044_007,1,Glucose,Abund,5034831381.733417
MCF002044_007,1,Glucose,BlankcorAbund,5033387800.856623
MCF002044_007,1,Glucose,NormAbund,10066775601.713245
MCF002044_007,1,Pentose-phosphate,Abund,4977421.499131032
MCF002044_007,1,Pentose-phosphate,BlankcorAbund,4977421.499131032
MCF002044_007,1,Pentose-phosphate,NormAbund,9954842.998262065
MCF002044_007,1,Myo-inositol,Abund,107945744.9470118
MCF002044_007,1,Myo-inositol,BlankcorAbund,107933491.11773409
MCF002044_007,1,Myo-inositol,NormAbund,215866982.23546818
MCF002044_007,1,2-DL-Hydroxybutyric acid,Abund,66871.65217286063
MCF002044_007,1,2-DL-Hydroxybutyric acid,BlankcorAbund,-6343.943914945368
MCF002044_007,1,2-DL-Hydroxybutyric acid,NormAbund,-12687.887829890737
MCF002044_007,1,3-DL-Hydroxybutyric acid,Abund,2382061.253483402
MCF002044_007,1,3-DL-Hydroxybutyric acid,BlankcorAbund,380456.49957271386
MCF002044_007,1,3-DL-Hydroxybutyric acid,NormAbund,760912.9991454277
MCF002044_007,1,DL-2-Hydroxyglutaric acid,Abund,935292.4807918661
MCF002044_007,1,DL-2-Hydroxyglutaric acid,BlankcorAbund,903838.6935976098
MCF002044_007,1,DL-2-Hydroxyglutaric acid,NormAbund,1807677.3871952195
MCF002044_007,1,Oxoadipic acid,Abund,10872.062405951
MCF002044_007,1,Oxoadipic acid,BlankcorAbund,10872.062405951
MCF002044_007,1,Oxoadipic acid,NormAbund,21744.124811902
MCF002044_007,1,(S)-a-Acetolactic Acid,Abund,0
MCF002044_007,1,(S)-a-Acetolactic Acid,BlankcorAbund,0
MCF002044_007,1,(S)-a-Acetolactic Acid,NormAbund,0
MCF002044_007,1,"2,3-dihydroxyisovalerate",Abund,0
MCF002044_007,1,"2,3-dihydroxyisovalerate",BlankcorAbund,0
MCF002044_007,1,"2,3-dihydroxyisovalerate",NormAbund,0
MCF002044_007,1,2-isopropylmalic acid,Abund,0
MCF002044_007,1,2-isopropylmalic acid,BlankcorAbund,0
MCF002044_007,1,2-isopropylmalic acid,NormAbund,0
MCF002044_007,1,a-Ketobutyric acid,Abund,0
MCF002044_007,1,a-Ketobutyric acid,BlankcorAbund,-364265.91866605467
MCF002044_007,1,a-Ketobutyric acid,NormAbund,-728531.8373321093
MCF002044_007,1,Fucose,Abund,227144.7911461504
MCF002044_007,1,Fucose,BlankcorAbund,227144.7911461504
MCF002044_007,1,Fucose,NormAbund,454289.5822923008
MCF002044_007,1,Galacturonic acid,Abund,0
MCF002044_007,1,Galacturonic acid,BlankcorAbund,0
MCF002044_007,1,Galacturonic acid,NormAbund,0
MCF002044_007,1,Glucuronic acid,Abund,6632515.703807221
MCF002044_007,1,Glucuronic acid,BlankcorAbund,6632515.703807221
MCF002044_007,1,Glucuronic acid,NormAbund,13265031.407614442
MCF002044_007,1,Mannitol,Abund,29025.76446173499
MCF002044_007,1,Mannitol,BlankcorAbund,29025.76446173499
MCF002044_007,1,Mannitol,NormAbund,58051.52892346998
MCF002044_007,1,Sorbitol,Abund,4248503.32427114
MCF002044_007,1,Sorbitol,BlankcorAbund,4164246.4960139645
MCF002044_007,1,Sorbitol,NormAbund,8328492.992027929
MCF002044_008,1,13C5-D5-15N Glutamic acid,Abund,7836899.5
MCF002044_008,1,13C5-D5-15N Glutamic acid,BlankcorAbund,7836899.5
MCF002044_008,1,13C5-D5-15N Glutamic acid,NormAbund,15673799
MCF002044_008,1,D7-Glucose,Abund,975652800
MCF002044_008,1,D7-Glucose,BlankcorAbund,974747557.8133334
MCF002044_008,1,D7-Glucose,NormAbund,1949495115.6266668
MCF002044_008,1,Myristic acid d27,Abund,2527317
MCF002044_008,1,Myristic acid d27,BlankcorAbund,713933.5800000001
MCF002044_008,1,Myristic acid d27,NormAbund,1427867.1600000001
MCF002044_008,1,2-Phosphoglyceric acid,Abund,238691.3123172251
MCF002044_008,1,2-Phosphoglyceric acid,BlankcorAbund,238691.3123172251
MCF002044_008,1,2-Phosphoglyceric acid,NormAbund,477382.6246344502
MCF002044_008,1,(2 and/or 3-)Phosphoglyceric acid,Abund,4676284.319771267
MCF002044_008,1,(2 and/or 3-)Phosphoglyceric acid,BlankcorAbund,4676284.319771267
MCF002044_008,1,(2 and/or 3-)Phosphoglyceric acid,NormAbund,9352568.639542533
MCF002044_008,1,D-Glyceraldehyde 3-phosphate,Abund,482448.4084355242
MCF002044_008,1,D-Glyceraldehyde 3-phosphate,BlankcorAbund,482448.4084355242
MCF002044_008,1,D-Glyceraldehyde 3-phosphate,NormAbund,964896.8168710484
MCF002044_008,1,Dihydroxyacetone phosphate,Abund,2352122.260201945
MCF002044_008,1,Dihydroxyacetone phosphate,BlankcorAbund,2352122.260201945
MCF002044_008,1,Dihydroxyacetone phosphate,NormAbund,4704244.52040389
MCF002044_008,1,Glycerol 3-phosphate,Abund,36672063.28245187
MCF002044_008,1,Glycerol 3-phosphate,BlankcorAbund,36669194.27078217
MCF002044_008,1,Glycerol 3-phosphate,NormAbund,73338388.54156435
MCF002044_008,1,Hexose-phosphate,Abund,6907276.916756196
MCF002044_008,1,Hexose-phosphate,BlankcorAbund,6907276.916756196
MCF002044_008,1,Hexose-phosphate,NormAbund,13814553.833512392
MCF002044_008,1,Hexose,Abund,7374328839.853052
MCF002044_008,1,Hexose,BlankcorAbund,7367096153.411051
MCF002044_008,1,Hexose,NormAbund,14734192306.822102
MCF002044_008,1,L-Lactic acid,Abund,30607718.09368525
MCF002044_008,1,L-Lactic acid,BlankcorAbund,25312635.952287562
MCF002044_008,1,L-Lactic acid,NormAbund,50625271.904575124
MCF002044_008,1,Phosphoenolpyruvic acid,Abund,1709645.871998955
MCF002044_008,1,Phosphoenolpyruvic acid,BlankcorAbund,1709645.871998955
MCF002044_008,1,Phosphoenolpyruvic acid,NormAbund,3419291.74399791
MCF002044_008,1,Pyruvic acid,Abund,303988.7382718329
MCF002044_008,1,Pyruvic acid,BlankcorAbund,209783.59530867706
MCF002044_008,1,Pyruvic acid,NormAbund,419567.1906173541
MCF002044_008,1,Citric acid,Abund,3592253.892862325
MCF002044_008,1,Citric acid,BlankcorAbund,3461998.360852402
MCF002044_008,1,Citric acid,NormAbund,6923996.721704804
MCF002044_008,1,Fumaric acid,Abund,1989236.305797857
MCF002044_008,1,Fumaric acid,BlankcorAbund,1603012.5584152404
MCF002044_008,1,Fumaric acid,NormAbund,3206025.1168304808
MCF002044_008,1,L-Malic acid,Abund,45189724.70207386
MCF002044_008,1,L-Malic acid,BlankcorAbund,44837604.593706325
MCF002044_008,1,L-Malic acid,NormAbund,89675209.18741265
MCF002044_008,1,Oxoglutaric acid,Abund,1182019.470392795
MCF002044_008,1,Oxoglutaric acid,BlankcorAbund,1182019.470392795
MCF002044_008,1,Oxoglutaric acid,NormAbund,2364038.94078559
MCF002044_008,1,Succinic acid,Abund,2453343.668404156
MCF002044_008,1,Succinic acid,BlankcorAbund,-125100.61654933542
MCF002044_008,1,Succinic acid,NormAbund,-250201.23309867084
MCF002044_008,1,Glycine,Abund,36544925.72447227
MCF002044_008,1,Glycine,BlankcorAbund,34355954.77798129
MCF002044_008,1,Glycine,NormAbund,68711909.55596258
MCF002044_008,1,L-Alanine,Abund,40161786.61811752
MCF002044_008,1,L-Alanine,BlankcorAbund,38394925.41128456
MCF002044_008,1,L-Alanine,NormAbund,76789850.82256912
MCF002044_008,1,L-Asparagine,Abund,47398.374649952
MCF002044_008,1,L-Asparagine,BlankcorAbund,18130.83025209807
MCF002044_008,1,L-Asparagine,NormAbund,36261.66050419614
MCF002044_008,1,L-Aspartic acid,Abund,43698957.9384753
MCF002044_008,1,L-Aspartic acid,BlankcorAbund,43698957.9384753
MCF002044_008,1,L-Aspartic acid,NormAbund,87397915.8769506
MCF002044_008,1,L-Cysteine,Abund,3352868.392887553
MCF002044_008,1,L-Cysteine,BlankcorAbund,3337249.0578446737
MCF002044_008,1,L-Cysteine,NormAbund,6674498.1156893475
MCF002044_008,1,L-Glutamic acid,Abund,298982699.2926352
MCF002044_008,1,L-Glutamic acid,BlankcorAbund,298982699.2926352
MCF002044_008,1,L-Glutamic acid,NormAbund,597965398.5852704
MCF002044_008,1,L-Isoleucine,Abund,6852292.625029409
MCF002044_008,1,L-Isoleucine,BlankcorAbund,6193532.91956958
MCF002044_008,1,L-Isoleucine,NormAbund,12387065.83913916
MCF002044_008,1,L-Leucine,Abund,3769225.385485543
MCF002044_008,1,L-Leucine,BlankcorAbund,3567999.126275461
MCF002044_008,1,L-Leucine,NormAbund,7135998.252550922
MCF002044_008,1,L-Lysine,Abund,4087296.075978357
MCF002044_008,1,L-Lysine,BlankcorAbund,4087296.075978357
MCF002044_008,1,L-Lysine,NormAbund,8174592.151956714
MCF002044_008,1,L-Methionine,Abund,5608874.175937625
MCF002044_008,1,L-Methionine,BlankcorAbund,5581468.1763071455
MCF002044_008,1,L-Methionine,NormAbund,11162936.352614291
MCF002044_008,1,L-Phenylalanine,Abund,9277398.338717567
MCF002044_008,1,L-Phenylalanine,BlankcorAbund,9277398.338717567
MCF002044_008,1,L-Phenylalanine,NormAbund,18554796.677435134
MCF002044_008,1,L-Proline,Abund,12840827.95353738
MCF002044_008,1,L-Proline,BlankcorAbund,12837308.518610887
MCF002044_008,1,L-Proline,NormAbund,25674617.037221774
MCF002044_008,1,L-Serine,Abund,9181085.394499809
MCF002044_008,1,L-Serine,BlankcorAbund,9181085.394499809
MCF002044_008,1,L-Serine,NormAbund,18362170.788999617
MCF002044_008,1,L-Threonine,Abund,9734825.560922155
MCF002044_008,1,L-Threonine,BlankcorAbund,9620681.444611466
MCF002044_008,1,L-Threonine,NormAbund,19241362.88922293
MCF002044_008,1,L-Tryptophan,Abund,710391.209765912
MCF002044_008,1,L-Tryptophan,BlankcorAbund,710391.209765912
MCF002044_008,1,L-Tryptophan,NormAbund,1420782.419531824
MCF002044_008,1,L-Tyrosine,Abund,1343557.671164597
MCF002044_008,1,L-Tyrosine,BlankcorAbund,1343557.671164597
MCF002044_008,1,L-Tyrosine,NormAbund,2687115.342329194
MCF002044_008,1,L-Valine,Abund,18258945.3914983
MCF002044_008,1,L-Valine,BlankcorAbund,17868078.0918718
MCF002044_008,1,L-Valine,NormAbund,35736156.1837436
MCF002044_008,1,Myristic acid,Abund,4616761.108345121
MCF002044_008,1,Myristic acid,BlankcorAbund,-203557.85899262037
MCF002044_008,1,Myristic acid,NormAbund,-407115.71798524074
MCF002044_008,1,Palmitic acid,Abund,244173052.1636811
MCF002044_008,1,Palmitic acid,BlankcorAbund,-28866504.459217012
MCF002044_008,1,Palmitic acid,NormAbund,-57733008.918434024
MCF002044_008,1,Stearic acid,Abund,100136692.2636704
MCF002044_008,1,Stearic acid,BlankcorAbund,7819953.094687253
MCF002044_008,1,Stearic acid,NormAbund,15639906.189374506
MCF002044_008,1,Fructose,Abund,7065074.302184334
MCF002044_008,1,Fructose,BlankcorAbund,6466300.137840348
MCF002044_008,1,Fructose,NormAbund,12932600.275680697
MCF002044_008,1,Glucose,Abund,5342871940.649425
MCF002044_008,1,Glucose,BlankcorAbund,5341428359.772631
MCF002044_008,1,Glucose,NormAbund,10682856719.545261
MCF002044_008,1,Pentose-phosphate,Abund,5571818.827163062
MCF002044_008,1,Pentose-phosphate,BlankcorAbund,5571818.827163062
MCF002044_008,1,Pentose-phosphate,NormAbund,11143637.654326124
MCF002044_008,1,Myo-inositol,Abund,123740513.4016315
MCF002044_008,1,Myo-inositol,BlankcorAbund,123728259.5723538
MCF002044_008,1,Myo-inositol,NormAbund,247456519.1447076
MCF002044_008,1,2-DL-Hydroxybutyric acid,Abund,62191.38313542747
MCF002044_008,1,2-DL-Hydroxybutyric acid,BlankcorAbund,-11024.212952378526
MCF002044_008,1,2-DL-Hydroxybutyric acid,NormAbund,-22048.425904757052
MCF002044_008,1,3-DL-Hydroxybutyric acid,Abund,2853020.540199448
MCF002044_008,1,3-DL-Hydroxybutyric acid,BlankcorAbund,851415.7862887597
MCF002044_008,1,3-DL-Hydroxybutyric acid,NormAbund,1702831.5725775193
MCF002044_008,1,DL-2-Hydroxyglutaric acid,Abund,1494382.68419738
MCF002044_008,1,DL-2-Hydroxyglutaric acid,BlankcorAbund,1462928.8970031238
MCF002044_008,1,DL-2-Hydroxyglutaric acid,NormAbund,2925857.7940062475
MCF002044_008,1,Oxoadipic acid,Abund,0
MCF002044_008,1,Oxoadipic acid,BlankcorAbund,0
MCF002044_008,1,Oxoadipic acid,NormAbund,0
MCF002044_008,1,(S)-a-Acetolactic Acid,Abund,0
MCF002044_008,1,(S)-a-Acetolactic Acid,BlankcorAbund,0
MCF002044_008,1,(S)-a-Acetolactic Acid,NormAbund,0
MCF002044_008,1,"2,3-dihydroxyisovalerate",Abund,0
MCF002044_008,1,"2,3-dihydroxyisovalerate",BlankcorAbund,0
MCF002044_008,1,"2,3-dihydroxyisovalerate",NormAbund,0
MCF002044_008,1,2-isopropylmalic acid,Abund,0
MCF002044_008,1,2-isopropylmalic acid,BlankcorAbund,0
MCF002044_008,1,2-isopropylmalic acid,NormAbund,0
MCF002044_008,1,a-Ketobutyric acid,Abund,0
MCF002044_008,1,a-Ketobutyric acid,BlankcorAbund,-364265.91866605467
MCF002044_008,1,a-Ketobutyric acid,NormAbund,-728531.8373321093
MCF002044_008,1,Fucose,Abund,425634.51252708
MCF002044_008,1,Fucose,BlankcorAbund,425634.51252708
MCF002044_008,1,Fucose,NormAbund,851269.02505416
MCF002044_008,1,Galacturonic acid,Abund,0
MCF002044_008,1,Galacturonic acid,BlankcorAbund,0
MCF002044_008,1,Galacturonic acid,NormAbund,0
MCF002044_008,1,Glucuronic acid,Abund,6916014.293216589
MCF002044_008,1,Glucuronic acid,BlankcorAbund,6916014.293216589
MCF002044_008,1,Glucuronic acid,NormAbund,13832028.586433178
MCF002044_008,1,Mannitol,Abund,18302.94742609149
MCF002044_008,1,Mannitol,BlankcorAbund,18302.94742609149
MCF002044_008,1,Mannitol,NormAbund,36605.89485218298
MCF002044_008,1,Sorbitol,Abund,6821115.115391179
MCF002044_008,1,Sorbitol,BlankcorAbund,6736858.287134004
MCF002044_008,1,Sorbitol,NormAbund,13473716.574268008
MCF002044_009,1,13C5-D5-15N Glutamic acid,Abund,7879945.5
MCF002044_009,1,13C5-D5-15N Glutamic acid,BlankcorAbund,7879945.5
MCF002044_009,1,13C5-D5-15N Glutamic acid,NormAbund,15759891
MCF002044_009,1,D7-Glucose,Abund,1285369472
MCF002044_009,1,D7-Glucose,BlankcorAbund,1284464229.8133333
MCF002044_009,1,D7-Glucose,NormAbund,2568928459.6266665
MCF002044_009,1,Myristic acid d27,Abund,2670570.5
MCF002044_009,1,Myristic acid d27,BlankcorAbund,857187.0800000001
MCF002044_009,1,Myristic acid d27,NormAbund,1714374.1600000001
MCF002044_009,1,2-Phosphoglyceric acid,Abund,242387.8385870816
MCF002044_009,1,2-Phosphoglyceric acid,BlankcorAbund,242387.8385870816
MCF002044_009,1,2-Phosphoglyceric acid,NormAbund,484775.6771741632
MCF002044_009,1,(2 and/or 3-)Phosphoglyceric acid,Abund,4431348.200303587
MCF002044_009,1,(2 and/or 3-)Phosphoglyceric acid,BlankcorAbund,4431348.200303587
MCF002044_009,1,(2 and/or 3-)Phosphoglyceric acid,NormAbund,8862696.400607174
MCF002044_009,1,D-Glyceraldehyde 3-phosphate,Abund,483379.9335414751
MCF002044_009,1,D-Glyceraldehyde 3-phosphate,BlankcorAbund,483379.9335414751
MCF002044_009,1,D-Glyceraldehyde 3-phosphate,NormAbund,966759.8670829502
MCF002044_009,1,Dihydroxyacetone phosphate,Abund,2248921.388776952
MCF002044_009,1,Dihydroxyacetone phosphate,BlankcorAbund,2248921.388776952
MCF002044_009,1,Dihydroxyacetone phosphate,NormAbund,4497842.777553904
MCF002044_009,1,Glycerol 3-phosphate,Abund,40422027.19324475
MCF002044_009,1,Glycerol 3-phosphate,BlankcorAbund,40419158.18157505
MCF002044_009,1,Glycerol 3-phosphate,NormAbund,80838316.3631501
MCF002044_009,1,Hexose-phosphate,Abund,5914143.869634694
MCF002044_009,1,Hexose-phosphate,BlankcorAbund,5914143.869634694
MCF002044_009,1,Hexose-phosphate,NormAbund,11828287.739269389
MCF002044_009,1,Hexose,Abund,7757143548.784847
MCF002044_009,1,Hexose,BlankcorAbund,7749910862.342846
MCF002044_009,1,Hexose,NormAbund,15499821724.685692
MCF002044_009,1,L-Lactic acid,Abund,28022402.41891602
MCF002044_009,1,L-Lactic acid,BlankcorAbund,22727320.277518332
MCF002044_009,1,L-Lactic acid,NormAbund,45454640.555036664
MCF002044_009,1,Phosphoenolpyruvic acid,Abund,1486520.061437331
MCF002044_009,1,Phosphoenolpyruvic acid,BlankcorAbund,1486520.061437331
MCF002044_009,1,Phosphoenolpyruvic acid,NormAbund,2973040.122874662
MCF002044_009,1,Pyruvic acid,Abund,209656.1428095023
MCF002044_009,1,Pyruvic acid,BlankcorAbund,115450.99984634646
MCF002044_009,1,Pyruvic acid,NormAbund,230901.99969269292
MCF002044_009,1,Citric acid,Abund,3434040.83009419
MCF002044_009,1,Citric acid,BlankcorAbund,3303785.298084267
MCF002044_009,1,Citric acid,NormAbund,6607570.596168534
MCF002044_009,1,Fumaric acid,Abund,2004046.326876017
MCF002044_009,1,Fumaric acid,BlankcorAbund,1617822.5794934004
MCF002044_009,1,Fumaric acid,NormAbund,3235645.158986801
MCF002044_009,1,L-Malic acid,Abund,41838736.10073023
MCF002044_009,1,L-Malic acid,BlankcorAbund,41486615.9923627
MCF002044_009,1,L-Malic acid,NormAbund,82973231.9847254
MCF002044_009,1,Oxoglutaric acid,Abund,1203646.626341373
MCF002044_009,1,Oxoglutaric acid,BlankcorAbund,1203646.626341373
MCF002044_009,1,Oxoglutaric acid,NormAbund,2407293.252682746
MCF002044_009,1,Succinic acid,Abund,2560699.911746452
MCF002044_009,1,Succinic acid,BlankcorAbund,-17744.3732070392
MCF002044_009,1,Succinic acid,NormAbund,-35488.7464140784
MCF002044_009,1,Glycine,Abund,47367276.54003879
MCF002044_009,1,Glycine,BlankcorAbund,45178305.593547806
MCF002044_009,1,Glycine,NormAbund,90356611.18709561
MCF002044_009,1,L-Alanine,Abund,39243631.58992881
MCF002044_009,1,L-Alanine,BlankcorAbund,37476770.38309585
MCF002044_009,1,L-Alanine,NormAbund,74953540.7661917
MCF002044_009,1,L-Asparagine,Abund,60709.4818796497
MCF002044_009,1,L-Asparagine,BlankcorAbund,31441.93748179577
MCF002044_009,1,L-Asparagine,NormAbund,62883.87496359154
MCF002044_009,1,L-Aspartic acid,Abund,48075455.52972169
MCF002044_009,1,L-Aspartic acid,BlankcorAbund,48075455.52972169
MCF002044_009,1,L-Aspartic acid,NormAbund,96150911.05944338
MCF002044_009,1,L-Cysteine,Abund,3089512.620437404
MCF002044_009,1,L-Cysteine,BlankcorAbund,3073893.2853945247
MCF002044_009,1,L-Cysteine,NormAbund,6147786.570789049
MCF002044_009,1,L-Glutamic acid,Abund,288465494.4123576
MCF002044_009,1,L-Glutamic acid,BlankcorAbund,288465494.4123576
MCF002044_009,1,L-Glutamic acid,NormAbund,576930988.8247153
MCF002044_009,1,L-Isoleucine,Abund,7717617.471504658
MCF002044_009,1,L-Isoleucine,BlankcorAbund,7058857.766044829
MCF002044_009,1,L-Isoleucine,NormAbund,14117715.532089658
MCF002044_009,1,L-Leucine,Abund,7548149.750126947
MCF002044_009,1,L-Leucine,BlankcorAbund,7346923.490916865
MCF002044_009,1,L-Leucine,NormAbund,14693846.98183373
MCF002044_009,1,L-Lysine,Abund,3004163.501648158
MCF002044_009,1,L-Lysine,BlankcorAbund,3004163.501648158
MCF002044_009,1,L-Lysine,NormAbund,6008327.003296316
MCF002044_009,1,L-Methionine,Abund,5572559.33222858
MCF002044_009,1,L-Methionine,BlankcorAbund,5545153.3325981
MCF002044_009,1,L-Methionine,NormAbund,11090306.6651962
MCF002044_009,1,L-Phenylalanine,Abund,10025358.84436948
MCF002044_009,1,L-Phenylalanine,BlankcorAbund,10025358.84436948
MCF002044_009,1,L-Phenylalanine,NormAbund,20050717.68873896
MCF002044_009,1,L-Proline,Abund,11555108.03392322
MCF002044_009,1,L-Proline,BlankcorAbund,11551588.598996727
MCF002044_009,1,L-Proline,NormAbund,23103177.197993454
MCF002044_009,1,L-Serine,Abund,2791730.373000284
MCF002044_009,1,L-Serine,BlankcorAbund,2791730.373000284
MCF002044_009,1,L-Serine,NormAbund,5583460.746000568
MCF002044_009,1,L-Threonine,Abund,7797562.174788687
MCF002044_009,1,L-Threonine,BlankcorAbund,7683418.058477999
MCF002044_009,1,L-Threonine,NormAbund,15366836.116955997
MCF002044_009,1,L-Tryptophan,Abund,859835.4991767856
MCF002044_009,1,L-Tryptophan,BlankcorAbund,859835.4991767856
MCF002044_009,1,L-Tryptophan,NormAbund,1719670.9983535712
MCF002044_009,1,L-Tyrosine,Abund,1484325.93780416
MCF002044_009,1,L-Tyrosine,BlankcorAbund,1484325.93780416
MCF002044_009,1,L-Tyrosine,NormAbund,2968651.87560832
MCF002044_009,1,L-Valine,Abund,17556213.04182157
MCF002044_009,1,L-Valine,BlankcorAbund,17165345.74219507
MCF002044_009,1,L-Valine,NormAbund,34330691.48439014
MCF002044_009,1,Myristic acid,Abund,5272229.635674989
MCF002044_009,1,Myristic acid,BlankcorAbund,451910.66833724733
MCF002044_009,1,Myristic acid,NormAbund,903821.3366744947
MCF002044_009,1,Palmitic acid,Abund,305157103.165987
MCF002044_009,1,Palmitic acid,BlankcorAbund,32117546.543088913
MCF002044_009,1,Palmitic acid,NormAbund,64235093.086177826
MCF002044_009,1,Stearic acid,Abund,118817030.879943
MCF002044_009,1,Stearic acid,BlankcorAbund,26500291.71095985
MCF002044_009,1,Stearic acid,NormAbund,53000583.4219197
MCF002044_009,1,Fructose,Abund,7336914.402447566
MCF002044_009,1,Fructose,BlankcorAbund,6738140.238103581
MCF002044_009,1,Fructose,NormAbund,13476280.476207161
MCF002044_009,1,Glucose,Abund,6395803216.397986
MCF002044_009,1,Glucose,BlankcorAbund,6394359635.521193
MCF002044_009,1,Glucose,NormAbund,12788719271.042385
MCF002044_009,1,Pentose-phosphate,Abund,5286755.495015617
MCF002044_009,1,Pentose-phosphate,BlankcorAbund,5286755.495015617
MCF002044_009,1,Pentose-phosphate,NormAbund,10573510.990031235
MCF002044_009,1,Myo-inositol,Abund,128051073.1480699
MCF002044_009,1,Myo-inositol,BlankcorAbund,128038819.3187922
MCF002044_009,1,Myo-inositol,NormAbund,256077638.6375844
MCF002044_009,1,2-DL-Hydroxybutyric acid,Abund,79139.4478781894
MCF002044_009,1,2-DL-Hydroxybutyric acid,BlankcorAbund,5923.8517903834
MCF002044_009,1,2-DL-Hydroxybutyric acid,NormAbund,11847.7035807668
MCF002044_009,1,3-DL-Hydroxybutyric acid,Abund,2871578.390407177
MCF002044_009,1,3-DL-Hydroxybutyric acid,BlankcorAbund,869973.6364964889
MCF002044_009,1,3-DL-Hydroxybutyric acid,NormAbund,1739947.2729929779
MCF002044_009,1,DL-2-Hydroxyglutaric acid,Abund,1143242.034268775
MCF002044_009,1,DL-2-Hydroxyglutaric acid,BlankcorAbund,1111788.2470745188
MCF002044_009,1,DL-2-Hydroxyglutaric acid,NormAbund,2223576.4941490376
MCF002044_009,1,Oxoadipic acid,Abund,0
MCF002044_009,1,Oxoadipic acid,BlankcorAbund,0
MCF002044_009,1,Oxoadipic acid,NormAbund,0
MCF002044_009,1,(S)-a-Acetolactic Acid,Abund,0
MCF002044_009,1,(S)-a-Acetolactic Acid,BlankcorAbund,0
MCF002044_009,1,(S)-a-Acetolactic Acid,NormAbund,0
MCF002044_009,1,"2,3-dihydroxyisovalerate",Abund,0
MCF002044_009,1,"2,3-dihydroxyisovalerate",BlankcorAbund,0
MCF002044_009,1,"2,3-dihydroxyisovalerate",NormAbund,0
MCF002044_009,1,2-isopropylmalic acid,Abund,0
MCF002044_009,1,2-isopropylmalic acid,BlankcorAbund,0
MCF002044_009,1,2-isopropylmalic acid,NormAbund,0
MCF002044_009,1,a-Ketobutyric acid,Abund,1159857.134963785
MCF002044_009,1,a-Ketobutyric acid,BlankcorAbund,795591.2162977303
MCF002044_009,1,a-Ketobutyric acid,NormAbund,1591182.4325954607
MCF002044_009,1,Fucose,Abund,373938.647576551
MCF002044_009,1,Fucose,BlankcorAbund,373938.647576551
MCF002044_009,1,Fucose,NormAbund,747877.295153102
MCF002044_009,1,Galacturonic acid,Abund,0
MCF002044_009,1,Galacturonic acid,BlankcorAbund,0
MCF002044_009,1,Galacturonic acid,NormAbund,0
MCF002044_009,1,Glucuronic acid,Abund,5059748.200583697
MCF002044_009,1,Glucuronic acid,BlankcorAbund,5059748.200583697
MCF002044_009,1,Glucuronic acid,NormAbund,10119496.401167395
MCF002044_009,1,Mannitol,Abund,15706.51026998962
MCF002044_009,1,Mannitol,BlankcorAbund,15706.51026998962
MCF002044_009,1,Mannitol,NormAbund,31413.02053997924
MCF002044_009,1,Sorbitol,Abund,5681044.511754372
MCF002044_009,1,Sorbitol,BlankcorAbund,5596787.683497197
MCF002044_009,1,Sorbitol,NormAbund,11193575.366994394
MCF002044_007,1,(2 and/or 3-)Phosphoglyceric acid,FracCont,0.1459916480743122
MCF002044_007,1,(S)-a-Acetolactic Acid,FracCont,0
MCF002044_007,1,"2,3-dihydroxyisovalerate",FracCont,0
MCF002044_007,1,2-DL-Hydroxybutyric acid,FracCont,0.012310597096963827
MCF002044_007,1,2-Phosphoglyceric acid,FracCont,0.1580216840589442
MCF002044_007,1,2-isopropylmalic acid,FracCont,0
MCF002044_007,1,3-DL-Hydroxybutyric acid,FracCont,0.01989107153755497
MCF002044_007,1,Citric acid,FracCont,0.02883006084354392
MCF002044_007,1,D-Glyceraldehyde 3-phosphate,FracCont,0.10409048569072815
MCF002044_007,1,DL-2-Hydroxyglutaric acid,FracCont,0.004235939046641568
MCF002044_007,1,Dihydroxyacetone phosphate,FracCont,0.11171888178644039
MCF002044_007,1,Fructose,FracCont,0.2745304319832859
MCF002044_007,1,Fucose,FracCont,0.0026707051639987167
MCF002044_007,1,Fumaric acid,FracCont,0.013817264245259591
MCF002044_007,1,Galacturonic acid,FracCont,0
MCF002044_007,1,Glucose,FracCont,1.0027009241899352
MCF002044_007,1,Glucuronic acid,FracCont,3.589173689069639e-4
MCF002044_007,1,Glycerol 3-phosphate,FracCont,0.010845218039979681
MCF002044_007,1,Glycine,FracCont,0
MCF002044_007,1,Hexose,FracCont,1.0024595380470829
MCF002044_007,1,Hexose-phosphate,FracCont,0.19653258435734258
MCF002044_007,1,L-Alanine,FracCont,0.02656803926883454
MCF002044_007,1,L-Asparagine,FracCont,0.17648634615827363
MCF002044_007,1,L-Aspartic acid,FracCont,0.04329139063897374
MCF002044_007,1,L-Cysteine,FracCont,0.0194809053415636
MCF002044_007,1,L-Glutamic acid,FracCont,4.0667866431852787e-4
MCF002044_007,1,L-Isoleucine,FracCont,0.00735879660024678
MCF002044_007,1,L-Lactic acid,FracCont,0.2089621777863323
MCF002044_007,1,L-Leucine,FracCont,0.0019511025592574766
MCF002044_007,1,L-Lysine,FracCont,7.319011997378655e-4
MCF002044_007,1,L-Malic acid,FracCont,0.0029334986876356018
MCF002044_007,1,L-Methionine,FracCont,0.008748984291241175
MCF002044_007,1,L-Phenylalanine,FracCont,3.759955758561064e-4
MCF002044_007,1,L-Proline,FracCont,0
MCF002044_007,1,L-Serine,FracCont,0
MCF002044_007,1,L-Threonine,FracCont,0
MCF002044_007,1,L-Tryptophan,FracCont,0.0014782658988021587
MCF002044_007,1,L-Tyrosine,FracCont,0.004394593475893872
MCF002044_007,1,L-Valine,FracCont,0.006751595035906488
MCF002044_007,1,Mannitol,FracCont,0.09016106279043173
MCF002044_007,1,Myo-inositol,FracCont,0.002889446329147284
MCF002044_007,1,Myristic acid,FracCont,0.0016226292764246304
MCF002044_007,1,Oxoadipic acid,FracCont,0.01380670010284922
MCF002044_007,1,Oxoglutaric acid,FracCont,7.394886473400468e-4
MCF002044_007,1,Palmitic acid,FracCont,4.1909328684019173e-4
MCF002044_007,1,Pentose-phosphate,FracCont,0.0052369118674367
MCF002044_007,1,Phosphoenolpyruvic acid,FracCont,0.1601984535974609
MCF002044_007,1,Pyruvic acid,FracCont,0.00182185691093678
MCF002044_007,1,Sorbitol,FracCont,0.011017337291459104
MCF002044_007,1,Stearic acid,FracCont,4.2235612153254215e-4
MCF002044_007,1,Succinic acid,FracCont,0
MCF002044_007,1,a-Ketobutyric acid,FracCont,0
MCF002044_007,1,13C5-D5-15N Glutamic acid,FracCont,0
MCF002044_007,1,D7-Glucose,FracCont,0
MCF002044_007,1,Myristic acid d27,FracCont,0
MCF002044_008,1,(2 and/or 3-)Phosphoglyceric acid,FracCont,0.11964786237262791
MCF002044_008,1,(S)-a-Acetolactic Acid,FracCont,0
MCF002044_008,1,"2,3-dihydroxyisovalerate",FracCont,0
MCF002044_008,1,2-DL-Hydroxybutyric acid,FracCont,0.018241990305791447
MCF002044_008,1,2-Phosphoglyceric acid,FracCont,0.1406129967495618
MCF002044_008,1,2-isopropylmalic acid,FracCont,0
MCF002044_008,1,3-DL-Hydroxybutyric acid,FracCont,0.015586948748662847
MCF002044_008,1,Citric acid,FracCont,0.025007000035992145
MCF002044_008,1,D-Glyceraldehyde 3-phosphate,FracCont,0.06977873157541965
MCF002044_008,1,DL-2-Hydroxyglutaric acid,FracCont,8.975507865958696e-4
MCF002044_008,1,Dihydroxyacetone phosphate,FracCont,0.08531706230493143
MCF002044_008,1,Fructose,FracCont,0.27203726367301945
MCF002044_008,1,Fucose,FracCont,0.0024438578432599985
MCF002044_008,1,Fumaric acid,FracCont,0.012618844783558868
MCF002044_008,1,Galacturonic acid,FracCont,0
MCF002044_008,1,Glucose,FracCont,1.00504872661935
MCF002044_008,1,Glucuronic acid,FracCont,0.006034833698600195
MCF002044_008,1,Glycerol 3-phosphate,FracCont,0.008319511680280278
MCF002044_008,1,Glycine,FracCont,0
MCF002044_008,1,Hexose,FracCont,1.0047809168876822
MCF002044_008,1,Hexose-phosphate,FracCont,0.12398392780774331
MCF002044_008,1,L-Alanine,FracCont,0.02334213345720136
MCF002044_008,1,L-Asparagine,FracCont,0.085245553787127
MCF002044_008,1,L-Aspartic acid,FracCont,0.04466482378326239
MCF002044_008,1,L-Cysteine,FracCont,0.01706859936056028
MCF002044_008,1,L-Glutamic acid,FracCont,2.502985540511446e-4
MCF002044_008,1,L-Isoleucine,FracCont,0.00733250274244749
MCF002044_008,1,L-Lactic acid,FracCont,0.2086099883680761
MCF002044_008,1,L-Leucine,FracCont,8.321145460435572e-4
MCF002044_008,1,L-Lysine,FracCont,6.511915896691672e-5
MCF002044_008,1,L-Malic acid,FracCont,0.0018466667680058294
MCF002044_008,1,L-Methionine,FracCont,0.010157421378669604
MCF002044_008,1,L-Phenylalanine,FracCont,3.068769300922607e-4
MCF002044_008,1,L-Proline,FracCont,0
MCF002044_008,1,L-Serine,FracCont,0
MCF002044_008,1,L-Threonine,FracCont,0
MCF002044_008,1,L-Tryptophan,FracCont,0.0012479429798368925
MCF002044_008,1,L-Tyrosine,FracCont,0.0056375008880445035
MCF002044_008,1,L-Valine,FracCont,0.0061140307492624476
MCF002044_008,1,Mannitol,FracCont,0.1017605324640614
MCF002044_008,1,Myo-inositol,FracCont,0.002657595517730942
MCF002044_008,1,Myristic acid,FracCont,0.0016261357146186862
MCF002044_008,1,Oxoadipic acid,FracCont,0
MCF002044_008,1,Oxoglutaric acid,FracCont,4.938248067684261e-4
MCF002044_008,1,Palmitic acid,FracCont,4.1464439049440985e-4
MCF002044_008,1,Pentose-phosphate,FracCont,0.005851219642703168
MCF002044_008,1,Phosphoenolpyruvic acid,FracCont,0.1131999793897005
MCF002044_008,1,Pyruvic acid,FracCont,0.001457347055144852
MCF002044_008,1,Sorbitol,FracCont,0.013041135120478506
MCF002044_008,1,Stearic acid,FracCont,2.0405342844805196e-4
MCF002044_008,1,Succinic acid,FracCont,0.001218475641249726
MCF002044_008,1,a-Ketobutyric acid,FracCont,0
MCF002044_008,1,13C5-D5-15N Glutamic acid,FracCont,0
MCF002044_008,1,D7-Glucose,FracCont,0
MCF002044_008,1,Myristic acid d27,FracCont,0
MCF002044_009,1,(2 and/or 3-)Phosphoglyceric acid,FracCont,0.1125075889136246
MCF002044_009,1,(S)-a-Acetolactic Acid,FracCont,0
MCF002044_009,1,"2,3-dihydroxyisovalerate",FracCont,0
MCF002044_009,1,2-DL-Hydroxybutyric acid,FracCont,0.008111369400411312
MCF002044_009,1,2-Phosphoglyceric acid,FracCont,0.06741074052430142
MCF002044_009,1,2-isopropylmalic acid,FracCont,0
MCF002044_009,1,3-DL-Hydroxybutyric acid,FracCont,0.00919483342705089
MCF002044_009,1,Citric acid,FracCont,0.017594327744790732
MCF002044_009,1,D-Glyceraldehyde 3-phosphate,FracCont,0.10124390470965679
MCF002044_009,1,DL-2-Hydroxyglutaric acid,FracCont,1.616149396263682e-4
MCF002044_009,1,Dihydroxyacetone phosphate,FracCont,0.09596864054119912
MCF002044_009,1,Fructose,FracCont,0.2836112845890271
MCF002044_009,1,Fucose,FracCont,0.007804561334603956
MCF002044_009,1,Fumaric acid,FracCont,0.011958464530303433
MCF002044_009,1,Galacturonic acid,FracCont,0
MCF002044_009,1,Glucose,FracCont,1.0060124145075744
MCF002044_009,1,Glucuronic acid,FracCont,0.005798036671390164
MCF002044_009,1,Glycerol 3-phosphate,FracCont,0.005252110497611093
MCF002044_009,1,Glycine,FracCont,0
MCF002044_009,1,Hexose,FracCont,1.0051342804870724
MCF002044_009,1,Hexose-phosphate,FracCont,0.12759032001542833
MCF002044_009,1,L-Alanine,FracCont,0.01953664494342846
MCF002044_009,1,L-Asparagine,FracCont,0.03726197868232602
MCF002044_009,1,L-Aspartic acid,FracCont,0.039071889339510786
MCF002044_009,1,L-Cysteine,FracCont,0.01723877447622056
MCF002044_009,1,L-Glutamic acid,FracCont,4.13027694004465e-4
MCF002044_009,1,L-Isoleucine,FracCont,0.007964134068157722
MCF002044_009,1,L-Lactic acid,FracCont,0.1610334480966205
MCF002044_009,1,L-Leucine,FracCont,0.001554488232014173
MCF002044_009,1,L-Lysine,FracCont,0.00288616969848448
MCF002044_009,1,L-Malic acid,FracCont,0.001698720758344587
MCF002044_009,1,L-Methionine,FracCont,0.010283061405828705
MCF002044_009,1,L-Phenylalanine,FracCont,1.3576598099295057e-4
MCF002044_009,1,L-Proline,FracCont,0
MCF002044_009,1,L-Serine,FracCont,0
MCF002044_009,1,L-Threonine,FracCont,0
MCF002044_009,1,L-Tryptophan,FracCont,0.002065877914605933
MCF002044_009,1,L-Tyrosine,FracCont,0.0019389109901016153
MCF002044_009,1,L-Valine,FracCont,0.006836468427667966
MCF002044_009,1,Mannitol,FracCont,0.08948672872503342
MCF002044_009,1,Myo-inositol,FracCont,0.003140167669997971
MCF002044_009,1,Myristic acid,FracCont,0.0013209416112834862
MCF002044_009,1,Oxoadipic acid,FracCont,0
MCF002044_009,1,Oxoglutaric acid,FracCont,6.118857530153005e-4
MCF002044_009,1,Palmitic acid,FracCont,4.1172809552459793e-4
MCF002044_009,1,Pentose-phosphate,FracCont,0.003232534656702793
MCF002044_009,1,Phosphoenolpyruvic acid,FracCont,0.09031968822100885
MCF002044_009,1,Pyruvic acid,FracCont,0.005339497282181579
MCF002044_009,1,Sorbitol,FracCont,0.01729284970229825
MCF002044_009,1,Stearic acid,FracCont,4.990299061444365e-4
MCF002044_009,1,Succinic acid,FracCont,0.003670700572136298
MCF002044_009,1,a-Ketobutyric acid,FracCont,0.006213847265236985
MCF002044_009,1,13C5-D5-15N Glutamic acid,FracCont,0
MCF002044_009,1,D7-Glucose,FracCont,0
MCF002044_009,1,Myristic acid d27,FracCont,0
MCF002044_007,1,2-Phosphoglyceric acid,Isotopologue_C13-0,0.9191719920646418
MCF002044_008,1,2-Phosphoglyceric acid,Isotopologue_C13-0,0.9670942203655236
MCF002044_009,1,2-Phosphoglyceric acid,Isotopologue_C13-0,0.9625497096265312
MCF002044_007,1,2-Phosphoglyceric acid,Isotopologue_C13-1,-0.04702578285734212
MCF002044_008,1,2-Phosphoglyceric acid,Isotopologue_C13-1,-0.04100675832885812
MCF002044_009,1,2-Phosphoglyceric acid,Isotopologue_C13-1,-0.03554697719478959
MCF002044_007,1,2-Phosphoglyceric acid,Isotopologue_C13-2,-0.03016789326624388
MCF002044_008,1,2-Phosphoglyceric acid,Isotopologue_C13-2,-0.06670045878622749
MCF002044_009,1,2-Phosphoglyceric acid,Isotopologue_C13-2,0.01675958113187105
MCF002044_007,1,2-Phosphoglyceric acid,Isotopologue_C13-3,0.1580216840589442
MCF002044_008,1,2-Phosphoglyceric acid,Isotopologue_C13-3,0.1406129967495618
MCF002044_009,1,2-Phosphoglyceric acid,Isotopologue_C13-3,0.05623768643638739
MCF002044_007,1,(2 and/or 3-)Phosphoglyceric acid,Isotopologue_C13-0,0.8663242411683302
MCF002044_008,1,(2 and/or 3-)Phosphoglyceric acid,Isotopologue_C13-0,0.8907587931462996
MCF002044_009,1,(2 and/or 3-)Phosphoglyceric acid,Isotopologue_C13-0,0.9007370310819643
MCF002044_007,1,(2 and/or 3-)Phosphoglyceric acid,Isotopologue_C13-1,-0.01018584223614328
MCF002044_008,1,(2 and/or 3-)Phosphoglyceric acid,Isotopologue_C13-1,0.002758351136496912
MCF002044_009,1,(2 and/or 3-)Phosphoglyceric acid,Isotopologue_C13-1,-0.009042962422707723
MCF002044_007,1,(2 and/or 3-)Phosphoglyceric acid,Isotopologue_C13-2,-0.002130047006499178
MCF002044_008,1,(2 and/or 3-)Phosphoglyceric acid,Isotopologue_C13-2,-0.01224555627659221
MCF002044_009,1,(2 and/or 3-)Phosphoglyceric acid,Isotopologue_C13-2,-0.004201657572881145
MCF002044_007,1,(2 and/or 3-)Phosphoglyceric acid,Isotopologue_C13-3,0.1459916480743122
MCF002044_008,1,(2 and/or 3-)Phosphoglyceric acid,Isotopologue_C13-3,0.1187284119937956
MCF002044_009,1,(2 and/or 3-)Phosphoglyceric acid,Isotopologue_C13-3,0.1125075889136246
MCF002044_007,1,D-Glyceraldehyde 3-phosphate,Isotopologue_C13-0,0.930557732276332
MCF002044_008,1,D-Glyceraldehyde 3-phosphate,Isotopologue_C13-0,0.9924974978356952
MCF002044_009,1,D-Glyceraldehyde 3-phosphate,Isotopologue_C13-0,0.9787822153608333
MCF002044_007,1,D-Glyceraldehyde 3-phosphate,Isotopologue_C13-1,-0.03996672724974
MCF002044_008,1,D-Glyceraldehyde 3-phosphate,Isotopologue_C13-1,-0.04621852323660357
MCF002044_009,1,D-Glyceraldehyde 3-phosphate,Isotopologue_C13-1,-0.02201848974648793
MCF002044_007,1,D-Glyceraldehyde 3-phosphate,Isotopologue_C13-2,0.01595552784803957
MCF002044_008,1,D-Glyceraldehyde 3-phosphate,Isotopologue_C13-2,-0.01605770617451129
MCF002044_009,1,D-Glyceraldehyde 3-phosphate,Isotopologue_C13-2,-0.05800763032400227
MCF002044_007,1,D-Glyceraldehyde 3-phosphate,Isotopologue_C13-3,0.09345346712536842
MCF002044_008,1,D-Glyceraldehyde 3-phosphate,Isotopologue_C13-3,0.06977873157541965
MCF002044_009,1,D-Glyceraldehyde 3-phosphate,Isotopologue_C13-3,0.1012439047096568
MCF002044_007,1,Dihydroxyacetone phosphate,Isotopologue_C13-0,0.9023369422691614
MCF002044_008,1,Dihydroxyacetone phosphate,Isotopologue_C13-0,0.9262887752936173
MCF002044_009,1,Dihydroxyacetone phosphate,Isotopologue_C13-0,0.9118503857967662
MCF002044_007,1,Dihydroxyacetone phosphate,Isotopologue_C13-1,0.001375911806294644
MCF002044_008,1,Dihydroxyacetone phosphate,Isotopologue_C13-1,-7.520756351704084e-4
MCF002044_009,1,Dihydroxyacetone phosphate,Isotopologue_C13-1,-0.007969571409899026
MCF002044_007,1,Dihydroxyacetone phosphate,Isotopologue_C13-2,-0.01497309859313157
MCF002044_008,1,Dihydroxyacetone phosphate,Isotopologue_C13-2,-0.01085376196337839
MCF002044_009,1,Dihydroxyacetone phosphate,Isotopologue_C13-2,4.516352158008812e-4
MCF002044_007,1,Dihydroxyacetone phosphate,Isotopologue_C13-3,0.1112602445176755
MCF002044_008,1,Dihydroxyacetone phosphate,Isotopologue_C13-3,0.08531706230493143
MCF002044_009,1,Dihydroxyacetone phosphate,Isotopologue_C13-3,0.09566755039733187
MCF002044_007,1,Glycerol 3-phosphate,Isotopologue_C13-0,1.022348390519427
MCF002044_008,1,Glycerol 3-phosphate,Isotopologue_C13-0,1.026077654633567
MCF002044_009,1,Glycerol 3-phosphate,Isotopologue_C13-0,1.024652564343234
MCF002044_007,1,Glycerol 3-phosphate,Isotopologue_C13-1,-0.01216202343967925
MCF002044_008,1,Glycerol 3-phosphate,Isotopologue_C13-1,-0.01422417404361412
MCF002044_009,1,Glycerol 3-phosphate,Isotopologue_C13-1,-0.01309275549865069
MCF002044_007,1,Glycerol 3-phosphate,Isotopologue_C13-2,-0.02103158511972768
MCF002044_008,1,Glycerol 3-phosphate,Isotopologue_C13-2,-0.02017299227023311
MCF002044_009,1,Glycerol 3-phosphate,Isotopologue_C13-2,-0.01681191934219507
MCF002044_007,1,Glycerol 3-phosphate,Isotopologue_C13-3,0.01084521803997968
MCF002044_008,1,Glycerol 3-phosphate,Isotopologue_C13-3,0.008319511680280278
MCF002044_009,1,Glycerol 3-phosphate,Isotopologue_C13-3,0.005252110497611093
MCF002044_007,1,Hexose-phosphate,Isotopologue_C13-0,0.7404690870532697
MCF002044_008,1,Hexose-phosphate,Isotopologue_C13-0,0.8383405429971511
MCF002044_009,1,Hexose-phosphate,Isotopologue_C13-0,0.8478324169613488
MCF002044_007,1,Hexose-phosphate,Isotopologue_C13-1,-0.00927850797791809
MCF002044_008,1,Hexose-phosphate,Isotopologue_C13-1,-0.01385630412974744
MCF002044_009,1,Hexose-phosphate,Isotopologue_C13-1,-0.01476622851127191
MCF002044_007,1,Hexose-phosphate,Isotopologue_C13-2,-0.01554564974707674
MCF002044_008,1,Hexose-phosphate,Isotopologue_C13-2,-0.007816500957614755
MCF002044_009,1,Hexose-phosphate,Isotopologue_C13-2,-0.01236359156291985
MCF002044_007,1,Hexose-phosphate,Isotopologue_C13-3,0.1847789767787286
MCF002044_008,1,Hexose-phosphate,Isotopologue_C13-3,0.1149399309252409
MCF002044_009,1,Hexose-phosphate,Isotopologue_C13-3,0.1011870130602603
MCF002044_007,1,Hexose-phosphate,Isotopologue_C13-4,-0.005730181572052535
MCF002044_008,1,Hexose-phosphate,Isotopologue_C13-4,0.00488371726535779
MCF002044_009,1,Hexose-phosphate,Isotopologue_C13-4,-5.136985460699208e-4
MCF002044_007,1,Hexose-phosphate,Isotopologue_C13-5,0.006979076982423812
MCF002044_008,1,Hexose-phosphate,Isotopologue_C13-5,0.001502778388369245
MCF002044_009,1,Hexose-phosphate,Isotopologue_C13-5,0.00976365068012591
MCF002044_007,1,Hexose-phosphate,Isotopologue_C13-6,0.09832719848262514
MCF002044_008,1,Hexose-phosphate,Isotopologue_C13-6,0.06200583551124331
MCF002044_009,1,Hexose-phosphate,Isotopologue_C13-6,0.06886043791852658
MCF002044_007,1,Hexose,Isotopologue_C13-0,0.01415928784062295
MCF002044_008,1,Hexose,Isotopologue_C13-0,0.011875032623692751
MCF002044_009,1,Hexose,Isotopologue_C13-0,0.01160376716628441
MCF002044_007,1,Hexose,Isotopologue_C13-1,-1.52777785623257e-4
MCF002044_008,1,Hexose,Isotopologue_C13-1,-3.123517330892524e-5
MCF002044_009,1,Hexose,Isotopologue_C13-1,7.788885912053034e-5
MCF002044_007,1,Hexose,Isotopologue_C13-2,-1.932336698141461e-5
MCF002044_008,1,Hexose,Isotopologue_C13-2,-3.922795453341343e-5
MCF002044_009,1,Hexose,Isotopologue_C13-2,-3.976731308500569e-5
MCF002044_007,1,Hexose,Isotopologue_C13-3,3.920065277392256e-4
MCF002044_008,1,Hexose,Isotopologue_C13-3,3.284660110443485e-4
MCF002044_009,1,Hexose,Isotopologue_C13-3,2.599356339528885e-4
MCF002044_007,1,Hexose,Isotopologue_C13-4,5.102897218550708e-4
MCF002044_008,1,Hexose,Isotopologue_C13-4,5.39009595288393e-4
MCF002044_009,1,Hexose,Isotopologue_C13-4,5.746022139765938e-4
MCF002044_007,1,Hexose,Isotopologue_C13-5,-0.01681282457292254
MCF002044_008,1,Hexose,Isotopologue_C13-5,-0.01692938925415082
MCF002044_009,1,Hexose,Isotopologue_C13-5,-0.01708468961117467
MCF002044_007,1,Hexose,Isotopologue_C13-6,1.00192334163531
MCF002044_008,1,Hexose,Isotopologue_C13-6,1.004257344151968
MCF002044_009,1,Hexose,Isotopologue_C13-6,1.004608263050925
MCF002044_007,1,L-Lactic acid,Isotopologue_C13-0,0.8057883521601394
MCF002044_008,1,L-Lactic acid,Isotopologue_C13-0,0.8087778443955653
MCF002044_009,1,L-Lactic acid,Isotopologue_C13-0,0.8539330758504103
MCF002044_007,1,L-Lactic acid,Isotopologue_C13-1,-0.004212613920298542
MCF002044_008,1,L-Lactic acid,Isotopologue_C13-1,-0.005997794083567732
MCF002044_009,1,L-Lactic acid,Isotopologue_C13-1,-0.005570785175547101
MCF002044_007,1,L-Lactic acid,Isotopologue_C13-2,-0.01053791602617335
MCF002044_008,1,L-Lactic acid,Isotopologue_C13-2,-0.01139003868007358
MCF002044_009,1,L-Lactic acid,Isotopologue_C13-2,-0.009395738771483557
MCF002044_007,1,L-Lactic acid,Isotopologue_C13-3,0.2089621777863323
MCF002044_008,1,L-Lactic acid,Isotopologue_C13-3,0.2086099883680761
MCF002044_009,1,L-Lactic acid,Isotopologue_C13-3,0.1610334480966205
MCF002044_007,1,Phosphoenolpyruvic acid,Isotopologue_C13-0,0.8543988018713551
MCF002044_008,1,Phosphoenolpyruvic acid,Isotopologue_C13-0,0.9114170466291106
MCF002044_009,1,Phosphoenolpyruvic acid,Isotopologue_C13-0,0.9333136307299251
MCF002044_007,1,Phosphoenolpyruvic acid,Isotopologue_C13-1,-0.01394653851593098
MCF002044_008,1,Phosphoenolpyruvic acid,Isotopologue_C13-1,-0.01242169822543561
MCF002044_009,1,Phosphoenolpyruvic acid,Isotopologue_C13-1,-0.007784826231910489
MCF002044_007,1,Phosphoenolpyruvic acid,Isotopologue_C13-2,-6.507169528849303e-4
MCF002044_008,1,Phosphoenolpyruvic acid,Isotopologue_C13-2,-0.01219532779337547
MCF002044_009,1,Phosphoenolpyruvic acid,Isotopologue_C13-2,-0.01584849271902345
MCF002044_007,1,Phosphoenolpyruvic acid,Isotopologue_C13-3,0.1601984535974609
MCF002044_008,1,Phosphoenolpyruvic acid,Isotopologue_C13-3,0.1131999793897005
MCF002044_009,1,Phosphoenolpyruvic acid,Isotopologue_C13-3,0.09031968822100886
MCF002044_007,1,Pyruvic acid,Isotopologue_C13-0,1.124911549845028
MCF002044_008,1,Pyruvic acid,Isotopologue_C13-0,1.100082619707446
MCF002044_009,1,Pyruvic acid,Isotopologue_C13-0,1.156781263944864
MCF002044_007,1,Pyruvic acid,Isotopologue_C13-1,-0.1215365098326339
MCF002044_008,1,Pyruvic acid,Isotopologue_C13-1,-0.08529430497550006
MCF002044_009,1,Pyruvic acid,Isotopologue_C13-1,-0.1230597966505612
MCF002044_007,1,Pyruvic acid,Isotopologue_C13-2,-0.005196896923331245
MCF002044_008,1,Pyruvic acid,Isotopologue_C13-2,-0.01624566178709029
MCF002044_009,1,Pyruvic acid,Isotopologue_C13-2,-0.03906096457648444
MCF002044_007,1,Pyruvic acid,Isotopologue_C13-3,0.00182185691093678
MCF002044_008,1,Pyruvic acid,Isotopologue_C13-3,0.001457347055144852
MCF002044_009,1,Pyruvic acid,Isotopologue_C13-3,0.005339497282181579
MCF002044_007,1,Citric acid,Isotopologue_C13-0,0.9269662749313263
MCF002044_008,1,Citric acid,Isotopologue_C13-0,0.9492154161632148
MCF002044_009,1,Citric acid,Isotopologue_C13-0,0.9582456850948792
MCF002044_007,1,Citric acid,Isotopologue_C13-1,0.004758942025064371
MCF002044_008,1,Citric acid,Isotopologue_C13-1,-0.007215118718189758
MCF002044_009,1,Citric acid,Isotopologue_C13-1,-0.007149163660529957
MCF002044_007,1,Citric acid,Isotopologue_C13-2,0.06340057327563879
MCF002044_008,1,Citric acid,Isotopologue_C13-2,0.04567145216618616
MCF002044_009,1,Citric acid,Isotopologue_C13-2,0.04564159204426872
MCF002044_007,1,Citric acid,Isotopologue_C13-3,0.00991480474326021
MCF002044_008,1,Citric acid,Isotopologue_C13-3,0.01956636529452685
MCF002044_009,1,Citric acid,Isotopologue_C13-3,0.004663202851842067
MCF002044_007,1,Citric acid,Isotopologue_C13-4,0.002658939306521537
MCF002044_008,1,Citric acid,Isotopologue_C13-4,-0.006074022582423541
MCF002044_009,1,Citric acid,Isotopologue_C13-4,-6.898190055711174e-4
MCF002044_007,1,Citric acid,Isotopologue_C13-5,-0.007872885119987011
MCF002044_008,1,Citric acid,Isotopologue_C13-5,-5.254494693107966e-4
MCF002044_009,1,Citric acid,Isotopologue_C13-5,5.863476493615148e-5
MCF002044_007,1,Citric acid,Isotopologue_C13-6,1.733508381757986e-4
MCF002044_008,1,Citric acid,Isotopologue_C13-6,-6.386428540036966e-4
MCF002044_009,1,Citric acid,Isotopologue_C13-6,-7.701320898250271e-4
MCF002044_007,1,Fumaric acid,Isotopologue_C13-0,1.086257342132201
MCF002044_008,1,Fumaric acid,Isotopologue_C13-0,1.099465067058068
MCF002044_009,1,Fumaric acid,Isotopologue_C13-0,1.100092246211303
MCF002044_007,1,Fumaric acid,Isotopologue_C13-1,0.002590071026902101
MCF002044_008,1,Fumaric acid,Isotopologue_C13-1,-0.01196735885888259
MCF002044_009,1,Fumaric acid,Isotopologue_C13-1,-0.0118587094562059
MCF002044_007,1,Fumaric acid,Isotopologue_C13-2,-0.1030595468205483
MCF002044_008,1,Fumaric acid,Isotopologue_C13-2,-0.1013796363390116
MCF002044_009,1,Fumaric acid,Isotopologue_C13-2,-0.1014610989068948
MCF002044_007,1,Fumaric acid,Isotopologue_C13-3,0.004169548691644956
MCF002044_008,1,Fumaric acid,Isotopologue_C13-3,0.005052333425069402
MCF002044_009,1,Fumaric acid,Isotopologue_C13-3,0.005076390485978419
MCF002044_007,1,Fumaric acid,Isotopologue_C13-4,0.01004258496980035
MCF002044_008,1,Fumaric acid,Isotopologue_C13-4,0.008829594714756816
MCF002044_009,1,Fumaric acid,Isotopologue_C13-4,0.008151171665819619
MCF002044_007,1,L-Malic acid,Isotopologue_C13-0,0.9976440122617057
MCF002044_008,1,L-Malic acid,Isotopologue_C13-0,1.002279979094422
MCF002044_009,1,L-Malic acid,Isotopologue_C13-0,1.004471918658988
MCF002044_007,1,L-Malic acid,Isotopologue_C13-1,-4.226468469510153e-4
MCF002044_008,1,L-Malic acid,Isotopologue_C13-1,-0.002700849522895613
MCF002044_009,1,L-Malic acid,Isotopologue_C13-1,-0.003878505594177624
MCF002044_007,1,L-Malic acid,Isotopologue_C13-2,0.001910474000502996
MCF002044_008,1,L-Malic acid,Isotopologue_C13-2,-6.35103187603058e-4
MCF002044_009,1,L-Malic acid,Isotopologue_C13-2,-0.001283637708486194
MCF002044_007,1,L-Malic acid,Isotopologue_C13-3,0.002637682249845472
MCF002044_008,1,L-Malic acid,Isotopologue_C13-3,0.002462222357341106
MCF002044_009,1,L-Malic acid,Isotopologue_C13-3,0.002264961011126116
MCF002044_007,1,L-Malic acid,Isotopologue_C13-4,-0.001769521665103039
MCF002044_008,1,L-Malic acid,Isotopologue_C13-4,-0.001406248741264752
MCF002044_009,1,L-Malic acid,Isotopologue_C13-4,-0.00157473636745062
MCF002044_007,1,Oxoglutaric acid,Isotopologue_C13-0,1.066906050633639
MCF002044_008,1,Oxoglutaric acid,Isotopologue_C13-0,1.044195476149428
MCF002044_009,1,Oxoglutaric acid,Isotopologue_C13-0,1.046395093267291
MCF002044_007,1,Oxoglutaric acid,Isotopologue_C13-1,-0.04045383211172945
MCF002044_008,1,Oxoglutaric acid,Isotopologue_C13-1,-0.02181544368701125
MCF002044_009,1,Oxoglutaric acid,Isotopologue_C13-1,-0.02194059436059702
MCF002044_007,1,Oxoglutaric acid,Isotopologue_C13-2,-0.01728545071344713
MCF002044_008,1,Oxoglutaric acid,Isotopologue_C13-2,-0.009874836701297542
MCF002044_009,1,Oxoglutaric acid,Isotopologue_C13-2,-0.01264474076790699
MCF002044_007,1,Oxoglutaric acid,Isotopologue_C13-3,-0.009843295747278383
MCF002044_008,1,Oxoglutaric acid,Isotopologue_C13-3,-0.01288498303861891
MCF002044_009,1,Oxoglutaric acid,Isotopologue_C13-3,-0.01232218689805348
MCF002044_007,1,Oxoglutaric acid,Isotopologue_C13-4,9.243608091750585e-4
MCF002044_008,1,Oxoglutaric acid,Isotopologue_C13-4,6.172810084605326e-4
MCF002044_009,1,Oxoglutaric acid,Isotopologue_C13-4,7.648571912691256e-4
MCF002044_007,1,Oxoglutaric acid,Isotopologue_C13-5,-2.478328703586147e-4
MCF002044_008,1,Oxoglutaric acid,Isotopologue_C13-5,-2.37493730960946e-4
MCF002044_009,1,Oxoglutaric acid,Isotopologue_C13-5,-2.524284320025649e-4
MCF002044_007,1,Succinic acid,Isotopologue_C13-0,1.030652495356665
MCF002044_008,1,Succinic acid,Isotopologue_C13-0,1.030260057635606
MCF002044_009,1,Succinic acid,Isotopologue_C13-0,1.022292864489609
MCF002044_007,1,Succinic acid,Isotopologue_C13-1,-0.01828160427666531
MCF002044_008,1,Succinic acid,Isotopologue_C13-1,-0.02885654956427259
MCF002044_009,1,Succinic acid,Isotopologue_C13-1,-0.02198768958932291
MCF002044_007,1,Succinic acid,Isotopologue_C13-2,-0.003205678391783471
MCF002044_008,1,Succinic acid,Isotopologue_C13-2,-6.925555240127744e-4
MCF002044_009,1,Succinic acid,Isotopologue_C13-2,0.007341401144272596
MCF002044_007,1,Succinic acid,Isotopologue_C13-3,-0.007610910661568589
MCF002044_008,1,Succinic acid,Isotopologue_C13-3,0.001624634188332968
MCF002044_009,1,Succinic acid,Isotopologue_C13-3,-0.005200520054661036
MCF002044_007,1,Succinic acid,Isotopologue_C13-4,-0.001554302026647652
MCF002044_008,1,Succinic acid,Isotopologue_C13-4,-0.00233558673565381
MCF002044_009,1,Succinic acid,Isotopologue_C13-4,-0.00244605598989782
MCF002044_007,1,Glycine,Isotopologue_C13-0,1.012121598246377
MCF002044_008,1,Glycine,Isotopologue_C13-0,1.015380764782376
MCF002044_009,1,Glycine,Isotopologue_C13-0,1.015896149111266
MCF002044_007,1,Glycine,Isotopologue_C13-1,-0.005118547215162951
MCF002044_008,1,Glycine,Isotopologue_C13-1,-0.008456848928139514
MCF002044_009,1,Glycine,Isotopologue_C13-1,-0.007782446224903475
MCF002044_007,1,Glycine,Isotopologue_C13-2,-0.007003051031213984
MCF002044_008,1,Glycine,Isotopologue_C13-2,-0.006923915854236569
MCF002044_009,1,Glycine,Isotopologue_C13-2,-0.008113702886362964
MCF002044_007,1,L-Alanine,Isotopologue_C13-0,0.9909078781089355
MCF002044_008,1,L-Alanine,Isotopologue_C13-0,0.9965595357505213
MCF002044_009,1,L-Alanine,Isotopologue_C13-0,1.000509421511027
MCF002044_007,1,L-Alanine,Isotopologue_C13-1,-0.006880799850271225
MCF002044_008,1,L-Alanine,Isotopologue_C13-1,-0.01011986119378125
MCF002044_009,1,L-Alanine,Isotopologue_C13-1,-0.009093568990021951
MCF002044_007,1,L-Alanine,Isotopologue_C13-2,-0.01059511752749896
MCF002044_008,1,L-Alanine,Isotopologue_C13-2,-0.00978180801394142
MCF002044_009,1,L-Alanine,Isotopologue_C13-2,-0.01095249746443382
MCF002044_007,1,L-Alanine,Isotopologue_C13-3,0.02656803926883454
MCF002044_008,1,L-Alanine,Isotopologue_C13-3,0.02334213345720136
MCF002044_009,1,L-Alanine,Isotopologue_C13-3,0.01953664494342846
MCF002044_007,1,L-Asparagine,Isotopologue_C13-0,0.6759907326488583
MCF002044_008,1,L-Asparagine,Isotopologue_C13-0,1.055461246793238
MCF002044_009,1,L-Asparagine,Isotopologue_C13-0,1.087264091230508
MCF002044_007,1,L-Asparagine,Isotopologue_C13-1,0.6084994758023025
MCF002044_008,1,L-Asparagine,Isotopologue_C13-1,-0.1576112941757338
MCF002044_009,1,L-Asparagine,Isotopologue_C13-1,0.07516292774954518
MCF002044_007,1,L-Asparagine,Isotopologue_C13-2,-0.2775213361281729
MCF002044_008,1,L-Asparagine,Isotopologue_C13-2,0.170491107574254
MCF002044_009,1,L-Asparagine,Isotopologue_C13-2,-0.1825305916149536
MCF002044_007,1,L-Asparagine,Isotopologue_C13-3,-0.03133034953068575
MCF002044_008,1,L-Asparagine,Isotopologue_C13-3,-0.05663348534478199
MCF002044_009,1,L-Asparagine,Isotopologue_C13-3,0.006529303559844941
MCF002044_007,1,L-Asparagine,Isotopologue_C13-4,0.02436147720769801
MCF002044_008,1,L-Asparagine,Isotopologue_C13-4,-0.01170757484697667
MCF002044_009,1,L-Asparagine,Isotopologue_C13-4,0.01357426907505602
MCF002044_007,1,L-Aspartic acid,Isotopologue_C13-0,0.9513785120334198
MCF002044_008,1,L-Aspartic acid,Isotopologue_C13-0,0.9558396905487505
MCF002044_009,1,L-Aspartic acid,Isotopologue_C13-0,0.9589752204815845
MCF002044_007,1,L-Aspartic acid,Isotopologue_C13-1,-0.00656669426686682
MCF002044_008,1,L-Aspartic acid,Isotopologue_C13-1,-0.007037600292336645
MCF002044_009,1,L-Aspartic acid,Isotopologue_C13-1,-0.005432218884154288
MCF002044_007,1,L-Aspartic acid,Isotopologue_C13-2,-0.002520672302937957
MCF002044_008,1,L-Aspartic acid,Isotopologue_C13-2,-0.007475427486155749
MCF002044_009,1,L-Aspartic acid,Isotopologue_C13-2,-0.005107376590660395
MCF002044_007,1,L-Aspartic acid,Isotopologue_C13-3,0.05766985558964451
MCF002044_008,1,L-Aspartic acid,Isotopologue_C13-3,0.05603405378591837
MCF002044_009,1,L-Aspartic acid,Isotopologue_C13-3,0.04996994261487794
MCF002044_007,1,L-Aspartic acid,Isotopologue_C13-4,3.899894674035678e-5
MCF002044_008,1,L-Aspartic acid,Isotopologue_C13-4,0.002639283443823612
MCF002044_009,1,L-Aspartic acid,Isotopologue_C13-4,0.001594432378352334
MCF002044_007,1,L-Cysteine,Isotopologue_C13-0,1.251721462590096
MCF002044_008,1,L-Cysteine,Isotopologue_C13-0,1.257839529742377
MCF002044_009,1,L-Cysteine,Isotopologue_C13-0,1.257371949777131
MCF002044_007,1,L-Cysteine,Isotopologue_C13-1,-0.1250261749425912
MCF002044_008,1,L-Cysteine,Isotopologue_C13-1,-0.1346183903488594
MCF002044_009,1,L-Cysteine,Isotopologue_C13-1,-0.1310542937456928
MCF002044_007,1,L-Cysteine,Isotopologue_C13-2,-0.1461761929890688
MCF002044_008,1,L-Cysteine,Isotopologue_C13-2,-0.1402897387540777
MCF002044_009,1,L-Cysteine,Isotopologue_C13-2,-0.1435564305076588
MCF002044_007,1,L-Cysteine,Isotopologue_C13-3,0.0194809053415636
MCF002044_008,1,L-Cysteine,Isotopologue_C13-3,0.01706859936056028
MCF002044_009,1,L-Cysteine,Isotopologue_C13-3,0.01723877447622056
MCF002044_007,1,L-Glutamic acid,Isotopologue_C13-0,1.002544045085452
MCF002044_008,1,L-Glutamic acid,Isotopologue_C13-0,1.003128662748503
MCF002044_009,1,L-Glutamic acid,Isotopologue_C13-0,1.004710844127704
MCF002044_007,1,L-Glutamic acid,Isotopologue_C13-1,-0.002207952953850857
MCF002044_008,1,L-Glutamic acid,Isotopologue_C13-1,-6.046826027717206e-4
MCF002044_009,1,L-Glutamic acid,Isotopologue_C13-1,-5.653533339599894e-4
MCF002044_007,1,L-Glutamic acid,Isotopologue_C13-2,-8.025410232377286e-4
MCF002044_008,1,L-Glutamic acid,Isotopologue_C13-2,-0.002847933535946981
MCF002044_009,1,L-Glutamic acid,Isotopologue_C13-2,-0.003904647484914299
MCF002044_007,1,L-Glutamic acid,Isotopologue_C13-3,5.446185195858781e-4
MCF002044_008,1,L-Glutamic acid,Isotopologue_C13-3,1.014038648027398e-4
MCF002044_009,1,L-Glutamic acid,Isotopologue_C13-3,3.029393004346932e-4
MCF002044_007,1,L-Glutamic acid,Isotopologue_C13-4,9.988444070875129e-5
MCF002044_008,1,L-Glutamic acid,Isotopologue_C13-4,1.654664512193419e-4
MCF002044_009,1,L-Glutamic acid,Isotopologue_C13-4,2.890801421795614e-4
MCF002044_007,1,L-Glutamic acid,Isotopologue_C13-5,-1.780540686581767e-4
MCF002044_008,1,L-Glutamic acid,Isotopologue_C13-5,5.708307419402726e-5
MCF002044_009,1,L-Glutamic acid,Isotopologue_C13-5,-8.328627514435234e-4
MCF002044_007,1,L-Isoleucine,Isotopologue_C13-0,0.9815248084603824
MCF002044_008,1,L-Isoleucine,Isotopologue_C13-0,0.981204612929206
MCF002044_009,1,L-Isoleucine,Isotopologue_C13-0,0.9787351102428836
MCF002044_007,1,L-Isoleucine,Isotopologue_C13-1,0.03150632475337024
MCF002044_008,1,L-Isoleucine,Isotopologue_C13-1,0.03228153543868613
MCF002044_009,1,L-Isoleucine,Isotopologue_C13-1,0.0313610555764124
MCF002044_007,1,L-Isoleucine,Isotopologue_C13-2,0.00557737102245976
MCF002044_008,1,L-Isoleucine,Isotopologue_C13-2,0.005053708989624722
MCF002044_009,1,L-Isoleucine,Isotopologue_C13-2,0.00817324051198708
MCF002044_007,1,L-Isoleucine,Isotopologue_C13-3,-0.01880075030737342
MCF002044_008,1,L-Isoleucine,Isotopologue_C13-3,-0.01875703931610063
MCF002044_009,1,L-Isoleucine,Isotopologue_C13-3,-0.01813091486131632
MCF002044_007,1,L-Isoleucine,Isotopologue_C13-4,3.52031813838069e-4
MCF002044_008,1,L-Isoleucine,Isotopologue_C13-4,3.803590634122933e-4
MCF002044_009,1,L-Isoleucine,Isotopologue_C13-4,-6.034426815746858e-6
MCF002044_007,1,L-Isoleucine,Isotopologue_C13-5,-1.737166673168438e-4
MCF002044_008,1,L-Isoleucine,Isotopologue_C13-5,-1.772815686785843e-4
MCF002044_009,1,L-Isoleucine,Isotopologue_C13-5,-1.453350112442473e-4
MCF002044_007,1,L-Isoleucine,Isotopologue_C13-6,1.393092463977393e-5
MCF002044_008,1,L-Isoleucine,Isotopologue_C13-6,1.410446385003229e-5
MCF002044_009,1,L-Isoleucine,Isotopologue_C13-6,1.287796809329512e-5
MCF002044_007,1,L-Leucine,Isotopologue_C13-0,1.05552928352319
MCF002044_008,1,L-Leucine,Isotopologue_C13-0,1.029650704727828
MCF002044_009,1,L-Leucine,Isotopologue_C13-0,1.093113346515245
MCF002044_007,1,L-Leucine,Isotopologue_C13-1,-0.002265201475914457
MCF002044_008,1,L-Leucine,Isotopologue_C13-1,-0.002922189146989156
MCF002044_009,1,L-Leucine,Isotopologue_C13-1,-0.04944297863894666
MCF002044_007,1,L-Leucine,Isotopologue_C13-2,-0.05098400884436334
MCF002044_008,1,L-Leucine,Isotopologue_C13-2,-0.0159781884496446
MCF002044_009,1,L-Leucine,Isotopologue_C13-2,-0.0430343311310887
MCF002044_007,1,L-Leucine,Isotopologue_C13-3,-0.004787325295934227
MCF002044_008,1,L-Leucine,Isotopologue_C13-3,-0.01175540718985451
MCF002044_009,1,L-Leucine,Isotopologue_C13-3,-0.002650723646798785
MCF002044_007,1,L-Leucine,Isotopologue_C13-4,0.002893594339456351
MCF002044_008,1,L-Leucine,Isotopologue_C13-4,0.001225566979610246
MCF002044_009,1,L-Leucine,Isotopologue_C13-4,0.002307432041755846
MCF002044_007,1,L-Leucine,Isotopologue_C13-5,-4.083819127206867e-4
MCF002044_008,1,L-Leucine,Isotopologue_C13-5,-2.355568139197626e-4
MCF002044_009,1,L-Leucine,Isotopologue_C13-5,-3.089453443436834e-4
MCF002044_007,1,L-Leucine,Isotopologue_C13-6,2.203966628657612e-5
MCF002044_008,1,L-Leucine,Isotopologue_C13-6,1.506989297005981e-5
MCF002044_009,1,L-Leucine,Isotopologue_C13-6,1.620020417694215e-5
MCF002044_007,1,L-Lysine,Isotopologue_C13-0,1.005809558950825
MCF002044_008,1,L-Lysine,Isotopologue_C13-0,1.015858355319075
MCF002044_009,1,L-Lysine,Isotopologue_C13-0,0.9962062054215863
MCF002044_007,1,L-Lysine,Isotopologue_C13-1,-0.00215333008682183
MCF002044_008,1,L-Lysine,Isotopologue_C13-1,-0.006295379812445745
MCF002044_009,1,L-Lysine,Isotopologue_C13-1,0.01700822564603594
MCF002044_007,1,L-Lysine,Isotopologue_C13-2,-9.253110939049577e-4
MCF002044_008,1,L-Lysine,Isotopologue_C13-2,-0.005230266613721046
MCF002044_009,1,L-Lysine,Isotopologue_C13-2,-0.005432005683906573
MCF002044_007,1,L-Lysine,Isotopologue_C13-3,0.001265882357300114
MCF002044_008,1,L-Lysine,Isotopologue_C13-3,-3.73175147096195e-4
MCF002044_009,1,L-Lysine,Isotopologue_C13-3,-7.838137292652038e-4
MCF002044_007,1,L-Lysine,Isotopologue_C13-4,-0.003374021774479204
MCF002044_008,1,L-Lysine,Isotopologue_C13-4,-0.003637357173988934
MCF002044_009,1,L-Lysine,Isotopologue_C13-4,-0.006989587205725047
MCF002044_007,1,L-Lysine,Isotopologue_C13-5,-7.217383740068711e-4
MCF002044_008,1,L-Lysine,Isotopologue_C13-5,-3.872957307904329e-4
MCF002044_009,1,L-Lysine,Isotopologue_C13-5,-6.048987287082612e-5
MCF002044_007,1,L-Lysine,Isotopologue_C13-6,9.896002108780856e-5
MCF002044_008,1,L-Lysine,Isotopologue_C13-6,6.511915896691672e-5
MCF002044_009,1,L-Lysine,Isotopologue_C13-6,5.14654241451569e-5
MCF002044_007,1,L-Methionine,Isotopologue_C13-0,1.192107672695318
MCF002044_008,1,L-Methionine,Isotopologue_C13-0,1.204299178495849
MCF002044_009,1,L-Methionine,Isotopologue_C13-0,1.198174365254434
MCF002044_007,1,L-Methionine,Isotopologue_C13-1,-0.09922955048343768
MCF002044_008,1,L-Methionine,Isotopologue_C13-1,-0.1108605047506077
MCF002044_009,1,L-Methionine,Isotopologue_C13-1,-0.09998662586810292
MCF002044_007,1,L-Methionine,Isotopologue_C13-2,-0.1049074711020404
MCF002044_008,1,L-Methionine,Isotopologue_C13-2,-0.1077297309155645
MCF002044_009,1,L-Methionine,Isotopologue_C13-2,-0.1124889252698673
MCF002044_007,1,L-Methionine,Isotopologue_C13-3,0.005897481689339873
MCF002044_008,1,L-Methionine,Isotopologue_C13-3,0.007771512803479485
MCF002044_009,1,L-Methionine,Isotopologue_C13-3,0.007425663894714082
MCF002044_007,1,L-Methionine,Isotopologue_C13-4,0.006513119097046564
MCF002044_008,1,L-Methionine,Isotopologue_C13-4,0.006868142120727391
MCF002044_009,1,L-Methionine,Isotopologue_C13-4,0.007284578836250321
MCF002044_007,1,L-Methionine,Isotopologue_C13-5,-3.812518962259807e-4
MCF002044_008,1,L-Methionine,Isotopologue_C13-5,-3.485977538836201e-4
MCF002044_009,1,L-Methionine,Isotopologue_C13-5,-4.090568474285382e-4
MCF002044_007,1,L-Phenylalanine,Isotopologue_C13-0,1.025295746173277
MCF002044_008,1,L-Phenylalanine,Isotopologue_C13-0,1.018153905392519
MCF002044_009,1,L-Phenylalanine,Isotopologue_C13-0,1.018575394601306
MCF002044_007,1,L-Phenylalanine,Isotopologue_C13-1,-0.008524098319591028
MCF002044_008,1,L-Phenylalanine,Isotopologue_C13-1,-0.01117614742251314
MCF002044_009,1,L-Phenylalanine,Isotopologue_C13-1,-0.009154290086452984
MCF002044_007,1,L-Phenylalanine,Isotopologue_C13-2,-0.0162153620628653
MCF002044_008,1,L-Phenylalanine,Isotopologue_C13-2,-0.006490627450955372
MCF002044_009,1,L-Phenylalanine,Isotopologue_C13-2,-0.007493409264643549
MCF002044_007,1,L-Phenylalanine,Isotopologue_C13-3,0.001041978253082192
MCF002044_008,1,L-Phenylalanine,Isotopologue_C13-3,8.813225785229005e-4
MCF002044_009,1,L-Phenylalanine,Isotopologue_C13-3,2.799367845917454e-4
MCF002044_007,1,L-Phenylalanine,Isotopologue_C13-4,-0.0016482975826966
MCF002044_008,1,L-Phenylalanine,Isotopologue_C13-4,-0.001279906387332013
MCF002044_009,1,L-Phenylalanine,Isotopologue_C13-4,-0.002281971882259031
MCF002044_007,1,L-Phenylalanine,Isotopologue_C13-5,4.48569926884087e-5
MCF002044_008,1,L-Phenylalanine,Isotopologue_C13-5,-1.071065036465211e-4
MCF002044_009,1,L-Phenylalanine,Isotopologue_C13-5,6.756871171726992e-5
MCF002044_007,1,L-Phenylalanine,Isotopologue_C13-6,5.603198211729474e-6
MCF002044_008,1,L-Phenylalanine,Isotopologue_C13-6,1.961004013546191e-5
MCF002044_009,1,L-Phenylalanine,Isotopologue_C13-6,7.345890318546186e-6
MCF002044_007,1,L-Phenylalanine,Isotopologue_C13-7,-4.414970353334943e-7
MCF002044_008,1,L-Phenylalanine,Isotopologue_C13-7,-1.082650944993749e-6
MCF002044_009,1,L-Phenylalanine,Isotopologue_C13-7,-5.94899014540762e-7
MCF002044_007,1,L-Phenylalanine,Isotopologue_C13-8,1.515884324520109e-8
MCF002044_008,1,L-Phenylalanine,Isotopologue_C13-8,3.304930610914665e-8
MCF002044_009,1,L-Phenylalanine,Isotopologue_C13-8,2.057183296154124e-8
MCF002044_007,1,L-Phenylalanine,Isotopologue_C13-9,-3.139143759589764e-10
MCF002044_008,1,L-Phenylalanine,Isotopologue_C13-9,-6.450913857316643e-10
MCF002044_009,1,L-Phenylalanine,Isotopologue_C13-9,-4.273967151739013e-10
MCF002044_007,1,L-Proline,Isotopologue_C13-0,1.02094357596556
MCF002044_008,1,L-Proline,Isotopologue_C13-0,1.020797139818777
MCF002044_009,1,L-Proline,Isotopologue_C13-0,1.021582294402492
MCF002044_007,1,L-Proline,Isotopologue_C13-1,-0.004771839548543117
MCF002044_008,1,L-Proline,Isotopologue_C13-1,-0.007838958248154395
MCF002044_009,1,L-Proline,Isotopologue_C13-1,-0.009805341256183053
MCF002044_007,1,L-Proline,Isotopologue_C13-2,-0.01281228290097317
MCF002044_008,1,L-Proline,Isotopologue_C13-2,-0.01061242523386257
MCF002044_009,1,L-Proline,Isotopologue_C13-2,-0.009855074835213062
MCF002044_007,1,L-Proline,Isotopologue_C13-3,-0.00214846728187672
MCF002044_008,1,L-Proline,Isotopologue_C13-3,-9.091889819371378e-4
MCF002044_009,1,L-Proline,Isotopologue_C13-3,-4.110704527340033e-4
MCF002044_007,1,L-Proline,Isotopologue_C13-4,-0.001144418806074519
MCF002044_008,1,L-Proline,Isotopologue_C13-4,-0.001388372302814049
MCF002044_009,1,L-Proline,Isotopologue_C13-4,-0.001469626950952153
MCF002044_007,1,L-Proline,Isotopologue_C13-5,-6.656742809263483e-5
MCF002044_008,1,L-Proline,Isotopologue_C13-5,-4.819505200846255e-5
MCF002044_009,1,L-Proline,Isotopologue_C13-5,-4.11809074094549e-5
MCF002044_007,1,L-Serine,Isotopologue_C13-0,1.023063063613084
MCF002044_008,1,L-Serine,Isotopologue_C13-0,1.020853865157558
MCF002044_009,1,L-Serine,Isotopologue_C13-0,1.021147827560837
MCF002044_007,1,L-Serine,Isotopologue_C13-1,-0.004582422904998816
MCF002044_008,1,L-Serine,Isotopologue_C13-1,-0.004022618481489358
MCF002044_009,1,L-Serine,Isotopologue_C13-1,-0.004439940483679215
MCF002044_007,1,L-Serine,Isotopologue_C13-2,-0.00759161404760094
MCF002044_008,1,L-Serine,Isotopologue_C13-2,-0.008223403674310044
MCF002044_009,1,L-Serine,Isotopologue_C13-2,-0.005439152752204805
MCF002044_007,1,L-Serine,Isotopologue_C13-3,-0.01088902666048408
MCF002044_008,1,L-Serine,Isotopologue_C13-3,-0.008607843001758876
MCF002044_009,1,L-Serine,Isotopologue_C13-3,-0.01126873432495241
MCF002044_007,1,L-Threonine,Isotopologue_C13-0,1.033273759291047
MCF002044_008,1,L-Threonine,Isotopologue_C13-0,1.0274528279475
MCF002044_009,1,L-Threonine,Isotopologue_C13-0,1.030125955427986
MCF002044_007,1,L-Threonine,Isotopologue_C13-1,-0.0140064475796312
MCF002044_008,1,L-Threonine,Isotopologue_C13-1,-0.01181260946704493
MCF002044_009,1,L-Threonine,Isotopologue_C13-1,-0.008956530805444944
MCF002044_007,1,L-Threonine,Isotopologue_C13-2,-0.01066645511645185
MCF002044_008,1,L-Threonine,Isotopologue_C13-2,-0.01237052948322226
MCF002044_009,1,L-Threonine,Isotopologue_C13-2,-0.01267553633022143
MCF002044_007,1,L-Threonine,Isotopologue_C13-3,-0.007683606048329348
MCF002044_008,1,L-Threonine,Isotopologue_C13-3,-0.002026715665257902
MCF002044_009,1,L-Threonine,Isotopologue_C13-3,-0.007673208010427697
MCF002044_007,1,L-Threonine,Isotopologue_C13-4,-9.17250546634461e-4
MCF002044_008,1,L-Threonine,Isotopologue_C13-4,-0.001242973331974682
MCF002044_009,1,L-Threonine,Isotopologue_C13-4,-8.206802818916035e-4
MCF002044_007,1,L-Tryptophan,Isotopologue_C13-0,1.094474663031108
MCF002044_008,1,L-Tryptophan,Isotopologue_C13-0,1.060739715679924
MCF002044_009,1,L-Tryptophan,Isotopologue_C13-0,1.034210116120763
MCF002044_007,1,L-Tryptophan,Isotopologue_C13-1,-0.03484592659549451
MCF002044_008,1,L-Tryptophan,Isotopologue_C13-1,-0.02434003675990279
MCF002044_009,1,L-Tryptophan,Isotopologue_C13-1,0.00735434367567845
MCF002044_007,1,L-Tryptophan,Isotopologue_C13-2,-0.06093083173745838
MCF002044_008,1,L-Tryptophan,Isotopologue_C13-2,-0.02750226538844402
MCF002044_009,1,L-Tryptophan,Isotopologue_C13-2,-0.03120520628803233
MCF002044_007,1,L-Tryptophan,Isotopologue_C13-3,-0.002621959447704638
MCF002044_008,1,L-Tryptophan,Isotopologue_C13-3,-0.01205672530000777
MCF002044_009,1,L-Tryptophan,Isotopologue_C13-3,-0.01390055199913935
MCF002044_007,1,L-Tryptophan,Isotopologue_C13-4,0.003707854135926287
MCF002044_008,1,L-Tryptophan,Isotopologue_C13-4,0.002598014323268434
MCF002044_009,1,L-Tryptophan,Isotopologue_C13-4,0.002921428558736441
MCF002044_007,1,L-Tryptophan,Isotopologue_C13-5,2.794320692879814e-4
MCF002044_008,1,L-Tryptophan,Isotopologue_C13-5,6.580839826923411e-4
MCF002044_009,1,L-Tryptophan,Isotopologue_C13-5,7.26981386605903e-4
MCF002044_007,1,L-Tryptophan,Isotopologue_C13-6,-6.767467851621483e-5
MCF002044_008,1,L-Tryptophan,Isotopologue_C13-6,-1.02963209809912e-4
MCF002044_009,1,L-Tryptophan,Isotopologue_C13-6,-1.13948050840884e-4
MCF002044_007,1,L-Tryptophan,Isotopologue_C13-7,4.615432323812282e-6
MCF002044_008,1,L-Tryptophan,Isotopologue_C13-7,6.406222493564674e-6
MCF002044_009,1,L-Tryptophan,Isotopologue_C13-7,7.09066434351297e-6
MCF002044_007,1,L-Tryptophan,Isotopologue_C13-8,-1.765719819380491e-7
MCF002044_008,1,L-Tryptophan,Isotopologue_C13-8,-2.352287730101606e-7
MCF002044_009,1,L-Tryptophan,Isotopologue_C13-8,-2.60352852037617e-7
MCF002044_007,1,L-Tryptophan,Isotopologue_C13-9,4.43993183134242e-9
MCF002044_008,1,L-Tryptophan,Isotopologue_C13-9,5.777803817654131e-9
MCF002044_009,1,L-Tryptophan,Isotopologue_C13-9,6.394570547729635e-9
MCF002044_007,1,L-Tryptophan,Isotopologue_C13-10,-7.842530525482389e-11
MCF002044_008,1,L-Tryptophan,Isotopologue_C13-10,-1.005158770628495e-10
MCF002044_009,1,L-Tryptophan,Isotopologue_C13-10,-1.112399422269054e-10
MCF002044_007,1,L-Tryptophan,Isotopologue_C13-11,1.002320313854802e-12
MCF002044_008,1,L-Tryptophan,Isotopologue_C13-11,1.271005998164138e-12
MCF002044_009,1,L-Tryptophan,Isotopologue_C13-11,1.406546338825964e-12
MCF002044_007,1,L-Tyrosine,Isotopologue_C13-0,0.9907619731478938
MCF002044_008,1,L-Tyrosine,Isotopologue_C13-0,0.9689061493398322
MCF002044_009,1,L-Tyrosine,Isotopologue_C13-0,1.000470350899393
MCF002044_007,1,L-Tyrosine,Isotopologue_C13-1,0.03540487368445194
MCF002044_008,1,L-Tyrosine,Isotopologue_C13-1,0.04886769438645506
MCF002044_009,1,L-Tyrosine,Isotopologue_C13-1,0.01719495698873127
MCF002044_007,1,L-Tyrosine,Isotopologue_C13-2,-0.009766550959083886
MCF002044_008,1,L-Tyrosine,Isotopologue_C13-2,-0.004009278190772354
MCF002044_009,1,L-Tyrosine,Isotopologue_C13-2,-0.009680922509790755
MCF002044_007,1,L-Tyrosine,Isotopologue_C13-3,-0.01250769300150074
MCF002044_008,1,L-Tyrosine,Isotopologue_C13-3,-0.006409038569063542
MCF002044_009,1,L-Tyrosine,Isotopologue_C13-3,-1.731597286314214e-4
MCF002044_007,1,L-Tyrosine,Isotopologue_C13-4,-0.004533251728254467
MCF002044_008,1,L-Tyrosine,Isotopologue_C13-4,-0.007606724560763509
MCF002044_009,1,L-Tyrosine,Isotopologue_C13-4,-0.007825099155706717
MCF002044_007,1,L-Tyrosine,Isotopologue_C13-5,8.035030471644918e-4
MCF002044_008,1,L-Tyrosine,Isotopologue_C13-5,3.523399177239515e-4
MCF002044_009,1,L-Tyrosine,Isotopologue_C13-5,4.038393496728221e-5
MCF002044_007,1,L-Tyrosine,Isotopologue_C13-6,-1.802482025594146e-4
MCF002044_008,1,L-Tyrosine,Isotopologue_C13-6,-1.156171467172245e-4
MCF002044_009,1,L-Tyrosine,Isotopologue_C13-6,-3.35706553575994e-5
MCF002044_007,1,L-Tyrosine,Isotopologue_C13-7,1.837612001528141e-5
MCF002044_008,1,L-Tyrosine,Isotopologue_C13-7,1.539897267326705e-5
MCF002044_009,1,L-Tyrosine,Isotopologue_C13-7,7.589208819311144e-6
MCF002044_007,1,L-Tyrosine,Isotopologue_C13-8,-1.017610644948001e-6
MCF002044_008,1,L-Tyrosine,Isotopologue_C13-8,-9.59839213607226e-7
MCF002044_009,1,L-Tyrosine,Isotopologue_C13-8,-5.50958603080389e-7
MCF002044_007,1,L-Tyrosine,Isotopologue_C13-9,3.550251816373712e-8
MCF002044_008,1,L-Tyrosine,Isotopologue_C13-9,3.568984587192746e-8
MCF002044_009,1,L-Tyrosine,Isotopologue_C13-9,2.197617907552149e-8
MCF002044_007,1,L-Valine,Isotopologue_C13-0,1.009787845844905
MCF002044_008,1,L-Valine,Isotopologue_C13-0,1.014526493175444
MCF002044_009,1,L-Valine,Isotopologue_C13-0,1.014394720588255
MCF002044_007,1,L-Valine,Isotopologue_C13-1,-0.006212206555727864
MCF002044_008,1,L-Valine,Isotopologue_C13-1,-0.01059690311609661
MCF002044_009,1,L-Valine,Isotopologue_C13-1,-0.01003920183840359
MCF002044_007,1,L-Valine,Isotopologue_C13-2,-0.01093161204129847
MCF002044_008,1,L-Valine,Isotopologue_C13-2,-0.009697768308251826
MCF002044_009,1,L-Valine,Isotopologue_C13-2,-0.01178042893136524
MCF002044_007,1,L-Valine,Isotopologue_C13-3,0.006975245352581493
MCF002044_008,1,L-Valine,Isotopologue_C13-3,0.004256644329562904
MCF002044_009,1,L-Valine,Isotopologue_C13-3,0.00664342925888477
MCF002044_007,1,L-Valine,Isotopologue_C13-4,-0.002185720424818292
MCF002044_008,1,L-Valine,Isotopologue_C13-4,-0.002048510232183002
MCF002044_009,1,L-Valine,Isotopologue_C13-4,-0.002068929949707983
MCF002044_007,1,L-Valine,Isotopologue_C13-5,0.002566447824357593
MCF002044_008,1,L-Valine,Isotopologue_C13-5,0.003560044151524705
MCF002044_009,1,L-Valine,Isotopologue_C13-5,0.002850410872337104
MCF002044_007,1,Myristic acid,Isotopologue_C13-0,1.065167056062149
MCF002044_008,1,Myristic acid,Isotopologue_C13-0,1.066798033400134
MCF002044_009,1,Myristic acid,Isotopologue_C13-0,1.064653189281384
MCF002044_007,1,Myristic acid,Isotopologue_C13-1,-0.005230147388645025
MCF002044_008,1,Myristic acid,Isotopologue_C13-1,-0.007232813743582713
MCF002044_009,1,Myristic acid,Isotopologue_C13-1,-0.01077338065466264
MCF002044_007,1,Myristic acid,Isotopologue_C13-2,-0.06669423620019704
MCF002044_008,1,Myristic acid,Isotopologue_C13-2,-0.06634196500214089
MCF002044_009,1,Myristic acid,Isotopologue_C13-2,-0.05930524735434118
MCF002044_007,1,Myristic acid,Isotopologue_C13-3,0.004928566915547346
MCF002044_008,1,Myristic acid,Isotopologue_C13-3,0.004960192328801473
MCF002044_009,1,Myristic acid,Isotopologue_C13-3,0.00370063394871005
MCF002044_007,1,Myristic acid,Isotopologue_C13-4,0.001980991536763909
MCF002044_008,1,Myristic acid,Isotopologue_C13-4,0.00196930307045737
MCF002044_009,1,Myristic acid,Isotopologue_C13-4,0.001847031992121155
MCF002044_007,1,Myristic acid,Isotopologue_C13-5,-1.533466350434972e-4
MCF002044_008,1,Myristic acid,Isotopologue_C13-5,-1.540295001470336e-4
MCF002044_009,1,Myristic acid,Isotopologue_C13-5,-1.208977333256713e-4
MCF002044_007,1,Myristic acid,Isotopologue_C13-6,8.002981834034905e-7
MCF002044_008,1,Myristic acid,Isotopologue_C13-6,9.755004274672865e-7
MCF002044_009,1,Myristic acid,Isotopologue_C13-6,-1.757315974611957e-6
MCF002044_007,1,Myristic acid,Isotopologue_C13-7,3.337371662362209e-7
MCF002044_008,1,Myristic acid,Isotopologue_C13-7,3.218298655372038e-7
MCF002044_009,1,Myristic acid,Isotopologue_C13-7,4.49577836988963e-7
MCF002044_007,1,Myristic acid,Isotopologue_C13-8,-1.887364911691737e-8
MCF002044_008,1,Myristic acid,Isotopologue_C13-8,-1.842038708084536e-8
MCF002044_009,1,Myristic acid,Isotopologue_C13-8,-2.236291222191095e-8
MCF002044_007,1,Myristic acid,Isotopologue_C13-9,5.583748262391245e-10
MCF002044_008,1,Myristic acid,Isotopologue_C13-9,5.470247285135611e-10
MCF002044_009,1,Myristic acid,Isotopologue_C13-9,6.329705865956462e-10
MCF002044_007,1,Myristic acid,Isotopologue_C13-10,-1.079503618604202e-11
MCF002044_008,1,Myristic acid,Isotopologue_C13-10,-1.059521167720514e-11
MCF002044_009,1,Myristic acid,Isotopologue_C13-10,-1.196473206259771e-11
MCF002044_007,1,Myristic acid,Isotopologue_C13-11,1.463190877351853e-13
MCF002044_008,1,Myristic acid,Isotopologue_C13-11,1.43769061607459e-13
MCF002044_009,1,Myristic acid,Isotopologue_C13-11,1.599723092361439e-13
MCF002044_007,1,Myristic acid,Isotopologue_C13-12,-1.425992760548996e-15
MCF002044_008,1,Myristic acid,Isotopologue_C13-12,-1.402167243958245e-15
MCF002044_009,1,Myristic acid,Isotopologue_C13-12,-1.54479879363498e-15
MCF002044_007,1,Myristic acid,Isotopologue_C13-13,1.000108528295305e-17
MCF002044_008,1,Myristic acid,Isotopologue_C13-13,9.839121383642542e-18
MCF002044_009,1,Myristic acid,Isotopologue_C13-13,1.076303254013879e-17
MCF002044_007,1,Myristic acid,Isotopologue_C13-14,-4.942569782690095e-20
MCF002044_008,1,Myristic acid,Isotopologue_C13-14,-4.864427552529648e-20
MCF002044_009,1,Myristic acid,Isotopologue_C13-14,-5.29273885254732e-20
MCF002044_007,1,Palmitic acid,Isotopologue_C13-0,1.036505876759232
MCF002044_008,1,Palmitic acid,Isotopologue_C13-0,1.035401863190289
MCF002044_009,1,Palmitic acid,Isotopologue_C13-0,1.03304871543857
MCF002044_007,1,Palmitic acid,Isotopologue_C13-1,-6.729252669680064e-4
MCF002044_008,1,Palmitic acid,Isotopologue_C13-1,-0.001763372951337444
MCF002044_009,1,Palmitic acid,Isotopologue_C13-1,-0.001640505391956425
MCF002044_007,1,Palmitic acid,Isotopologue_C13-2,-0.03496335887078208
MCF002044_008,1,Palmitic acid,Isotopologue_C13-2,-0.03217764472700195
MCF002044_009,1,Palmitic acid,Isotopologue_C13-2,-0.02926539378679877
MCF002044_007,1,Palmitic acid,Isotopologue_C13-3,-0.00251761543448788
MCF002044_008,1,Palmitic acid,Isotopologue_C13-3,-0.003086019197144158
MCF002044_009,1,Palmitic acid,Isotopologue_C13-3,-0.003750352747472308
MCF002044_007,1,Palmitic acid,Isotopologue_C13-4,0.001643239052551684
MCF002044_008,1,Palmitic acid,Isotopologue_C13-4,0.001607414950858487
MCF002044_009,1,Palmitic acid,Isotopologue_C13-4,0.001574804808382774
MCF002044_007,1,Palmitic acid,Isotopologue_C13-5,2.39376737065992e-5
MCF002044_008,1,Palmitic acid,Isotopologue_C13-5,3.825026133138131e-5
MCF002044_009,1,Palmitic acid,Isotopologue_C13-5,5.486564141262284e-5
MCF002044_007,1,Palmitic acid,Isotopologue_C13-6,-2.09020520432138e-5
MCF002044_008,1,Palmitic acid,Isotopologue_C13-6,-2.231545587397604e-5
MCF002044_009,1,Palmitic acid,Isotopologue_C13-6,-2.405446066591814e-5
MCF002044_007,1,Palmitic acid,Isotopologue_C13-7,1.831967811327075e-6
MCF002044_008,1,Palmitic acid,Isotopologue_C13-7,1.910600181938494e-6
MCF002044_009,1,Palmitic acid,Isotopologue_C13-7,2.010887995101956e-6
MCF002044_007,1,Palmitic acid,Isotopologue_C13-8,-8.646182415127676e-8
MCF002044_008,1,Palmitic acid,Isotopologue_C13-8,-8.938038738431254e-8
MCF002044_009,1,Palmitic acid,Isotopologue_C13-8,-9.320036256547267e-8
MCF002044_007,1,Palmitic acid,Isotopologue_C13-9,2.691682608326637e-9
MCF002044_008,1,Palmitic acid,Isotopologue_C13-9,2.769489591047141e-9
MCF002044_009,1,Palmitic acid,Isotopologue_C13-9,2.873370845501218e-9
MCF002044_007,1,Palmitic acid,Isotopologue_C13-10,-5.985627608073017e-11
MCF002044_008,1,Palmitic acid,Isotopologue_C13-10,-6.140593587220657e-11
MCF002044_009,1,Palmitic acid,Isotopologue_C13-10,-6.350790474240153e-11
MCF002044_007,1,Palmitic acid,Isotopologue_C13-11,9.890030370796003e-13
MCF002044_008,1,Palmitic acid,Isotopologue_C13-11,1.012567651274482e-12
MCF002044_009,1,Palmitic acid,Isotopologue_C13-11,1.044946995659226e-12
MCF002044_007,1,Palmitic acid,Isotopologue_C13-12,-1.238288608245397e-14
MCF002044_008,1,Palmitic acid,Isotopologue_C13-12,-1.265933290593237e-14
MCF002044_009,1,Palmitic acid,Isotopologue_C13-12,-1.304330943271137e-14
MCF002044_007,1,Palmitic acid,Isotopologue_C13-13,1.182961842427302e-16
MCF002044_008,1,Palmitic acid,Isotopologue_C13-13,1.208019418516627e-16
MCF002044_009,1,Palmitic acid,Isotopologue_C13-13,1.243143305417058e-16
MCF002044_007,1,Palmitic acid,Isotopologue_C13-14,-8.590572272844268e-19
MCF002044_008,1,Palmitic acid,Isotopologue_C13-14,-8.764813324598808e-19
MCF002044_009,1,Palmitic acid,Isotopologue_C13-14,-9.01097655054629e-19
MCF002044_007,1,Palmitic acid,Isotopologue_C13-15,4.671274501279257e-21
MCF002044_008,1,Palmitic acid,Isotopologue_C13-15,4.762628804057211e-21
MCF002044_009,1,Palmitic acid,Isotopologue_C13-15,4.89257442707013e-21
MCF002044_007,1,Palmitic acid,Isotopologue_C13-16,-1.844326264626363e-23
MCF002044_008,1,Palmitic acid,Isotopologue_C13-16,-1.87929101887906e-23
MCF002044_009,1,Palmitic acid,Isotopologue_C13-16,-1.929324030805196e-23
MCF002044_007,1,Stearic acid,Isotopologue_C13-0,1.010653035546132
MCF002044_008,1,Stearic acid,Isotopologue_C13-0,1.012264051318119
MCF002044_009,1,Stearic acid,Isotopologue_C13-0,1.009380684035342
MCF002044_007,1,Stearic acid,Isotopologue_C13-1,-0.002268190087229483
MCF002044_008,1,Stearic acid,Isotopologue_C13-1,-0.002605819616629815
MCF002044_009,1,Stearic acid,Isotopologue_C13-1,-0.001583021557118995
MCF002044_007,1,Stearic acid,Isotopologue_C13-2,-0.00963194291778307
MCF002044_008,1,Stearic acid,Isotopologue_C13-2,-0.009933491541457399
MCF002044_009,1,Stearic acid,Isotopologue_C13-2,-0.009367635917850463
MCF002044_007,1,Stearic acid,Isotopologue_C13-3,0.002376599726245704
MCF002044_008,1,Stearic acid,Isotopologue_C13-3,0.001058218208119137
MCF002044_009,1,Stearic acid,Isotopologue_C13-3,0.002834793610634735
MCF002044_007,1,Stearic acid,Isotopologue_C13-4,-0.001223172798497184
MCF002044_008,1,Stearic acid,Isotopologue_C13-4,-8.786570495981476e-4
MCF002044_009,1,Stearic acid,Isotopologue_C13-4,-0.001359029480451901
MCF002044_007,1,Stearic acid,Isotopologue_C13-5,9.283309923992973e-5
MCF002044_008,1,Stearic acid,Isotopologue_C13-5,9.964431913007127e-5
MCF002044_009,1,Stearic acid,Isotopologue_C13-5,9.168221671367903e-5
MCF002044_007,1,Stearic acid,Isotopologue_C13-6,1.355638305771475e-6
MCF002044_008,1,Stearic acid,Isotopologue_C13-6,-3.919783496730266e-6
MCF002044_009,1,Stearic acid,Isotopologue_C13-6,3.225174714310111e-6
MCF002044_007,1,Stearic acid,Isotopologue_C13-7,-5.555635641691941e-7
MCF002044_008,1,Stearic acid,Isotopologue_C13-7,-3.597562015616813e-8
MCF002044_009,1,Stearic acid,Isotopologue_C13-7,-7.455107287512322e-7
MCF002044_007,1,Stearic acid,Isotopologue_C13-8,3.890396825055733e-8
MCF002044_008,1,Stearic acid,Isotopologue_C13-8,1.066433212168818e-8
MCF002044_009,1,Stearic acid,Isotopologue_C13-8,4.934918871085533e-8
MCF002044_007,1,Stearic acid,Isotopologue_C13-9,-1.590974287171678e-9
MCF002044_008,1,Stearic acid,Isotopologue_C13-9,-5.602399134179865e-10
MCF002044_009,1,Stearic acid,Isotopologue_C13-9,-1.974619444583283e-9
MCF002044_007,1,Stearic acid,Isotopologue_C13-10,4.508855658759247e-11
MCF002044_008,1,Stearic acid,Isotopologue_C13-10,1.773204500892594e-11
MCF002044_009,1,Stearic acid,Isotopologue_C13-10,5.53110217946232e-11
MCF002044_007,1,Stearic acid,Isotopologue_C13-11,-9.468189834278856e-13
MCF002044_008,1,Stearic acid,Isotopologue_C13-11,-3.965279687523136e-13
MCF002044_009,1,Stearic acid,Isotopologue_C13-11,-1.153008800766147e-12
MCF002044_007,1,Stearic acid,Isotopologue_C13-12,1.523117844319705e-14
MCF002044_008,1,Stearic acid,Isotopologue_C13-12,6.644368497059653e-15
MCF002044_009,1,Stearic acid,Isotopologue_C13-12,1.845499841947064e-14
MCF002044_007,1,Stearic acid,Isotopologue_C13-13,-1.909381969641e-16
MCF002044_008,1,Stearic acid,Isotopologue_C13-13,-8.571564249270596e-17
MCF002044_009,1,Stearic acid,Isotopologue_C13-13,-2.305029688466551e-16
MCF002044_007,1,Stearic acid,Isotopologue_C13-14,1.878180972979443e-18
MCF002044_008,1,Stearic acid,Isotopologue_C13-14,8.6127703343044735e-19
MCF002044_009,1,Stearic acid,Isotopologue_C13-14,2.261007386246996e-18
MCF002044_007,1,Stearic acid,Isotopologue_C13-15,-1.447906806008521e-20
MCF002044_008,1,Stearic acid,Isotopologue_C13-15,-6.749641770631496e-21
MCF002044_009,1,Stearic acid,Isotopologue_C13-15,-1.739174503769283e-20
MCF002044_007,1,Stearic acid,Isotopologue_C13-16,8.66744465153009e-23
MCF002044_008,1,Stearic acid,Isotopologue_C13-16,4.093649610199733e-23
MCF002044_009,1,Stearic acid,Isotopologue_C13-16,1.039237533913475e-22
MCF002044_007,1,Stearic acid,Isotopologue_C13-17,-3.953135302322718e-25
MCF002044_008,1,Stearic acid,Isotopologue_C13-17,-1.887084659833659e-25
MCF002044_009,1,Stearic acid,Isotopologue_C13-17,-4.732839956424601e-25
MCF002044_007,1,Stearic acid,Isotopologue_C13-18,1.328193283006046e-27
MCF002044_008,1,Stearic acid,Isotopologue_C13-18,6.396723939759021e-28
MCF002044_009,1,Stearic acid,Isotopologue_C13-18,1.588183538456035e-27
MCF002044_007,1,Fructose,Isotopologue_C13-0,0.7376586663773529
MCF002044_008,1,Fructose,Isotopologue_C13-0,0.7407285607234421
MCF002044_009,1,Fructose,Isotopologue_C13-0,0.7349301741848835
MCF002044_007,1,Fructose,Isotopologue_C13-1,-0.004426971111226112
MCF002044_008,1,Fructose,Isotopologue_C13-1,-0.0049744344939140674
MCF002044_009,1,Fructose,Isotopologue_C13-1,-0.002871796969018607
MCF002044_007,1,Fructose,Isotopologue_C13-2,-0.003453052348939747
MCF002044_008,1,Fructose,Isotopologue_C13-2,-0.00239491102151323
MCF002044_009,1,Fructose,Isotopologue_C13-2,-0.01000111944664388
MCF002044_007,1,Fructose,Isotopologue_C13-3,0.001905635707721281
MCF002044_008,1,Fructose,Isotopologue_C13-3,0.003136168312379727
MCF002044_009,1,Fructose,Isotopologue_C13-3,0.008189072679297953
MCF002044_007,1,Fructose,Isotopologue_C13-4,6.369322622957634e-4
MCF002044_008,1,Fructose,Isotopologue_C13-4,-3.314826116037237e-4
MCF002044_009,1,Fructose,Isotopologue_C13-4,-0.002291841210248531
MCF002044_007,1,Fructose,Isotopologue_C13-5,-0.005474203508432278
MCF002044_008,1,Fructose,Isotopologue_C13-5,-0.006633080425620211
MCF002044_009,1,Fructose,Isotopologue_C13-5,-0.007471237487648327
MCF002044_007,1,Fructose,Isotopologue_C13-6,0.2731529926212281
MCF002044_008,1,Fructose,Isotopologue_C13-6,0.2704691795168296
MCF002044_009,1,Fructose,Isotopologue_C13-6,0.2795167482493781
MCF002044_007,1,Glucose,Isotopologue_C13-0,0.01357158305812959
MCF002044_008,1,Glucose,Isotopologue_C13-0,0.01115130933620888
MCF002044_009,1,Glucose,Isotopologue_C13-0,0.01051420993843391
MCF002044_007,1,Glucose,Isotopologue_C13-1,-2.234575315046511e-4
MCF002044_008,1,Glucose,Isotopologue_C13-1,-1.02035268328377e-4
MCF002044_009,1,Glucose,Isotopologue_C13-1,1.123440710592431e-4
MCF002044_007,1,Glucose,Isotopologue_C13-2,-4.254267563765734e-5
MCF002044_008,1,Glucose,Isotopologue_C13-2,-3.494099652818638e-5
MCF002044_009,1,Glucose,Isotopologue_C13-2,-5.862911552193208e-5
MCF002044_007,1,Glucose,Isotopologue_C13-3,4.294093387868839e-4
MCF002044_008,1,Glucose,Isotopologue_C13-3,3.269575155334254e-4
MCF002044_009,1,Glucose,Isotopologue_C13-3,2.616662783090043e-4
MCF002044_007,1,Glucose,Isotopologue_C13-4,4.880835587951596e-4
MCF002044_008,1,Glucose,Isotopologue_C13-4,5.265217223719284e-4
MCF002044_009,1,Glucose,Isotopologue_C13-4,5.713913256368823e-4
MCF002044_007,1,Glucose,Isotopologue_C13-5,-0.01638390622991433
MCF002044_008,1,Glucose,Isotopologue_C13-5,-0.01640204568926011
MCF002044_009,1,Glucose,Isotopologue_C13-5,-0.01688291230406936
MCF002044_007,1,Glucose,Isotopologue_C13-6,1.002160830481345
MCF002044_008,1,Glucose,Isotopologue_C13-6,1.004534233380002
MCF002044_009,1,Glucose,Isotopologue_C13-6,1.005481929806152
MCF002044_007,1,Pentose-phosphate,Isotopologue_C13-0,1.041536537177885
MCF002044_008,1,Pentose-phosphate,Isotopologue_C13-0,1.047663313125403
MCF002044_009,1,Pentose-phosphate,Isotopologue_C13-0,1.043693145707653
MCF002044_007,1,Pentose-phosphate,Isotopologue_C13-1,-0.02440822305570844
MCF002044_008,1,Pentose-phosphate,Isotopologue_C13-1,-0.03220446057494952
MCF002044_009,1,Pentose-phosphate,Isotopologue_C13-1,-0.01746579825818829
MCF002044_007,1,Pentose-phosphate,Isotopologue_C13-2,0.01309227966859175
MCF002044_008,1,Pentose-phosphate,Isotopologue_C13-2,0.01462804910675792
MCF002044_009,1,Pentose-phosphate,Isotopologue_C13-2,0.008081336641756982
MCF002044_007,1,Pentose-phosphate,Isotopologue_C13-3,-0.009085707338472025
MCF002044_008,1,Pentose-phosphate,Isotopologue_C13-3,-0.01322309385163696
MCF002044_009,1,Pentose-phosphate,Isotopologue_C13-3,-0.01318737238923404
MCF002044_007,1,Pentose-phosphate,Isotopologue_C13-4,-0.01831856770982011
MCF002044_008,1,Pentose-phosphate,Isotopologue_C13-4,-0.01407725747642966
MCF002044_009,1,Pentose-phosphate,Isotopologue_C13-4,-0.01942898810491022
MCF002044_007,1,Pentose-phosphate,Isotopologue_C13-5,-0.002816318742476417
MCF002044_008,1,Pentose-phosphate,Isotopologue_C13-5,-0.002786550329144492
MCF002044_009,1,Pentose-phosphate,Isotopologue_C13-5,-0.001692323597077728
MCF002044_007,1,Myo-inositol,Isotopologue_C13-0,1.012362213752837
MCF002044_008,1,Myo-inositol,Isotopologue_C13-0,1.011082892309571
MCF002044_009,1,Myo-inositol,Isotopologue_C13-0,1.010791425955596
MCF002044_007,1,Myo-inositol,Isotopologue_C13-1,-0.009897464444952762
MCF002044_008,1,Myo-inositol,Isotopologue_C13-1,-0.00822930435614897
MCF002044_009,1,Myo-inositol,Isotopologue_C13-1,-0.006737605872706809
MCF002044_007,1,Myo-inositol,Isotopologue_C13-2,-0.005784340747797967
MCF002044_008,1,Myo-inositol,Isotopologue_C13-2,-0.00547856798460928
MCF002044_009,1,Myo-inositol,Isotopologue_C13-2,-0.008026753220044494
MCF002044_007,1,Myo-inositol,Isotopologue_C13-3,0.0014979942542375
MCF002044_008,1,Myo-inositol,Isotopologue_C13-3,-4.587024885007852e-4
MCF002044_009,1,Myo-inositol,Isotopologue_C13-3,6.820011666683052e-4
MCF002044_007,1,Myo-inositol,Isotopologue_C13-4,-3.80377875565983e-4
MCF002044_008,1,Myo-inositol,Isotopologue_C13-4,9.593604509734921e-4
MCF002044_009,1,Myo-inositol,Isotopologue_C13-4,0.001397934470600248
MCF002044_007,1,Myo-inositol,Isotopologue_C13-5,3.691551552832935e-4
MCF002044_008,1,Myo-inositol,Isotopologue_C13-5,6.378011097945672e-4
MCF002044_009,1,Myo-inositol,Isotopologue_C13-5,1.547203617399272e-4
MCF002044_007,1,Myo-inositol,Isotopologue_C13-6,0.001832819905959123
MCF002044_008,1,Myo-inositol,Isotopologue_C13-6,0.001486520958919808
MCF002044_009,1,Myo-inositol,Isotopologue_C13-6,0.001738277138147047
MCF002044_007,1,2-DL-Hydroxybutyric acid,Isotopologue_C13-0,1.191136167339548
MCF002044_008,1,2-DL-Hydroxybutyric acid,Isotopologue_C13-0,1.323005763524617
MCF002044_009,1,2-DL-Hydroxybutyric acid,Isotopologue_C13-0,1.097776910730258
MCF002044_007,1,2-DL-Hydroxybutyric acid,Isotopologue_C13-1,-0.1204649862321159
MCF002044_008,1,2-DL-Hydroxybutyric acid,Isotopologue_C13-1,-0.2804990238068873
MCF002044_009,1,2-DL-Hydroxybutyric acid,Isotopologue_C13-1,-0.00716624859743193
MCF002044_007,1,2-DL-Hydroxybutyric acid,Isotopologue_C13-2,-0.08578973159505363
MCF002044_008,1,2-DL-Hydroxybutyric acid,Isotopologue_C13-2,-0.06577118552849781
MCF002044_009,1,2-DL-Hydroxybutyric acid,Isotopologue_C13-2,-0.09996219161039784
MCF002044_007,1,2-DL-Hydroxybutyric acid,Isotopologue_C13-3,0.01123181356263054
MCF002044_008,1,2-DL-Hydroxybutyric acid,Isotopologue_C13-3,0.02008982201990834
MCF002044_009,1,2-DL-Hydroxybutyric acid,Isotopologue_C13-3,0.004960640308640595
MCF002044_007,1,2-DL-Hydroxybutyric acid,Isotopologue_C13-4,0.003886736924990922
MCF002044_008,1,2-DL-Hydroxybutyric acid,Isotopologue_C13-4,0.003174623790860192
MCF002044_009,1,2-DL-Hydroxybutyric acid,Isotopologue_C13-4,0.004390889168930866
MCF002044_007,1,3-DL-Hydroxybutyric acid,Isotopologue_C13-0,1.004114607323315
MCF002044_008,1,3-DL-Hydroxybutyric acid,Isotopologue_C13-0,0.9987847014135895
MCF002044_009,1,3-DL-Hydroxybutyric acid,Isotopologue_C13-0,1.032243091512109
MCF002044_007,1,3-DL-Hydroxybutyric acid,Isotopologue_C13-1,0.01306425911125479
MCF002044_008,1,3-DL-Hydroxybutyric acid,Isotopologue_C13-1,0.007348820016859432
MCF002044_009,1,3-DL-Hydroxybutyric acid,Isotopologue_C13-1,-0.001608255423349166
MCF002044_007,1,3-DL-Hydroxybutyric acid,Isotopologue_C13-2,-0.02320911811778223
MCF002044_008,1,3-DL-Hydroxybutyric acid,Isotopologue_C13-2,-0.006909487595889295
MCF002044_009,1,3-DL-Hydroxybutyric acid,Isotopologue_C13-2,-0.03216741593881365
MCF002044_007,1,3-DL-Hydroxybutyric acid,Isotopologue_C13-3,-0.01059475507652877
MCF002044_008,1,3-DL-Hydroxybutyric acid,Isotopologue_C13-3,-0.01297377757900764
MCF002044_009,1,3-DL-Hydroxybutyric acid,Isotopologue_C13-3,-0.007662253576997029
MCF002044_007,1,3-DL-Hydroxybutyric acid,Isotopologue_C13-4,0.01662500675974127
MCF002044_008,1,3-DL-Hydroxybutyric acid,Isotopologue_C13-4,0.01374974374444799
MCF002044_009,1,3-DL-Hydroxybutyric acid,Isotopologue_C13-4,0.00919483342705089
MCF002044_007,1,DL-2-Hydroxyglutaric acid,Isotopologue_C13-0,1.0244640370356
MCF002044_008,1,DL-2-Hydroxyglutaric acid,Isotopologue_C13-0,1.048295208443476
MCF002044_009,1,DL-2-Hydroxyglutaric acid,Isotopologue_C13-0,1.025374647986258
MCF002044_007,1,DL-2-Hydroxyglutaric acid,Isotopologue_C13-1,-0.00458199613653005
MCF002044_008,1,DL-2-Hydroxyglutaric acid,Isotopologue_C13-1,-0.02864458467141617
MCF002044_009,1,DL-2-Hydroxyglutaric acid,Isotopologue_C13-1,-0.009122500972519447
MCF002044_007,1,DL-2-Hydroxyglutaric acid,Isotopologue_C13-2,0.006289254588586043
MCF002044_008,1,DL-2-Hydroxyglutaric acid,Isotopologue_C13-2,-0.004002857050579329
MCF002044_009,1,DL-2-Hydroxyglutaric acid,Isotopologue_C13-2,-0.006359154442335354
MCF002044_007,1,DL-2-Hydroxyglutaric acid,Isotopologue_C13-3,-0.02608472632687289
MCF002044_008,1,DL-2-Hydroxyglutaric acid,Isotopologue_C13-3,-0.01333836557750429
MCF002044_009,1,DL-2-Hydroxyglutaric acid,Isotopologue_C13-3,-0.004368879133182644
MCF002044_007,1,DL-2-Hydroxyglutaric acid,Isotopologue_C13-4,-0.001806806371990678
MCF002044_008,1,DL-2-Hydroxyglutaric acid,Isotopologue_C13-4,-0.003206951930572563
MCF002044_009,1,DL-2-Hydroxyglutaric acid,Isotopologue_C13-4,-0.00568572837784697
MCF002044_007,1,DL-2-Hydroxyglutaric acid,Isotopologue_C13-5,0.001720237211207151
MCF002044_008,1,DL-2-Hydroxyglutaric acid,Isotopologue_C13-5,8.975507865958696e-4
MCF002044_009,1,DL-2-Hydroxyglutaric acid,Isotopologue_C13-5,1.616149396263682e-4
MCF002044_007,1,Oxoadipic acid,Isotopologue_C13-0,1.37967612678131
MCF002044_008,1,Oxoadipic acid,Isotopologue_C13-0,0
MCF002044_009,1,Oxoadipic acid,Isotopologue_C13-0,0
MCF002044_007,1,Oxoadipic acid,Isotopologue_C13-1,-0.3437488192890494
MCF002044_008,1,Oxoadipic acid,Isotopologue_C13-1,0
MCF002044_009,1,Oxoadipic acid,Isotopologue_C13-1,0
MCF002044_007,1,Oxoadipic acid,Isotopologue_C13-2,-0.06270447908826621
MCF002044_008,1,Oxoadipic acid,Isotopologue_C13-2,0
MCF002044_009,1,Oxoadipic acid,Isotopologue_C13-2,0
MCF002044_007,1,Oxoadipic acid,Isotopologue_C13-3,0.0246418418824475
MCF002044_008,1,Oxoadipic acid,Isotopologue_C13-3,0
MCF002044_009,1,Oxoadipic acid,Isotopologue_C13-3,0
MCF002044_007,1,Oxoadipic acid,Isotopologue_C13-4,0.00192427296568725
MCF002044_008,1,Oxoadipic acid,Isotopologue_C13-4,0
MCF002044_009,1,Oxoadipic acid,Isotopologue_C13-4,0
MCF002044_007,1,Oxoadipic acid,Isotopologue_C13-5,2.435166214007638e-4
MCF002044_008,1,Oxoadipic acid,Isotopologue_C13-5,0
MCF002044_009,1,Oxoadipic acid,Isotopologue_C13-5,0
MCF002044_007,1,Oxoadipic acid,Isotopologue_C13-6,-3.245987352958461e-5
MCF002044_008,1,Oxoadipic acid,Isotopologue_C13-6,0
MCF002044_009,1,Oxoadipic acid,Isotopologue_C13-6,0
MCF002044_007,1,(S)-a-Acetolactic Acid,Isotopologue_C13-0,0
MCF002044_008,1,(S)-a-Acetolactic Acid,Isotopologue_C13-0,0
MCF002044_009,1,(S)-a-Acetolactic Acid,Isotopologue_C13-0,0
MCF002044_007,1,(S)-a-Acetolactic Acid,Isotopologue_C13-1,0
MCF002044_008,1,(S)-a-Acetolactic Acid,Isotopologue_C13-1,0
MCF002044_009,1,(S)-a-Acetolactic Acid,Isotopologue_C13-1,0
MCF002044_007,1,(S)-a-Acetolactic Acid,Isotopologue_C13-2,0
MCF002044_008,1,(S)-a-Acetolactic Acid,Isotopologue_C13-2,0
MCF002044_009,1,(S)-a-Acetolactic Acid,Isotopologue_C13-2,0
MCF002044_007,1,(S)-a-Acetolactic Acid,Isotopologue_C13-3,0
MCF002044_008,1,(S)-a-Acetolactic Acid,Isotopologue_C13-3,0
MCF002044_009,1,(S)-a-Acetolactic Acid,Isotopologue_C13-3,0
MCF002044_007,1,(S)-a-Acetolactic Acid,Isotopologue_C13-4,0
MCF002044_008,1,(S)-a-Acetolactic Acid,Isotopologue_C13-4,0
MCF002044_009,1,(S)-a-Acetolactic Acid,Isotopologue_C13-4,0
MCF002044_007,1,(S)-a-Acetolactic Acid,Isotopologue_C13-5,0
MCF002044_008,1,(S)-a-Acetolactic Acid,Isotopologue_C13-5,0
MCF002044_009,1,(S)-a-Acetolactic Acid,Isotopologue_C13-5,0
MCF002044_007,1,"2,3-dihydroxyisovalerate",Isotopologue_C13-0,0
MCF002044_008,1,"2,3-dihydroxyisovalerate",Isotopologue_C13-0,0
MCF002044_009,1,"2,3-dihydroxyisovalerate",Isotopologue_C13-0,0
MCF002044_007,1,"2,3-dihydroxyisovalerate",Isotopologue_C13-1,0
MCF002044_008,1,"2,3-dihydroxyisovalerate",Isotopologue_C13-1,0
MCF002044_009,1,"2,3-dihydroxyisovalerate",Isotopologue_C13-1,0
MCF002044_007,1,"2,3-dihydroxyisovalerate",Isotopologue_C13-2,0
MCF002044_008,1,"2,3-dihydroxyisovalerate",Isotopologue_C13-2,0
MCF002044_009,1,"2,3-dihydroxyisovalerate",Isotopologue_C13-2,0
MCF002044_007,1,"2,3-dihydroxyisovalerate",Isotopologue_C13-3,0
MCF002044_008,1,"2,3-dihydroxyisovalerate",Isotopologue_C13-3,0
MCF002044_009,1,"2,3-dihydroxyisovalerate",Isotopologue_C13-3,0
MCF002044_007,1,"2,3-dihydroxyisovalerate",Isotopologue_C13-4,0
MCF002044_008,1,"2,3-dihydroxyisovalerate",Isotopologue_C13-4,0
MCF002044_009,1,"2,3-dihydroxyisovalerate",Isotopologue_C13-4,0
MCF002044_007,1,"2,3-dihydroxyisovalerate",Isotopologue_C13-5,0
MCF002044_008,1,"2,3-dihydroxyisovalerate",Isotopologue_C13-5,0
MCF002044_009,1,"2,3-dihydroxyisovalerate",Isotopologue_C13-5,0
MCF002044_007,1,2-isopropylmalic acid,Isotopologue_C13-0,0
MCF002044_008,1,2-isopropylmalic acid,Isotopologue_C13-0,0
MCF002044_009,1,2-isopropylmalic acid,Isotopologue_C13-0,0
MCF002044_007,1,2-isopropylmalic acid,Isotopologue_C13-1,0
MCF002044_008,1,2-isopropylmalic acid,Isotopologue_C13-1,0
MCF002044_009,1,2-isopropylmalic acid,Isotopologue_C13-1,0
MCF002044_007,1,2-isopropylmalic acid,Isotopologue_C13-2,0
MCF002044_008,1,2-isopropylmalic acid,Isotopologue_C13-2,0
MCF002044_009,1,2-isopropylmalic acid,Isotopologue_C13-2,0
MCF002044_007,1,2-isopropylmalic acid,Isotopologue_C13-3,0
MCF002044_008,1,2-isopropylmalic acid,Isotopologue_C13-3,0
MCF002044_009,1,2-isopropylmalic acid,Isotopologue_C13-3,0
MCF002044_007,1,2-isopropylmalic acid,Isotopologue_C13-4,0
MCF002044_008,1,2-isopropylmalic acid,Isotopologue_C13-4,0
MCF002044_009,1,2-isopropylmalic acid,Isotopologue_C13-4,0
MCF002044_007,1,2-isopropylmalic acid,Isotopologue_C13-5,0
MCF002044_008,1,2-isopropylmalic acid,Isotopologue_C13-5,0
MCF002044_009,1,2-isopropylmalic acid,Isotopologue_C13-5,0
MCF002044_007,1,2-isopropylmalic acid,Isotopologue_C13-6,0
MCF002044_008,1,2-isopropylmalic acid,Isotopologue_C13-6,0
MCF002044_009,1,2-isopropylmalic acid,Isotopologue_C13-6,0
MCF002044_007,1,2-isopropylmalic acid,Isotopologue_C13-7,0
MCF002044_008,1,2-isopropylmalic acid,Isotopologue_C13-7,0
MCF002044_009,1,2-isopropylmalic acid,Isotopologue_C13-7,0
MCF002044_007,1,a-Ketobutyric acid,Isotopologue_C13-0,0
MCF002044_008,1,a-Ketobutyric acid,Isotopologue_C13-0,0
MCF002044_009,1,a-Ketobutyric acid,Isotopologue_C13-0,1.198734788942558
MCF002044_007,1,a-Ketobutyric acid,Isotopologue_C13-1,0
MCF002044_008,1,a-Ketobutyric acid,Isotopologue_C13-1,0
MCF002044_009,1,a-Ketobutyric acid,Isotopologue_C13-1,-0.1716601884842778
MCF002044_007,1,a-Ketobutyric acid,Isotopologue_C13-2,0
MCF002044_008,1,a-Ketobutyric acid,Isotopologue_C13-2,0
MCF002044_009,1,a-Ketobutyric acid,Isotopologue_C13-2,-0.03504995215840015
MCF002044_007,1,a-Ketobutyric acid,Isotopologue_C13-3,0
MCF002044_008,1,a-Ketobutyric acid,Isotopologue_C13-3,0
MCF002044_009,1,a-Ketobutyric acid,Isotopologue_C13-3,0.007046017739532069
MCF002044_007,1,a-Ketobutyric acid,Isotopologue_C13-4,0
MCF002044_008,1,a-Ketobutyric acid,Isotopologue_C13-4,0
MCF002044_009,1,a-Ketobutyric acid,Isotopologue_C13-4,9.293339605879332e-4
MCF002044_007,1,Fucose,Isotopologue_C13-0,1.046668312583625
MCF002044_008,1,Fucose,Isotopologue_C13-0,1.104897665978736
MCF002044_009,1,Fucose,Isotopologue_C13-0,1.105713183428256
MCF002044_007,1,Fucose,Isotopologue_C13-1,0.01017803965611087
MCF002044_008,1,Fucose,Isotopologue_C13-1,-0.06205483209382113
MCF002044_009,1,Fucose,Isotopologue_C13-1,-0.04967409945262496
MCF002044_007,1,Fucose,Isotopologue_C13-2,-0.03754618462513873
MCF002044_008,1,Fucose,Isotopologue_C13-2,-0.01037379849929628
MCF002044_009,1,Fucose,Isotopologue_C13-2,-0.01165649222342544
MCF002044_007,1,Fucose,Isotopologue_C13-3,-0.01419425233033164
MCF002044_008,1,Fucose,Isotopologue_C13-3,-0.03342859041380674
MCF002044_009,1,Fucose,Isotopologue_C13-3,-0.0538413637286522
MCF002044_007,1,Fucose,Isotopologue_C13-4,-0.005905848296993074
MCF002044_008,1,Fucose,Isotopologue_C13-4,-0.001230300788399476
MCF002044_009,1,Fucose,Isotopologue_C13-4,0.005895634490695361
MCF002044_007,1,Fucose,Isotopologue_C13-5,0.001169238265576286
MCF002044_008,1,Fucose,Isotopologue_C13-5,0.002932629411911998
MCF002044_009,1,Fucose,Isotopologue_C13-5,0.004648966008968458
MCF002044_007,1,Fucose,Isotopologue_C13-6,-3.693052528489583e-4
MCF002044_008,1,Fucose,Isotopologue_C13-6,-7.427735953242023e-4
MCF002044_009,1,Fucose,Isotopologue_C13-6,-0.001085828523216938
MCF002044_007,1,Galacturonic acid,Isotopologue_C13-0,0
MCF002044_008,1,Galacturonic acid,Isotopologue_C13-0,0
MCF002044_009,1,Galacturonic acid,Isotopologue_C13-0,0
MCF002044_007,1,Galacturonic acid,Isotopologue_C13-1,0
MCF002044_008,1,Galacturonic acid,Isotopologue_C13-1,0
MCF002044_009,1,Galacturonic acid,Isotopologue_C13-1,0
MCF002044_007,1,Galacturonic acid,Isotopologue_C13-2,0
MCF002044_008,1,Galacturonic acid,Isotopologue_C13-2,0
MCF002044_009,1,Galacturonic acid,Isotopologue_C13-2,0
MCF002044_007,1,Galacturonic acid,Isotopologue_C13-3,0
MCF002044_008,1,Galacturonic acid,Isotopologue_C13-3,0
MCF002044_009,1,Galacturonic acid,Isotopologue_C13-3,0
MCF002044_007,1,Galacturonic acid,Isotopologue_C13-4,0
MCF002044_008,1,Galacturonic acid,Isotopologue_C13-4,0
MCF002044_009,1,Galacturonic acid,Isotopologue_C13-4,0
MCF002044_007,1,Galacturonic acid,Isotopologue_C13-5,0
MCF002044_008,1,Galacturonic acid,Isotopologue_C13-5,0
MCF002044_009,1,Galacturonic acid,Isotopologue_C13-5,0
MCF002044_007,1,Galacturonic acid,Isotopologue_C13-6,0
MCF002044_008,1,Galacturonic acid,Isotopologue_C13-6,0
MCF002044_009,1,Galacturonic acid,Isotopologue_C13-6,0
MCF002044_007,1,Glucuronic acid,Isotopologue_C13-0,1.015935170040751
MCF002044_008,1,Glucuronic acid,Isotopologue_C13-0,1.022248785682201
MCF002044_009,1,Glucuronic acid,Isotopologue_C13-0,1.012692442470726
MCF002044_007,1,Glucuronic acid,Isotopologue_C13-1,-0.006249501246966935
MCF002044_008,1,Glucuronic acid,Isotopologue_C13-1,-0.01877337525559102
MCF002044_009,1,Glucuronic acid,Isotopologue_C13-1,-0.005167377377535068
MCF002044_007,1,Glucuronic acid,Isotopologue_C13-2,-0.004737364599626943
MCF002044_008,1,Glucuronic acid,Isotopologue_C13-2,-0.009134045801432733
MCF002044_009,1,Glucuronic acid,Isotopologue_C13-2,2.582348037513385e-4
MCF002044_007,1,Glucuronic acid,Isotopologue_C13-3,-0.002001023674075075
MCF002044_008,1,Glucuronic acid,Isotopologue_C13-3,0.002671185835959723
MCF002044_009,1,Glucuronic acid,Isotopologue_C13-3,-0.0020203548970732
MCF002044_007,1,Glucuronic acid,Isotopologue_C13-4,-0.002663299146194364
MCF002044_008,1,Glucuronic acid,Isotopologue_C13-4,-0.00203788338663876
MCF002044_009,1,Glucuronic acid,Isotopologue_C13-4,-0.004978973585454451
MCF002044_007,1,Glucuronic acid,Isotopologue_C13-5,-6.428987427949041e-4
MCF002044_008,1,Glucuronic acid,Isotopologue_C13-5,0.001956552869290378
MCF002044_009,1,Glucuronic acid,Isotopologue_C13-5,-0.006495929817887436
MCF002044_007,1,Glucuronic acid,Isotopologue_C13-6,3.589173689069639e-4
MCF002044_008,1,Glucuronic acid,Isotopologue_C13-6,0.003068780056211686
MCF002044_009,1,Glucuronic acid,Isotopologue_C13-6,0.005711958403473051
MCF002044_007,1,Mannitol,Isotopologue_C13-0,1.824890088052747
MCF002044_008,1,Mannitol,Isotopologue_C13-0,2.148789881016896
MCF002044_009,1,Mannitol,Isotopologue_C13-0,1.410484970863659
MCF002044_007,1,Mannitol,Isotopologue_C13-1,-0.7342361712835749
MCF002044_008,1,Mannitol,Isotopologue_C13-1,-1.222749325071121
MCF002044_009,1,Mannitol,Isotopologue_C13-1,-0.10922079572219941
MCF002044_007,1,Mannitol,Isotopologue_C13-2,-0.2575528342462118
MCF002044_008,1,Mannitol,Isotopologue_C13-2,-0.1033415756401503
MCF002044_009,1,Mannitol,Isotopologue_C13-2,-0.4548543950458982
MCF002044_007,1,Mannitol,Isotopologue_C13-3,0.1517165352134346
MCF002044_008,1,Mannitol,Isotopologue_C13-3,0.1990895424757991
MCF002044_009,1,Mannitol,Isotopologue_C13-3,0.09110638030563988
MCF002044_007,1,Mannitol,Isotopologue_C13-4,0.01589316723254472
MCF002044_008,1,Mannitol,Isotopologue_C13-4,-0.01423017669669939
MCF002044_009,1,Mannitol,Isotopologue_C13-4,0.05443369162401093
MCF002044_007,1,Mannitol,Isotopologue_C13-5,-0.004418135330958152
MCF002044_008,1,Mannitol,Isotopologue_C13-5,-0.009774107310887074
MCF002044_009,1,Mannitol,Isotopologue_C13-5,0.002434422911490599
MCF002044_007,1,Mannitol,Isotopologue_C13-6,0.003707350362017955
MCF002044_008,1,Mannitol,Isotopologue_C13-6,0.002215761226161847
MCF002044_009,1,Mannitol,Isotopologue_C13-6,0.00561572506329737
MCF002044_007,1,Sorbitol,Isotopologue_C13-0,1.001329274275379
MCF002044_008,1,Sorbitol,Isotopologue_C13-0,1.003765577225678
MCF002044_009,1,Sorbitol,Isotopologue_C13-0,1.001072232380771
MCF002044_007,1,Sorbitol,Isotopologue_C13-1,-0.01056832440027169
MCF002044_008,1,Sorbitol,Isotopologue_C13-1,-0.003868825881875255
MCF002044_009,1,Sorbitol,Isotopologue_C13-1,-0.002798039158850109
MCF002044_007,1,Sorbitol,Isotopologue_C13-2,0.003059521393232769
MCF002044_008,1,Sorbitol,Isotopologue_C13-2,-0.01129113263265343
MCF002044_009,1,Sorbitol,Isotopologue_C13-2,-0.009360692821691888
MCF002044_007,1,Sorbitol,Isotopologue_C13-3,-2.139584912923125e-5
MCF002044_008,1,Sorbitol,Isotopologue_C13-3,0.00144201918875043
MCF002044_009,1,Sorbitol,Isotopologue_C13-3,0.007563341005688003
MCF002044_007,1,Sorbitol,Isotopologue_C13-4,-0.001642822860564376
MCF002044_008,1,Sorbitol,Isotopologue_C13-4,-0.00161534990442287
MCF002044_009,1,Sorbitol,Isotopologue_C13-4,-0.006575159826483157
MCF002044_007,1,Sorbitol,Isotopologue_C13-5,-0.00215374938569439
MCF002044_008,1,Sorbitol,Isotopologue_C13-5,-7.524135215804057e-4
MCF002044_009,1,Sorbitol,Isotopologue_C13-5,-0.003412860778887612
MCF002044_007,1,Sorbitol,Isotopologue_C13-6,0.009997496827048181
MCF002044_008,1,Sorbitol,Isotopologue_C13-6,0.01232012552610329
MCF002044_009,1,Sorbitol,Isotopologue_C13-6,0.01351117919945425
