"","compound","datatype","cohort","P","average"
"1","(2 and/or 3-)Phosphoglyceric acid","FracCont","0.5",0.0495346134356268,0.0928588810517266
"2","(2 and/or 3-)Phosphoglyceric acid","FracCont","1",0.0495346134356268,0.126049033120188
"3","(2 and/or 3-)Phosphoglyceric acid","Isotopologue_C13-0","0.5",0.0495346134356268,0.916336253032517
"4","(2 and/or 3-)Phosphoglyceric acid","Isotopologue_C13-0","1",0.0495346134356268,0.885940021798865
"5","(2 and/or 3-)Phosphoglyceric acid","Isotopologue_C13-1","0.5",0.0495346134356268,-0.0045365900311327
"6","(2 and/or 3-)Phosphoglyceric acid","Isotopologue_C13-1","1",0.827259346562712,-0.00549015117411803
"7","(2 and/or 3-)Phosphoglyceric acid","Isotopologue_C13-2","0.5",0.827259346562712,-0.00465854405311061
"8","(2 and/or 3-)Phosphoglyceric acid","Isotopologue_C13-2","1",0.512690760261924,-0.00619242028532418
"9","(2 and/or 3-)Phosphoglyceric acid","Isotopologue_C13-3","0.5",0.0495346134356268,0.0928588810517266
"10","(2 and/or 3-)Phosphoglyceric acid","Isotopologue_C13-3","1",0.0495346134356268,0.125742549660577
"11","13C5-D5-15N Glutamic acid","FracCont","0.5",1,0
"12","13C5-D5-15N Glutamic acid","FracCont","1",1,0
"13","2-DL-Hydroxybutyric acid","FracCont","0.5",0.353678517318464,0.0169798766372083
"14","2-DL-Hydroxybutyric acid","FracCont","1",0.824778095082514,0.0128879856010555
"15","2-DL-Hydroxybutyric acid","Isotopologue_C13-0","0.5",0.642834826490805,1.23743494680189
"16","2-DL-Hydroxybutyric acid","Isotopologue_C13-0","1",0.657905019428483,1.20397294719814
"17","2-DL-Hydroxybutyric acid","Isotopologue_C13-1","0.5",0.353678517318464,-0.176652165282421
"18","2-DL-Hydroxybutyric acid","Isotopologue_C13-1","1",0.506555169049041,-0.136043419545478
"19","2-DL-Hydroxybutyric acid","Isotopologue_C13-2","0.5",0.816639414940749,-0.0787613165827608
"20","2-DL-Hydroxybutyric acid","Isotopologue_C13-2","1",0.657905019428483,-0.0838410362446498
"21","2-DL-Hydroxybutyric acid","Isotopologue_C13-3","0.5",0.164159728478515,0.01434181762652
"22","2-DL-Hydroxybutyric acid","Isotopologue_C13-3","1",0.268285883677117,0.0120940919637265
"23","2-DL-Hydroxybutyric acid","Isotopologue_C13-4","0.5",1,0.00363671743677559
"24","2-DL-Hydroxybutyric acid","Isotopologue_C13-4","1",0.657905019428483,0.00381741662826066
"25","2-Phosphoglyceric acid","FracCont","0.5",0.0495346134356268,0.0790433523891137
"26","2-Phosphoglyceric acid","FracCont","1",0.0495346134356268,0.122015140444269
"27","2-Phosphoglyceric acid","Isotopologue_C13-0","0.5",0.0495346134356268,0.974145542051878
"28","2-Phosphoglyceric acid","Isotopologue_C13-0","1",0.0495346134356268,0.949605307352232
"29","2-Phosphoglyceric acid","Isotopologue_C13-1","0.5",0.126630457947616,-0.0145855260290973
"30","2-Phosphoglyceric acid","Isotopologue_C13-1","1",0.126630457947616,-0.0411931727936633
"31","2-Phosphoglyceric acid","Isotopologue_C13-2","0.5",0.827259346562712,-0.037013123146055
"32","2-Phosphoglyceric acid","Isotopologue_C13-2","1",0.512690760261924,-0.0267029236402001
"33","2-Phosphoglyceric acid","Isotopologue_C13-3","0.5",0.0495346134356268,0.0774531071232746
"34","2-Phosphoglyceric acid","Isotopologue_C13-3","1",0.0495346134356268,0.118290789081631
"35","3-DL-Hydroxybutyric acid","FracCont","0.5",0.0495346134356268,0.0145663368989108
"36","3-DL-Hydroxybutyric acid","FracCont","1",0.126630457947616,0.0148909512377562
"37","3-DL-Hydroxybutyric acid","Isotopologue_C13-0","0.5",0.0495346134356268,1.07459666112237
"38","3-DL-Hydroxybutyric acid","Isotopologue_C13-0","1",0.0495346134356268,1.01171413341634
"39","3-DL-Hydroxybutyric acid","Isotopologue_C13-1","0.5",0.0495346134356268,0.0168109214462379
"40","3-DL-Hydroxybutyric acid","Isotopologue_C13-1","1",0.827259346562712,0.00626827456825502
"41","3-DL-Hydroxybutyric acid","Isotopologue_C13-2","0.5",0.126630457947616,-0.10264334935145
"42","3-DL-Hydroxybutyric acid","Isotopologue_C13-2","1",0.0495346134356268,-0.0207620072174951
"43","3-DL-Hydroxybutyric acid","Isotopologue_C13-3","0.5",0.0495346134356268,0.00348864098197008
"44","3-DL-Hydroxybutyric acid","Isotopologue_C13-3","1",0.0495346134356268,-0.0104102620775111
"45","3-DL-Hydroxybutyric acid","Isotopologue_C13-4","0.5",0.0495346134356268,0.00774712580087378
"46","3-DL-Hydroxybutyric acid","Isotopologue_C13-4","1",0.0495346134356268,0.0131898613104134
"47","Citric acid","FracCont","0.5",0.0495346134356268,0.0204074590882948
"48","Citric acid","FracCont","1",0.0495346134356268,0.0238104628747756
"49","Citric acid","Isotopologue_C13-0","0.5",0.0495346134356268,0.94927331777301
"50","Citric acid","Isotopologue_C13-0","1",0.0495346134356268,0.944809125396473
"51","Citric acid","Isotopologue_C13-1","0.5",0.827259346562712,-0.00396990309695007
"52","Citric acid","Isotopologue_C13-1","1",0.827259346562712,-0.00320178011788511
"53","Citric acid","Isotopologue_C13-2","0.5",0.0495346134356268,0.0487345539289953
"54","Citric acid","Isotopologue_C13-2","1",0.0495346134356268,0.0515712058286979
"55","Citric acid","Isotopologue_C13-3","0.5",0.0495346134356268,0.00571747051598991
"56","Citric acid","Isotopologue_C13-3","1",0.0495346134356268,0.0113814576298764
"57","Citric acid","Isotopologue_C13-4","0.5",0.512690760261924,0.00023892414112678
"58","Citric acid","Isotopologue_C13-4","1",0.827259346562712,-0.00136830076049104
"59","Citric acid","Isotopologue_C13-5","0.5",0.0495346134356268,0.00093073168829061
"60","Citric acid","Isotopologue_C13-5","1",0.512690760261924,-0.00277989994145389
"61","Citric acid","Isotopologue_C13-6","0.5",0.0495346134356268,-0.000925094950462609
"62","Citric acid","Isotopologue_C13-6","1",0.512690760261924,-0.000411808035217642
"63","D-Glyceraldehyde 3-phosphate","FracCont","0.5",0.0495346134356268,0.0776158285695642
"64","D-Glyceraldehyde 3-phosphate","FracCont","1",0.0495346134356268,0.0917043739919349
"65","D-Glyceraldehyde 3-phosphate","Isotopologue_C13-0","0.5",0.0495346134356268,0.970243994424139
"66","D-Glyceraldehyde 3-phosphate","Isotopologue_C13-0","1",0.0495346134356268,0.967279148490954
"67","D-Glyceraldehyde 3-phosphate","Isotopologue_C13-1","0.5",0.126630457947616,-0.0326870244077049
"68","D-Glyceraldehyde 3-phosphate","Isotopologue_C13-1","1",0.126630457947616,-0.0360679134109438
"69","D-Glyceraldehyde 3-phosphate","Isotopologue_C13-2","0.5",0.0495346134356268,-0.0120364503459295
"70","D-Glyceraldehyde 3-phosphate","Isotopologue_C13-2","1",0.0495346134356268,-0.0193699362168247
"71","D-Glyceraldehyde 3-phosphate","Isotopologue_C13-3","0.5",0.0495346134356268,0.0744794803294952
"72","D-Glyceraldehyde 3-phosphate","Isotopologue_C13-3","1",0.0495346134356268,0.088158701136815
"73","D7-Glucose","FracCont","0.5",1,0
"74","D7-Glucose","FracCont","1",1,0
"75","DL-2-Hydroxyglutaric acid","FracCont","0.5",0.827259346562712,0.00165667842380026
"76","DL-2-Hydroxyglutaric acid","FracCont","1",0.827259346562712,0.00176503492428794
"77","DL-2-Hydroxyglutaric acid","Isotopologue_C13-0","0.5",0.827259346562712,1.02498950647044
"78","DL-2-Hydroxyglutaric acid","Isotopologue_C13-0","1",0.275233524074834,1.03271129782178
"79","DL-2-Hydroxyglutaric acid","Isotopologue_C13-1","0.5",0.512690760261924,-0.00271579894448816
"80","DL-2-Hydroxyglutaric acid","Isotopologue_C13-1","1",0.0495346134356268,-0.0141163605934886
"81","DL-2-Hydroxyglutaric acid","Isotopologue_C13-2","0.5",0.827259346562712,-0.00899215753281619
"82","DL-2-Hydroxyglutaric acid","Isotopologue_C13-2","1",0.827259346562712,-0.00135758563477621
"83","DL-2-Hydroxyglutaric acid","Isotopologue_C13-3","0.5",0.126630457947616,-0.00983059292615409
"84","DL-2-Hydroxyglutaric acid","Isotopologue_C13-3","1",0.827259346562712,-0.0145973236791866
"85","DL-2-Hydroxyglutaric acid","Isotopologue_C13-4","0.5",0.275233524074834,-0.00402834922667055
"86","DL-2-Hydroxyglutaric acid","Isotopologue_C13-4","1",0.512690760261924,-0.00356649556013674
"87","DL-2-Hydroxyglutaric acid","Isotopologue_C13-5","0.5",0.275233524074834,0.000577392159687012
"88","DL-2-Hydroxyglutaric acid","Isotopologue_C13-5","1",0.827259346562712,0.000926467645809796
"89","Dihydroxyacetone phosphate","FracCont","0.5",0.0495346134356268,0.108522907539154
"90","Dihydroxyacetone phosphate","FracCont","1",0.0495346134356268,0.0976681948775237
"91","Dihydroxyacetone phosphate","Isotopologue_C13-0","0.5",0.0495346134356268,0.91581306878061
"92","Dihydroxyacetone phosphate","Isotopologue_C13-0","1",0.0495346134356268,0.913492034453182
"93","Dihydroxyacetone phosphate","Isotopologue_C13-1","0.5",0.0495346134356268,-0.0152307971403528
"94","Dihydroxyacetone phosphate","Isotopologue_C13-1","1",0.0495346134356268,-0.00244857841292493
"95","Dihydroxyacetone phosphate","Isotopologue_C13-2","0.5",0.512690760261924,-0.00910517917941098
"96","Dihydroxyacetone phosphate","Isotopologue_C13-2","1",0.827259346562712,-0.00845840844690303
"97","Dihydroxyacetone phosphate","Isotopologue_C13-3","0.5",0.0495346134356268,0.108522907539154
"98","Dihydroxyacetone phosphate","Isotopologue_C13-3","1",0.0495346134356268,0.0974149524066463
"99","Fructose","FracCont","0.5",0.126630457947616,0.288903141033694
"100","Fructose","FracCont","1",0.512690760261924,0.276726326748444
"101","Fructose","Isotopologue_C13-0","0.5",0.0495346134356268,0.722800813898348
"102","Fructose","Isotopologue_C13-0","1",0.512690760261924,0.737772467095226
"103","Fructose","Isotopologue_C13-1","0.5",0.275233524074834,0.00111103135260889
"104","Fructose","Isotopologue_C13-1","1",0.275233524074834,-0.0040910675247196
"105","Fructose","Isotopologue_C13-2","0.5",0.512690760261924,-0.00423243959950907
"106","Fructose","Isotopologue_C13-2","1",0.512690760261924,-0.00528302760569895
"107","Fructose","Isotopologue_C13-3","0.5",0.0495346134356268,-0.00165931890513237
"108","Fructose","Isotopologue_C13-3","1",0.126630457947616,0.00441029223313299
"109","Fructose","Isotopologue_C13-4","0.5",0.126630457947616,-6.81213306672093e-05
"110","Fructose","Isotopologue_C13-4","1",0.275233524074834,-0.000662130519852164
"111","Fructose","Isotopologue_C13-5","0.5",0.827259346562712,-0.00634896242573923
"112","Fructose","Isotopologue_C13-5","1",0.827259346562712,-0.00652617380723361
"113","Fructose","Isotopologue_C13-6","0.5",0.126630457947616,0.288396997010091
"114","Fructose","Isotopologue_C13-6","1",0.827259346562712,0.274379640129145
"115","Fucose","FracCont","0.5",0.827259346562712,0.0109857918312735
"116","Fucose","FracCont","1",0.512690760261924,0.00430637478062089
"117","Fucose","Isotopologue_C13-0","0.5",0.0495346134356268,1.09582581777875
"118","Fucose","Isotopologue_C13-0","1",0.0495346134356268,1.08575972066354
"119","Fucose","Isotopologue_C13-1","0.5",0.0495346134356268,-0.0448229786032185
"120","Fucose","Isotopologue_C13-1","1",0.0495346134356268,-0.0338502972967784
"121","Fucose","Isotopologue_C13-2","0.5",0.827259346562712,-0.00199608917274038
"122","Fucose","Isotopologue_C13-2","1",0.512690760261924,-0.0198588251159535
"123","Fucose","Isotopologue_C13-3","0.5",0.275233524074834,-0.0580275945837614
"124","Fucose","Isotopologue_C13-3","1",0.512690760261924,-0.0338214021575969
"125","Fucose","Isotopologue_C13-4","0.5",0.827259346562712,0.00531397372938998
"126","Fucose","Isotopologue_C13-4","1",0.827259346562712,-0.000413504864899063
"127","Fucose","Isotopologue_C13-5","0.5",0.275233524074834,0.00488733404401442
"128","Fucose","Isotopologue_C13-5","1",0.512690760261924,0.00291694456215225
"129","Fucose","Isotopologue_C13-6","0.5",0.275233524074834,-0.00118046319243116
"130","Fucose","Isotopologue_C13-6","1",0.512690760261924,-0.000732635790463366
"131","Fumaric acid","FracCont","0.5",0.0495346134356268,0.0126830868019235
"132","Fumaric acid","FracCont","1",0.0495346134356268,0.012798191186374
"133","Fumaric acid","Isotopologue_C13-0","0.5",0.827259346562712,1.0961652461899
"134","Fumaric acid","Isotopologue_C13-0","1",0.827259346562712,1.09527155180052
"135","Fumaric acid","Isotopologue_C13-1","0.5",0.512690760261924,-0.0082377563189063
"136","Fumaric acid","Isotopologue_C13-1","1",0.827259346562712,-0.0070786657627288
"137","Fumaric acid","Isotopologue_C13-2","0.5",0.512690760261924,-0.101818004455847
"138","Fumaric acid","Isotopologue_C13-2","1",0.512690760261924,-0.101966760688818
"139","Fumaric acid","Isotopologue_C13-3","0.5",0.827259346562712,0.00482971113171058
"140","Fumaric acid","Isotopologue_C13-3","1",0.827259346562712,0.00476609086756426
"141","Fumaric acid","Isotopologue_C13-4","0.5",0.0495346134356268,0.00906080345314059
"142","Fumaric acid","Isotopologue_C13-4","1",0.0495346134356268,0.00900778378345893
"143","Galacturonic acid","FracCont","0.5",0,1.08356898899106
"144","Galacturonic acid","Isotopologue_C13-0","0.5",0,-1.2877004973915e-10
"145","Galacturonic acid","Isotopologue_C13-1","0.5",0.317310507862914,6.44086413480328e-08
"146","Galacturonic acid","Isotopologue_C13-2","0.5",1,-1.28888132131439e-05
"147","Galacturonic acid","Isotopologue_C13-3","0.5",1,0.00129006214523728
"148","Galacturonic acid","Isotopologue_C13-4","0.5",NA,-0.0646211896541531
"149","Galacturonic acid","Isotopologue_C13-5","0.5",0,1.29950873662041
"150","Galacturonic acid","Isotopologue_C13-6","0.5",0,-0.236164784578148
"151","Glucose","FracCont","0.5",0.0495346134356268,1.00659157285692
"152","Glucose","FracCont","1",0.0495346134356268,1.00458735510562
"153","Glucose","Isotopologue_C13-0","0.5",0.0495346134356268,0.00994728336066532
"154","Glucose","Isotopologue_C13-0","1",0.0495346134356268,0.0117457007775908
"155","Glucose","Isotopologue_C13-1","0.5",0.275233524074834,-1.6158389526048e-05
"156","Glucose","Isotopologue_C13-1","1",0.275233524074834,-7.10495762579283e-05
"157","Glucose","Isotopologue_C13-2","0.5",0.512690760261924,-4.80585075244702e-05
"158","Glucose","Isotopologue_C13-2","1",0.275233524074834,-4.53709292292586e-05
"159","Glucose","Isotopologue_C13-3","0.5",0.0495346134356268,6.13222639948586e-05
"160","Glucose","Isotopologue_C13-3","1",0.0495346134356268,0.000339344377543105
"161","Glucose","Isotopologue_C13-4","0.5",0.512690760261924,0.000535144132663125
"162","Glucose","Isotopologue_C13-4","1",0.512690760261924,0.000528665535601323
"163","Glucose","Isotopologue_C13-5","0.5",0.512690760261924,-0.0166709048895429
"164","Glucose","Isotopologue_C13-5","1",0.512690760261924,-0.0165562880744146
"165","Glucose","Isotopologue_C13-6","0.5",0.0495346134356268,1.00619137202927
"166","Glucose","Isotopologue_C13-6","1",0.0495346134356268,1.00405899788917
"167","Glucuronic acid","FracCont","0.5",0.512690760261924,0.00633610699014753
"168","Glucuronic acid","FracCont","1",0.275233524074834,0.00406392924629911
"169","Glucuronic acid","Isotopologue_C13-0","0.5",0.0495346134356268,1.01522970255776
"170","Glucuronic acid","Isotopologue_C13-0","1",0.0495346134356268,1.01695879939789
"171","Glucuronic acid","Isotopologue_C13-1","0.5",0.0495346134356268,-0.00813082602635754
"172","Glucuronic acid","Isotopologue_C13-1","1",0.0495346134356268,-0.010063417960031
"173","Glucuronic acid","Isotopologue_C13-2","0.5",0.275233524074834,-0.00612629900282511
"174","Glucuronic acid","Isotopologue_C13-2","1",0.126630457947616,-0.00453772519910278
"175","Glucuronic acid","Isotopologue_C13-3","0.5",0.0495346134356268,0.00170216387088197
"176","Glucuronic acid","Isotopologue_C13-3","1",0.0495346134356268,-0.000450064245062851
"177","Glucuronic acid","Isotopologue_C13-4","0.5",0.0495346134356268,-0.00349551672746977
"178","Glucuronic acid","Isotopologue_C13-4","1",0.0495346134356268,-0.00322671870609586
"179","Glucuronic acid","Isotopologue_C13-5","0.5",0.0495346134356268,-0.00466424972669142
"180","Glucuronic acid","Isotopologue_C13-5","1",0.827259346562712,-0.00172742523046399
"181","Glucuronic acid","Isotopologue_C13-6","0.5",0.512690760261924,0.00548502505470655
"182","Glucuronic acid","Isotopologue_C13-6","1",0.512690760261924,0.0030465519428639
"183","Glycerol 3-phosphate","FracCont","0.5",0.275233524074834,0.0119467295131441
"184","Glycerol 3-phosphate","FracCont","1",0.827259346562712,0.00813894673929035
"185","Glycerol 3-phosphate","Isotopologue_C13-0","0.5",0.0495346134356268,1.02407425589367
"186","Glycerol 3-phosphate","Isotopologue_C13-0","1",0.0495346134356268,1.02435953649874
"187","Glycerol 3-phosphate","Isotopologue_C13-1","0.5",0.126630457947616,-0.0162295139581773
"188","Glycerol 3-phosphate","Isotopologue_C13-1","1",0.0495346134356268,-0.0131596509939814
"189","Glycerol 3-phosphate","Isotopologue_C13-2","0.5",0.0495346134356268,-0.0197914714486335
"190","Glycerol 3-phosphate","Isotopologue_C13-2","1",0.0495346134356268,-0.019338832244052
"191","Glycerol 3-phosphate","Isotopologue_C13-3","0.5",0.275233524074834,0.0119467295131441
"192","Glycerol 3-phosphate","Isotopologue_C13-3","1",0.827259346562712,0.00813894673929035
"193","Glycine","FracCont","0.5",1,0
"194","Glycine","FracCont","1",1,0
"195","Glycine","Isotopologue_C13-0","0.5",0.512690760261924,1.01594330699838
"196","Glycine","Isotopologue_C13-0","1",0.275233524074834,1.01446617071334
"197","Glycine","Isotopologue_C13-1","0.5",0.512690760261924,-0.00739379775451349
"198","Glycine","Isotopologue_C13-1","1",0.275233524074834,-0.00711928078940198
"199","Glycine","Isotopologue_C13-2","0.5",0.512690760261924,-0.00854950924386894
"200","Glycine","Isotopologue_C13-2","1",0.126630457947616,-0.00734688992393784
"201","Hexose","FracCont","0.5",0.0495346134356268,1.00618106765966
"202","Hexose","FracCont","1",0.0495346134356268,1.00412491180728
"203","Hexose","Isotopologue_C13-0","0.5",0.126630457947616,0.0107113659803071
"204","Hexose","Isotopologue_C13-0","1",0.0495346134356268,0.0125460292102
"205","Hexose","Isotopologue_C13-1","0.5",0.275233524074834,1.86664064250679e-05
"206","Hexose","Isotopologue_C13-1","1",0.126630457947616,-3.53746999372173e-05
"207","Hexose","Isotopologue_C13-2","0.5",0.512690760261924,-4.81472780297177e-05
"208","Hexose","Isotopologue_C13-2","1",0.0495346134356268,-3.27728781999446e-05
"209","Hexose","Isotopologue_C13-3","0.5",0.0495346134356268,6.79001612143606e-05
"210","Hexose","Isotopologue_C13-3","1",0.0495346134356268,0.000326802724245488
"211","Hexose","Isotopologue_C13-4","0.5",0.512690760261924,0.000522944210391142
"212","Hexose","Isotopologue_C13-4","1",0.275233524074834,0.000541300510373353
"213","Hexose","Isotopologue_C13-5","0.5",0.512690760261924,-0.0170630575597445
"214","Hexose","Isotopologue_C13-5","1",0.126630457947616,-0.0169423011460827
"215","Hexose","Isotopologue_C13-6","0.5",0.0495346134356268,1.00579032807944
"216","Hexose","Isotopologue_C13-6","1",0.0495346134356268,1.0035963162794
"217","Hexose-phosphate","FracCont","0.5",0.0495346134356268,0.198288974249293
"218","Hexose-phosphate","FracCont","1",0.0495346134356268,0.149368944060171
"219","Hexose-phosphate","Isotopologue_C13-0","0.5",0.0495346134356268,0.792337218638772
"220","Hexose-phosphate","Isotopologue_C13-0","1",0.0495346134356268,0.808880682337257
"221","Hexose-phosphate","Isotopologue_C13-1","0.5",0.0495346134356268,-0.0146019768851407
"222","Hexose-phosphate","Isotopologue_C13-1","1",0.0495346134356268,-0.0126336802063125
"223","Hexose-phosphate","Isotopologue_C13-2","0.5",0.0495346134356268,-0.0207641986143216
"224","Hexose-phosphate","Isotopologue_C13-2","1",0.0495346134356268,-0.0119085807558704
"225","Hexose-phosphate","Isotopologue_C13-3","0.5",0.0495346134356268,0.107319349713739
"226","Hexose-phosphate","Isotopologue_C13-3","1",0.0495346134356268,0.13363530692141
"227","Hexose-phosphate","Isotopologue_C13-4","0.5",0.275233524074834,-0.00811840502164882
"228","Hexose-phosphate","Isotopologue_C13-4","1",0.512690760261924,-0.000453387617588222
"229","Hexose-phosphate","Isotopologue_C13-5","0.5",0.126630457947616,0.00156031642054555
"230","Hexose-phosphate","Isotopologue_C13-5","1",0.126630457947616,0.00608183535030632
"231","Hexose-phosphate","Isotopologue_C13-6","0.5",0.126630457947616,0.142267695748054
"232","Hexose-phosphate","Isotopologue_C13-6","1",0.512690760261924,0.0763978239707983
"233","L-Alanine","FracCont","0.5",0.512690760261924,0.00779831441066584
"234","L-Alanine","FracCont","1",0.0495346134356268,0.0231489392231548
"235","L-Alanine","Isotopologue_C13-0","0.5",0.275233524074834,1.01168772661777
"236","L-Alanine","Isotopologue_C13-0","1",0.0495346134356268,0.995992278456828
"237","L-Alanine","Isotopologue_C13-1","0.5",0.0495346134356268,-0.00862482557102246
"238","L-Alanine","Isotopologue_C13-1","1",0.275233524074834,-0.00869807667802481
"239","L-Alanine","Isotopologue_C13-2","0.5",0.512690760261924,-0.0108612154574162
"240","L-Alanine","Isotopologue_C13-2","1",0.512690760261924,-0.0104431410019581
"241","L-Alanine","Isotopologue_C13-3","0.5",0.512690760261924,0.00779831441066584
"242","L-Alanine","Isotopologue_C13-3","1",0.0495346134356268,0.0231489392231548
"243","L-Asparagine","FracCont","0.5",0.827259346562712,0.0617102771786524
"244","L-Asparagine","FracCont","1",0.275233524074834,0.0996646262092422
"245","L-Asparagine","Isotopologue_C13-0","0.5",0.827259346562712,0.988968526999153
"246","L-Asparagine","Isotopologue_C13-0","1",0.512690760261924,0.939572023557535
"247","L-Asparagine","Isotopologue_C13-1","0.5",0.512690760261924,0.122104843139902
"248","L-Asparagine","Isotopologue_C13-1","1",0.827259346562712,0.175350369792038
"249","L-Asparagine","Isotopologue_C13-2","0.5",0.827259346562712,-0.0993298787498898
"250","L-Asparagine","Isotopologue_C13-2","1",0.827259346562712,-0.0965202733896242
"251","L-Asparagine","Isotopologue_C13-3","0.5",0.827259346562712,-0.0202210325622192
"252","L-Asparagine","Isotopologue_C13-3","1",0.512690760261924,-0.0271448437718743
"253","L-Asparagine","Isotopologue_C13-4","0.5",0.827259346562712,0.00847754117305328
"254","L-Asparagine","Isotopologue_C13-4","1",0.827259346562712,0.00874272381192579
"255","L-Aspartic acid","FracCont","0.5",0.0495346134356268,0.033173980294041
"256","L-Aspartic acid","FracCont","1",0.275233524074834,0.0423427012539156
"257","L-Aspartic acid","Isotopologue_C13-0","0.5",0.827259346562712,0.96761850197121
"258","L-Aspartic acid","Isotopologue_C13-0","1",0.0495346134356268,0.955397807687918
"259","L-Aspartic acid","Isotopologue_C13-1","0.5",0.275233524074834,-0.00593025870883817
"260","L-Aspartic acid","Isotopologue_C13-1","1",0.0495346134356268,-0.00634550448111925
"261","L-Aspartic acid","Isotopologue_C13-2","0.5",0.0495346134356268,-0.00500084425959664
"262","L-Aspartic acid","Isotopologue_C13-2","1",0.0495346134356268,-0.0050344921265847
"263","L-Aspartic acid","Isotopologue_C13-3","0.5",0.0495346134356268,0.0434722547741054
"264","L-Aspartic acid","Isotopologue_C13-3","1",0.275233524074834,0.0545579506634803
"265","L-Aspartic acid","Isotopologue_C13-4","0.5",0.0495346134356268,-0.000159653776880481
"266","L-Aspartic acid","Isotopologue_C13-4","1",0.0495346134356268,0.00142423825630543
"267","L-Cysteine","FracCont","0.5",0.0495346134356268,0.0170227477208601
"268","L-Cysteine","FracCont","1",0.0495346134356268,0.0179294263927815
"269","L-Cysteine","Isotopologue_C13-0","0.5",0.0495346134356268,1.25458295017759
"270","L-Cysteine","Isotopologue_C13-0","1",0.0495346134356268,1.25564431403653
"271","L-Cysteine","Isotopologue_C13-1","0.5",0.275233524074834,-0.124811952409173
"272","L-Cysteine","Isotopologue_C13-1","1",0.275233524074834,-0.130232953012381
"273","L-Cysteine","Isotopologue_C13-2","0.5",0.275233524074834,-0.146793745489279
"274","L-Cysteine","Isotopologue_C13-2","1",0.126630457947616,-0.143340787416935
"275","L-Cysteine","Isotopologue_C13-3","0.5",0.0495346134356268,0.0170227477208601
"276","L-Cysteine","Isotopologue_C13-3","1",0.0495346134356268,0.0179294263927815
"277","L-Glutamic acid","FracCont","0.5",0.512690760261924,0.000438572168246488
"278","L-Glutamic acid","FracCont","1",0.275233524074834,0.000356668304124712
"279","L-Glutamic acid","Isotopologue_C13-0","0.5",0.0495346134356268,1.00553837455018
"280","L-Glutamic acid","Isotopologue_C13-0","1",0.0495346134356268,1.00346118398722
"281","L-Glutamic acid","Isotopologue_C13-1","0.5",0.0495346134356268,-0.00216724428069605
"282","L-Glutamic acid","Isotopologue_C13-1","1",0.0495346134356268,-0.00112599629686086
"283","L-Glutamic acid","Isotopologue_C13-2","0.5",0.0495346134356268,-0.0034675439907861
"284","L-Glutamic acid","Isotopologue_C13-2","1",0.0495346134356268,-0.00251837401469967
"285","L-Glutamic acid","Isotopologue_C13-3","0.5",0.126630457947616,0.000340510218497038
"286","L-Glutamic acid","Isotopologue_C13-3","1",0.126630457947616,0.00031632056160777
"287","L-Glutamic acid","Isotopologue_C13-4","0.5",0.275233524074834,0.000292832546435331
"288","L-Glutamic acid","Isotopologue_C13-4","1",0.126630457947616,0.000184810344702552
"289","L-Glutamic acid","Isotopologue_C13-5","0.5",0.275233524074834,-0.000536929043631
"290","L-Glutamic acid","Isotopologue_C13-5","1",0.512690760261924,-0.000317944581969224
"291","L-Isoleucine","FracCont","0.5",0.0495346134356268,0.0144551990305398
"292","L-Isoleucine","FracCont","1",0.0495346134356268,0.00755181113695066
"293","L-Isoleucine","Isotopologue_C13-0","0.5",0.0495346134356268,0.954966165940862
"294","L-Isoleucine","Isotopologue_C13-0","1",0.0495346134356268,0.980488177210824
"295","L-Isoleucine","Isotopologue_C13-1","0.5",0.0495346134356268,0.0486746575460224
"296","L-Isoleucine","Isotopologue_C13-1","1",0.0495346134356268,0.0317163052561563
"297","L-Isoleucine","Isotopologue_C13-2","0.5",0.0495346134356268,0.0189902009874289
"298","L-Isoleucine","Isotopologue_C13-2","1",0.0495346134356268,0.00626810684135719
"299","L-Isoleucine","Isotopologue_C13-3","0.5",0.0495346134356268,-0.0221795581717285
"300","L-Isoleucine","Isotopologue_C13-3","1",0.0495346134356268,-0.0185629014949301
"301","L-Isoleucine","Isotopologue_C13-4","0.5",0.0495346134356268,-0.000342971058619729
"302","L-Isoleucine","Isotopologue_C13-4","1",0.0495346134356268,0.000242118816811538
"303","L-Isoleucine","Isotopologue_C13-5","0.5",0.512690760261924,-0.000121033241269579
"304","L-Isoleucine","Isotopologue_C13-5","1",0.0495346134356268,-0.000165444415746558
"305","L-Isoleucine","Isotopologue_C13-6","0.5",0.126630457947616,1.25379973040859e-05
"306","L-Isoleucine","Isotopologue_C13-6","1",0.275233524074834,1.36377855277004e-05
"307","L-Lactic acid","FracCont","0.5",0.0495346134356268,0.0615622698964469
"308","L-Lactic acid","FracCont","1",0.0495346134356268,0.192868538083676
"309","L-Lactic acid","Isotopologue_C13-0","0.5",0.0495346134356268,0.953716880454673
"310","L-Lactic acid","Isotopologue_C13-0","1",0.0495346134356268,0.822833090802038
"311","L-Lactic acid","Isotopologue_C13-1","0.5",0.512690760261924,-0.00728591069387547
"312","L-Lactic acid","Isotopologue_C13-1","1",0.0495346134356268,-0.00526039772647112
"313","L-Lactic acid","Isotopologue_C13-2","0.5",0.512690760261924,-0.00799323965724483
"314","L-Lactic acid","Isotopologue_C13-2","1",0.0495346134356268,-0.0104412311592435
"315","L-Lactic acid","Isotopologue_C13-3","0.5",0.0495346134356268,0.0615622698964469
"316","L-Lactic acid","Isotopologue_C13-3","1",0.0495346134356268,0.192868538083676
"317","L-Leucine","FracCont","0.5",0.275233524074834,0.00443400386852953
"318","L-Leucine","FracCont","1",0.0495346134356268,0.00144590177910507
"319","L-Leucine","Isotopologue_C13-0","0.5",0.827259346562712,1.10512788089458
"320","L-Leucine","Isotopologue_C13-0","1",0.512690760261924,1.05943111158875
"321","L-Leucine","Isotopologue_C13-1","0.5",0.827259346562712,-0.0471190916182264
"322","L-Leucine","Isotopologue_C13-1","1",0.512690760261924,-0.0182101230872834
"323","L-Leucine","Isotopologue_C13-2","0.5",0.275233524074834,-0.0617522242207159
"324","L-Leucine","Isotopologue_C13-2","1",0.0495346134356268,-0.0366655094750322
"325","L-Leucine","Isotopologue_C13-3","0.5",0.275233524074834,0.000919173023948684
"326","L-Leucine","Isotopologue_C13-3","1",0.0495346134356268,-0.00639781871086251
"327","L-Leucine","Isotopologue_C13-4","0.5",0.275233524074834,0.00320803727606837
"328","L-Leucine","Isotopologue_C13-4","1",0.0495346134356268,0.00214219778694081
"329","L-Leucine","Isotopologue_C13-5","0.5",0.275233524074834,-0.000403880896851905
"330","L-Leucine","Isotopologue_C13-5","1",0.0495346134356268,-0.000317628023661378
"331","L-Leucine","Isotopologue_C13-6","0.5",0.512690760261924,2.01055412024873e-05
"332","L-Leucine","Isotopologue_C13-6","1",0.126630457947616,1.7769921144526e-05
"333","L-Lysine","FracCont","0.5",0.827259346562712,0.000505691436776697
"334","L-Lysine","FracCont","1",0.827259346562712,0.00122773001906309
"335","L-Lysine","Isotopologue_C13-0","0.5",0.0495346134356268,1.01932414757749
"336","L-Lysine","Isotopologue_C13-0","1",0.0495346134356268,1.00595803989716
"337","L-Lysine","Isotopologue_C13-1","0.5",0.512690760261924,-0.00303959935417925
"338","L-Lysine","Isotopologue_C13-1","1",0.0495346134356268,0.00285317191558945
"339","L-Lysine","Isotopologue_C13-2","0.5",0.0495346134356268,-0.00732072033625158
"340","L-Lysine","Isotopologue_C13-2","1",0.0495346134356268,-0.00386252779717753
"341","L-Lysine","Isotopologue_C13-3","0.5",0.275233524074834,-0.00375494339029128
"342","L-Lysine","Isotopologue_C13-3","1",0.0495346134356268,3.62978269795717e-05
"343","L-Lysine","Isotopologue_C13-4","0.5",0.0495346134356268,-0.00544984459628953
"344","L-Lysine","Isotopologue_C13-4","1",0.275233524074834,-0.00466698871806439
"345","L-Lysine","Isotopologue_C13-5","0.5",0.126630457947616,0.000229755869327506
"346","L-Lysine","Isotopologue_C13-5","1",0.0495346134356268,-0.000389841325889377
"347","L-Lysine","Isotopologue_C13-6","0.5",0.126630457947616,1.12042301985249e-05
"348","L-Lysine","Isotopologue_C13-6","1",0.0495346134356268,7.18482013999607e-05
"349","L-Malic acid","FracCont","0.5",0.04630159491511,0.0012851579666996
"350","L-Malic acid","FracCont","1",0.04630159491511,0.00215962873799534
"351","L-Malic acid","Isotopologue_C13-0","0.5",0.0495346134356268,1.00858533981785
"352","L-Malic acid","Isotopologue_C13-0","1",0.0495346134356268,1.00146530333837
"353","L-Malic acid","Isotopologue_C13-1","0.5",0.827259346562712,-0.00443002054958554
"354","L-Malic acid","Isotopologue_C13-1","1",0.126630457947616,-0.00233400065467475
"355","L-Malic acid","Isotopologue_C13-2","0.5",0.0495346134356268,-0.00393621856402912
"356","L-Malic acid","Isotopologue_C13-2","1",0.0495346134356268,-2.75563186208534e-06
"357","L-Malic acid","Isotopologue_C13-3","0.5",0.0495346134356268,0.00171354395559946
"358","L-Malic acid","Isotopologue_C13-3","1",0.0495346134356268,0.00245495520610423
"359","L-Malic acid","Isotopologue_C13-4","0.5",0.0495346134356268,-0.00193264465983928
"360","L-Malic acid","Isotopologue_C13-4","1",0.0495346134356268,-0.00158350225793947
"361","L-Methionine","FracCont","0.5",0.512690760261924,0.00961684818930016
"362","L-Methionine","FracCont","1",0.512690760261924,0.00972982235857983
"363","L-Methionine","Isotopologue_C13-0","0.5",0.512690760261924,1.20045144948785
"364","L-Methionine","Isotopologue_C13-0","1",0.827259346562712,1.1981937388152
"365","L-Methionine","Isotopologue_C13-1","0.5",0.512690760261924,-0.107769668440615
"366","L-Methionine","Isotopologue_C13-1","1",0.275233524074834,-0.103358893700716
"367","L-Methionine","Isotopologue_C13-2","0.5",0.126630457947616,-0.106126862866365
"368","L-Methionine","Isotopologue_C13-2","1",0.126630457947616,-0.108375375762491
"369","L-Methionine","Isotopologue_C13-3","0.5",0.512690760261924,0.00711138515932406
"370","L-Methionine","Isotopologue_C13-3","1",0.512690760261924,0.00703155279584448
"371","L-Methionine","Isotopologue_C13-4","0.5",0.126630457947616,0.00668752136713216
"372","L-Methionine","Isotopologue_C13-4","1",0.275233524074834,0.00688861335134142
"373","L-Methionine","Isotopologue_C13-5","0.5",0.0495346134356268,-0.000353824707323818
"374","L-Methionine","Isotopologue_C13-5","1",0.0495346134356268,-0.00037963549917938
"375","L-Phenylalanine","FracCont","0.5",0.126630457947616,0.000134573858579156
"376","L-Phenylalanine","FracCont","1",0.275233524074834,0.000272879495647106
"377","L-Phenylalanine","Isotopologue_C13-0","0.5",0.126630457947616,1.02130816787389
"378","L-Phenylalanine","Isotopologue_C13-0","1",0.126630457947616,1.02067501538903
"379","L-Phenylalanine","Isotopologue_C13-1","0.5",0.827259346562712,-0.00867030800980256
"380","L-Phenylalanine","Isotopologue_C13-1","1",0.827259346562712,-0.00961817860951905
"381","L-Phenylalanine","Isotopologue_C13-2","0.5",0.512690760261924,-0.0103593943410595
"382","L-Phenylalanine","Isotopologue_C13-2","1",0.275233524074834,-0.0100664662594881
"383","L-Phenylalanine","Isotopologue_C13-3","0.5",0.0495346134356268,-0.000559855619087041
"384","L-Phenylalanine","Isotopologue_C13-3","1",0.0495346134356268,0.000734412538732279
"385","L-Phenylalanine","Isotopologue_C13-4","0.5",0.0495346134356268,-0.0018296815317268
"386","L-Phenylalanine","Isotopologue_C13-4","1",0.0495346134356268,-0.00173672528409588
"387","L-Phenylalanine","Isotopologue_C13-5","0.5",0.0495346134356268,0.000111281676834574
"388","L-Phenylalanine","Isotopologue_C13-5","1",0.0495346134356268,1.77306691971917e-06
"389","L-Phenylalanine","Isotopologue_C13-6","0.5",0.0495346134356268,-2.24101995041207e-08
"390","L-Phenylalanine","Isotopologue_C13-6","1",0.0495346134356268,1.08530428885792e-05
"391","L-Phenylalanine","Isotopologue_C13-7","0.5",0.0495346134356268,-1.95955421105809e-07
"392","L-Phenylalanine","Isotopologue_C13-7","1",0.0495346134356268,-7.06348998289335e-07
"393","L-Phenylalanine","Isotopologue_C13-8","0.5",0.0495346134356268,8.50991034150356e-09
"394","L-Phenylalanine","Isotopologue_C13-8","1",0.0495346134356268,2.2926660771963e-08
"395","L-Phenylalanine","Isotopologue_C13-9","0.5",0.0495346134356268,-1.93335160569624e-10
"396","L-Phenylalanine","Isotopologue_C13-9","1",0.0495346134356268,-4.62134158954847e-10
"397","L-Proline","FracCont","0.5",0.121335250358482,0
"398","L-Proline","FracCont","1",0.121335250358482,0
"399","L-Proline","Isotopologue_C13-0","0.5",0.0495346134356268,1.02288194749321
"400","L-Proline","Isotopologue_C13-0","1",0.0495346134356268,1.02110767006228
"401","L-Proline","Isotopologue_C13-1","0.5",0.827259346562712,-0.0084638695987612
"402","L-Proline","Isotopologue_C13-1","1",0.827259346562712,-0.00747204635096019
"403","L-Proline","Isotopologue_C13-2","0.5",0.0495346134356268,-0.0109014361642083
"404","L-Proline","Isotopologue_C13-2","1",0.126630457947616,-0.0110932609900163
"405","L-Proline","Isotopologue_C13-3","0.5",0.0495346134356268,-0.00221527378083031
"406","L-Proline","Isotopologue_C13-3","1",0.0495346134356268,-0.00115624223884929
"407","L-Proline","Isotopologue_C13-4","0.5",0.0495346134356268,-0.0012473499243441
"408","L-Proline","Isotopologue_C13-4","1",0.0495346134356268,-0.00133413935328024
"409","L-Proline","Isotopologue_C13-5","0.5",0.0495346134356268,-5.40180250681005e-05
"410","L-Proline","Isotopologue_C13-5","1",0.0495346134356268,-5.19811291701841e-05
"411","L-Serine","FracCont","0.5",NA,0.00401420051312007
"412","L-Serine","FracCont","1",NA,0
"413","L-Serine","Isotopologue_C13-0","0.5",NA,1.04874818836886
"414","L-Serine","Isotopologue_C13-0","1",NA,1.02168825211049
"415","L-Serine","Isotopologue_C13-1","0.5",NA,-0.00444682069130995
"416","L-Serine","Isotopologue_C13-1","1",NA,-0.0043483272900558
"417","L-Serine","Isotopologue_C13-2","0.5",NA,-0.0387387356144522
"418","L-Serine","Isotopologue_C13-2","1",NA,-0.00708472349137193
"419","L-Serine","Isotopologue_C13-3","0.5",NA,-0.00556263206309432
"420","L-Serine","Isotopologue_C13-3","1",NA,-0.0102552013290651
"421","L-Threonine","FracCont","0.5",0.0369039536137181,0
"422","L-Threonine","FracCont","1",0.0369039536137181,0
"423","L-Threonine","Isotopologue_C13-0","0.5",0.0495346134356268,1.03005733838642
"424","L-Threonine","Isotopologue_C13-0","1",0.0495346134356268,1.03028418088884
"425","L-Threonine","Isotopologue_C13-1","0.5",0.275233524074834,-0.00982002557424199
"426","L-Threonine","Isotopologue_C13-1","1",0.275233524074834,-0.0115918626173737
"427","L-Threonine","Isotopologue_C13-2","0.5",0.275233524074834,-0.0129191252697734
"428","L-Threonine","Isotopologue_C13-2","1",0.0495346134356268,-0.0119041736432985
"429","L-Threonine","Isotopologue_C13-3","0.5",0.0495346134356268,-0.00642836876908816
"430","L-Threonine","Isotopologue_C13-3","1",0.0495346134356268,-0.00579450990800498
"431","L-Threonine","Isotopologue_C13-4","0.5",0.0495346134356268,-0.000889818773320093
"432","L-Threonine","Isotopologue_C13-4","1",0.0495346134356268,-0.000993634720166915
"433","L-Tryptophan","FracCont","0.5",0.0495346134356268,0.00140393618917
"434","L-Tryptophan","FracCont","1",0.0495346134356268,0.00159736226441499
"435","L-Tryptophan","Isotopologue_C13-0","0.5",0.0495346134356268,1.06544278677033
"436","L-Tryptophan","Isotopologue_C13-0","1",0.0495346134356268,1.06314149827727
"437","L-Tryptophan","Isotopologue_C13-1","0.5",0.126630457947616,-0.0170210331465213
"438","L-Tryptophan","Isotopologue_C13-1","1",0.126630457947616,-0.0172772065599063
"439","L-Tryptophan","Isotopologue_C13-10","0.5",0.0495346134356268,-9.4944077070955e-11
"440","L-Tryptophan","Isotopologue_C13-10","1",0.0495346134356268,-9.67270415148596e-11
"441","L-Tryptophan","Isotopologue_C13-11","0.5",0.0495346134356268,1.20515010132182e-12
"442","L-Tryptophan","Isotopologue_C13-11","1",0.0495346134356268,1.2266242169483e-12
"443","L-Tryptophan","Isotopologue_C13-2","0.5",0.0495346134356268,-0.0434049935788351
"444","L-Tryptophan","Isotopologue_C13-2","1",0.0495346134356268,-0.0398794344713116
"445","L-Tryptophan","Isotopologue_C13-3","0.5",0.0495346134356268,-0.00865131107216765
"446","L-Tryptophan","Isotopologue_C13-3","1",0.0495346134356268,-0.00952641224895059
"447","L-Tryptophan","Isotopologue_C13-4","0.5",0.0495346134356268,0.00320113863787766
"448","L-Tryptophan","Isotopologue_C13-4","1",0.0495346134356268,0.00307576567264372
"449","L-Tryptophan","Isotopologue_C13-5","0.5",0.0495346134356268,0.00051949961743092
"450","L-Tryptophan","Isotopologue_C13-5","1",0.0495346134356268,0.000554832479528742
"451","L-Tryptophan","Isotopologue_C13-6","0.5",0.0495346134356268,-9.17586098483481e-05
"452","L-Tryptophan","Isotopologue_C13-6","1",0.0495346134356268,-9.48619797223369e-05
"453","L-Tryptophan","Isotopologue_C13-7","0.5",0.0495346134356268,5.88522515561992e-06
"454","L-Tryptophan","Isotopologue_C13-7","1",0.0495346134356268,6.03743972029664e-06
"455","L-Tryptophan","Isotopologue_C13-8","0.5",0.0495346134356268,-2.19177780920254e-07
"456","L-Tryptophan","Isotopologue_C13-8","1",0.0495346134356268,-2.24051202328609e-07
"457","L-Tryptophan","Isotopologue_C13-9","0.5",0.0495346134356268,5.42809542195364e-09
"458","L-Tryptophan","Isotopologue_C13-9","1",0.0495346134356268,5.53743539890873e-09
"459","L-Tyrosine","FracCont","0.5",0.0495346134356268,0.0117961397692033
"460","L-Tyrosine","FracCont","1",0.0495346134356268,0.00399033511801333
"461","L-Tyrosine","Isotopologue_C13-0","0.5",0.0495346134356268,0.949410727753144
"462","L-Tyrosine","Isotopologue_C13-0","1",0.0495346134356268,0.986712824462373
"463","L-Tyrosine","Isotopologue_C13-1","0.5",0.0495346134356268,0.0963952671542495
"464","L-Tyrosine","Isotopologue_C13-1","1",0.0495346134356268,0.0338225083532128
"465","L-Tyrosine","Isotopologue_C13-2","0.5",0.0495346134356268,-0.022090595840663
"466","L-Tyrosine","Isotopologue_C13-2","1",0.0495346134356268,-0.00781891721988233
"467","L-Tyrosine","Isotopologue_C13-3","0.5",0.275233524074834,-0.0240367443022784
"468","L-Tyrosine","Isotopologue_C13-3","1",0.126630457947616,-0.0063632970997319
"469","L-Tyrosine","Isotopologue_C13-4","0.5",0.0495346134356268,-0.000874106997279344
"470","L-Tyrosine","Isotopologue_C13-4","1",0.0495346134356268,-0.00665502514824156
"471","L-Tyrosine","Isotopologue_C13-5","0.5",0.275233524074834,0.00147635186687631
"472","L-Tyrosine","Isotopologue_C13-5","1",0.0495346134356268,0.000398742299951909
"473","L-Tyrosine","Isotopologue_C13-6","0.5",0.827259346562712,-0.00030676037301432
"474","L-Tyrosine","Isotopologue_C13-6","1",0.512690760261924,-0.000109812001544746
"475","L-Tyrosine","Isotopologue_C13-7","0.5",0.827259346562712,2.71935639223498e-05
"476","L-Tyrosine","Isotopologue_C13-7","1",0.512690760261924,1.37881005026199e-05
"477","L-Tyrosine","Isotopologue_C13-8","0.5",0.827259346562712,-1.37822179193259e-06
"478","L-Tyrosine","Isotopologue_C13-8","1",0.512690760261924,-8.42802820545205e-07
"479","L-Tyrosine","Isotopologue_C13-9","0.5",0.275233524074834,4.5396834647475e-08
"480","L-Tyrosine","Isotopologue_C13-9","1",0.827259346562712,3.1056181037062e-08
"481","L-Valine","FracCont","0.5",0.0495346134356268,0.00674973750432675
"482","L-Valine","FracCont","1",0.0495346134356268,0.0065673647376123
"483","L-Valine","Isotopologue_C13-0","0.5",0.0495346134356268,1.0121853838692
"484","L-Valine","Isotopologue_C13-0","1",0.0495346134356268,1.01290301986953
"485","L-Valine","Isotopologue_C13-1","0.5",0.126630457947616,-0.00870280870889079
"486","L-Valine","Isotopologue_C13-1","1",0.126630457947616,-0.00894943717007602
"487","L-Valine","Isotopologue_C13-2","0.5",0.275233524074834,-0.0112724518992134
"488","L-Valine","Isotopologue_C13-2","1",0.275233524074834,-0.0108032697603052
"489","L-Valine","Isotopologue_C13-3","0.5",0.0495346134356268,0.00810153338445243
"490","L-Valine","Isotopologue_C13-3","1",0.0495346134356268,0.00595843964700972
"491","L-Valine","Isotopologue_C13-4","0.5",0.0495346134356268,-0.00220047411919936
"492","L-Valine","Isotopologue_C13-4","1",0.0495346134356268,-0.00210105353556976
"493","L-Valine","Isotopologue_C13-5","0.5",0.0495346134356268,0.00188881747365529
"494","L-Valine","Isotopologue_C13-5","1",0.0495346134356268,0.00299230094940647
"495","Mannitol","FracCont","0.5",0.275233524074834,0.0660639777675565
"496","Mannitol","FracCont","1",0.268285883677117,0.0938027746598422
"497","Mannitol","Isotopologue_C13-0","0.5",0.512690760261924,1.55172808959452
"498","Mannitol","Isotopologue_C13-0","1",0.512690760261924,1.79472164664443
"499","Mannitol","Isotopologue_C13-1","0.5",0.512690760261924,-0.388775683459175
"500","Mannitol","Isotopologue_C13-1","1",0.506555169049041,-0.688735430692298
"501","Mannitol","Isotopologue_C13-2","0.5",0.512690760261924,-0.273490049705585
"502","Mannitol","Isotopologue_C13-2","1",0.375825087488698,-0.271916268310753
"503","Mannitol","Isotopologue_C13-3","0.5",0.512690760261924,0.0741343186032048
"504","Mannitol","Isotopologue_C13-3","1",0.506555169049041,0.147304152664958
"505","Mannitol","Isotopologue_C13-4","0.5",0.512690760261924,0.0303607580799304
"506","Mannitol","Isotopologue_C13-4","1",0.824778095082514,0.0186988940532854
"507","Mannitol","Isotopologue_C13-5","0.5",0.512690760261924,0.00242801590892698
"508","Mannitol","Isotopologue_C13-5","1",0.506555169049041,-0.00391927324345154
"509","Mannitol","Isotopologue_C13-6","0.5",0.275233524074834,0.00361455097818183
"510","Mannitol","Isotopologue_C13-6","1",0.268285883677117,0.00384627888382572
"511","Myo-inositol","FracCont","0.5",0.512690760261924,0.00286552141685362
"512","Myo-inositol","FracCont","1",0.512690760261924,0.0028957365056254
"513","Myo-inositol","Isotopologue_C13-0","0.5",0.512690760261924,1.01193153204352
"514","Myo-inositol","Isotopologue_C13-0","1",0.827259346562712,1.01141217733933
"515","Myo-inositol","Isotopologue_C13-1","0.5",0.275233524074834,-0.00947313990469761
"516","Myo-inositol","Isotopologue_C13-1","1",0.827259346562712,-0.00828812489126951
"517","Myo-inositol","Isotopologue_C13-2","0.5",0.275233524074834,-0.0059559183278029
"518","Myo-inositol","Isotopologue_C13-2","1",0.512690760261924,-0.00642988731748391
"519","Myo-inositol","Isotopologue_C13-3","0.5",0.827259346562712,0.00100448904976291
"520","Myo-inositol","Isotopologue_C13-3","1",0.512690760261924,0.000573764310801673
"521","Myo-inositol","Isotopologue_C13-4","0.5",0.827259346562712,0.000412188190081228
"522","Myo-inositol","Isotopologue_C13-4","1",0.827259346562712,0.000658972348669252
"523","Myo-inositol","Isotopologue_C13-5","0.5",0.275233524074834,0.000416246264347369
"524","Myo-inositol","Isotopologue_C13-5","1",0.827259346562712,0.000387225542272596
"525","Myo-inositol","Isotopologue_C13-6","0.5",0.827259346562712,0.00166460268478854
"526","Myo-inositol","Isotopologue_C13-6","1",0.827259346562712,0.00168587266767533
"527","Myristic acid","FracCont","0.5",0.827259346562712,0.00156003885088044
"528","Myristic acid","FracCont","1",0.512690760261924,0.00152323553410893
"529","Myristic acid","Isotopologue_C13-0","0.5",0.827259346562712,1.06796960383212
"530","Myristic acid","Isotopologue_C13-0","1",0.512690760261924,1.06553942624789
"531","Myristic acid","Isotopologue_C13-1","0.5",0.827259346562712,-0.0100789660255029
"532","Myristic acid","Isotopologue_C13-1","1",0.275233524074834,-0.00774544726229679
"533","Myristic acid","Isotopologue_C13-10","0.5",0.827259346562712,-1.07039857278126e-11
"534","Myristic acid","Isotopologue_C13-10","1",0.512690760261924,-1.11183266419483e-11
"535","Myristic acid","Isotopologue_C13-11","0.5",0.827259346562712,1.44866797366262e-13
"536","Myristic acid","Isotopologue_C13-11","1",0.512690760261924,1.50020152859596e-13
"537","Myristic acid","Isotopologue_C13-12","0.5",0.827259346562712,-1.41042671089729e-15
"538","Myristic acid","Isotopologue_C13-12","1",0.512690760261924,-1.45765293271407e-15
"539","Myristic acid","Isotopologue_C13-13","0.5",0.827259346562712,9.88485303309302e-18
"540","Myristic acid","Isotopologue_C13-13","1",0.512690760261924,1.02010797355781e-17
"541","Myristic acid","Isotopologue_C13-14","0.5",0.827259346562712,-4.88251440120372e-20
"542","Myristic acid","Isotopologue_C13-14","1",0.512690760261924,-5.03324539592235e-20
"543","Myristic acid","Isotopologue_C13-2","0.5",0.512690760261924,-0.0643790837057749
"544","Myristic acid","Isotopologue_C13-2","1",0.275233524074834,-0.0641138161855597
"545","Myristic acid","Isotopologue_C13-3","0.5",0.827259346562712,0.00470523847840595
"546","Myristic acid","Isotopologue_C13-3","1",0.512690760261924,0.00452979773101962
"547","Myristic acid","Isotopologue_C13-4","0.5",0.512690760261924,0.00192952745273831
"548","Myristic acid","Isotopologue_C13-4","1",0.275233524074834,0.00193244219978081
"549","Myristic acid","Isotopologue_C13-5","0.5",0.827259346562712,-0.000147171404275414
"550","Myristic acid","Isotopologue_C13-5","1",0.512690760261924,-0.000142757956172067
"551","Myristic acid","Isotopologue_C13-6","0.5",0.827259346562712,5.30855000654017e-07
"552","Myristic acid","Isotopologue_C13-6","1",0.512690760261924,6.16087875293998e-09
"553","Myristic acid","Isotopologue_C13-7","0.5",0.827259346562712,3.38830503365363e-07
"554","Myristic acid","Isotopologue_C13-7","1",0.512690760261924,3.68381622920796e-07
"555","Myristic acid","Isotopologue_C13-8","0.5",0.827259346562712,-1.88577190683216e-08
"556","Myristic acid","Isotopologue_C13-8","1",0.512690760261924,-1.98856494732246e-08
"557","Myristic acid","Isotopologue_C13-9","0.5",0.827259346562712,5.55062674170872e-10
"558","Myristic acid","Isotopologue_C13-9","1",0.512690760261924,5.79456713782777e-10
"559","Myristic acid d27","FracCont","0.5",1,0
"560","Myristic acid d27","FracCont","1",1,0
"561","Oxoadipic acid","FracCont","0.5",0,0.0138067001028492
"562","Oxoadipic acid","FracCont","1",0,0.0138067001028492
"563","Oxoadipic acid","Isotopologue_C13-0","0.5",0,1.37967612678131
"564","Oxoadipic acid","Isotopologue_C13-0","1",0,1.37967612678131
"565","Oxoadipic acid","Isotopologue_C13-1","0.5",0,-0.343748819289049
"566","Oxoadipic acid","Isotopologue_C13-1","1",0,-0.343748819289049
"567","Oxoadipic acid","Isotopologue_C13-2","0.5",0,-0.0627044790882662
"568","Oxoadipic acid","Isotopologue_C13-2","1",0,-0.0627044790882662
"569","Oxoadipic acid","Isotopologue_C13-3","0.5",0,0.0246418418824475
"570","Oxoadipic acid","Isotopologue_C13-3","1",0,0.0246418418824475
"571","Oxoadipic acid","Isotopologue_C13-4","0.5",0,0.00192427296568725
"572","Oxoadipic acid","Isotopologue_C13-4","1",1,0.00192427296568725
"573","Oxoadipic acid","Isotopologue_C13-5","0.5",0,0.000243516621400764
"574","Oxoadipic acid","Isotopologue_C13-5","1",0,0.000243516621400764
"575","Oxoadipic acid","Isotopologue_C13-6","0.5",0,-3.24598735295846e-05
"576","Oxoadipic acid","Isotopologue_C13-6","1",0,-3.24598735295846e-05
"577","Oxoglutaric acid","FracCont","0.5",0.0495346134356268,0.000361013859709772
"578","Oxoglutaric acid","FracCont","1",0.0495346134356268,0.000615066402374591
"579","Oxoglutaric acid","Isotopologue_C13-0","0.5",0.0495346134356268,1.03113962404839
"580","Oxoglutaric acid","Isotopologue_C13-0","1",0.126630457947616,1.05249887335012
"581","Oxoglutaric acid","Isotopologue_C13-1","0.5",0.0495346134356268,-0.00789879103463675
"582","Oxoglutaric acid","Isotopologue_C13-1","1",0.827259346562712,-0.0280699567197792
"583","Oxoglutaric acid","Isotopologue_C13-2","0.5",0.0495346134356268,-0.0133210489902928
"584","Oxoglutaric acid","Isotopologue_C13-2","1",0.0495346134356268,-0.0132683427275506
"585","Oxoglutaric acid","Isotopologue_C13-3","0.5",0.275233524074834,-0.00986074663697107
"586","Oxoglutaric acid","Isotopologue_C13-3","1",0.126630457947616,-0.0116834885613169
"587","Oxoglutaric acid","Isotopologue_C13-4","0.5",0.0495346134356268,0.000173828085701741
"588","Oxoglutaric acid","Isotopologue_C13-4","1",0.0495346134356268,0.000768833002968239
"589","Oxoglutaric acid","Isotopologue_C13-5","0.5",0.0495346134356268,-0.000232865472190736
"590","Oxoglutaric acid","Isotopologue_C13-5","1",0.0495346134356268,-0.000245918344440709
"591","Palmitic acid","FracCont","0.5",0.512690760261924,0.000414744735692746
"592","Palmitic acid","FracCont","1",0.275233524074834,0.000415155257619733
"593","Palmitic acid","Isotopologue_C13-0","0.5",0.827259346562712,1.03520090527801
"594","Palmitic acid","Isotopologue_C13-0","1",0.827259346562712,1.03498548512936
"595","Palmitic acid","Isotopologue_C13-1","0.5",0.126630457947616,-0.00162266878548448
"596","Palmitic acid","Isotopologue_C13-1","1",0.126630457947616,-0.00135893453675396
"597","Palmitic acid","Isotopologue_C13-10","0.5",0.827259346562712,-6.15215347482408e-11
"598","Palmitic acid","Isotopologue_C13-10","1",0.512690760261924,-6.15900388984461e-11
"599","Palmitic acid","Isotopologue_C13-11","0.5",0.827259346562712,1.01438316597792e-12
"600","Palmitic acid","Isotopologue_C13-11","1",0.512690760261924,1.0155058946711e-12
"601","Palmitic acid","Isotopologue_C13-12","0.5",0.827259346562712,-1.26812026115599e-14
"602","Palmitic acid","Isotopologue_C13-12","1",0.512690760261924,-1.26951761403659e-14
"603","Palmitic acid","Isotopologue_C13-13","0.5",0.827259346562712,1.2100460296853e-16
"604","Palmitic acid","Isotopologue_C13-13","1",0.512690760261924,1.21137485545366e-16
"605","Palmitic acid","Isotopologue_C13-14","0.5",0.827259346562712,-8.77917242025088e-19
"606","Palmitic acid","Isotopologue_C13-14","1",0.512690760261924,-8.78878738266312e-19
"607","Palmitic acid","Isotopologue_C13-15","0.5",0.827259346562712,4.77027959759294e-21
"608","Palmitic acid","Isotopologue_C13-15","1",0.512690760261924,4.77549257746887e-21
"609","Palmitic acid","Isotopologue_C13-16","0.5",0.827259346562712,-1.88226055903429e-23
"610","Palmitic acid","Isotopologue_C13-16","1",0.512690760261924,-1.88431377143687e-23
"611","Palmitic acid","Isotopologue_C13-2","0.5",0.827259346562712,-0.0320899201090802
"612","Palmitic acid","Isotopologue_C13-2","1",0.512690760261924,-0.0321354657948609
"613","Palmitic acid","Isotopologue_C13-3","0.5",0.827259346562712,-0.00311363681682498
"614","Palmitic acid","Isotopologue_C13-3","1",0.512690760261924,-0.00311799579303478
"615","Palmitic acid","Isotopologue_C13-4","0.5",0.512690760261924,0.00160695785904442
"616","Palmitic acid","Isotopologue_C13-4","1",0.512690760261924,0.00160848627059765
"617","Palmitic acid","Isotopologue_C13-5","0.5",0.827259346562712,3.89300534808663e-05
"618","Palmitic acid","Isotopologue_C13-5","1",0.512690760261924,3.90178588168678e-05
"619","Palmitic acid","Isotopologue_C13-6","0.5",0.827259346562712,-2.2396197788295e-05
"620","Palmitic acid","Isotopologue_C13-6","1",0.512690760261924,-2.24239895277027e-05
"621","Palmitic acid","Isotopologue_C13-7","0.5",0.827259346562712,1.9155829664971e-06
"622","Palmitic acid","Isotopologue_C13-7","1",0.512690760261924,1.91781866278917e-06
"623","Palmitic acid","Isotopologue_C13-8","0.5",0.827259346562712,-8.95788646000906e-08
"624","Palmitic acid","Isotopologue_C13-8","1",0.512690760261924,-8.96808580336873e-08
"625","Palmitic acid","Isotopologue_C13-9","0.5",0.827259346562712,2.77506407439786e-09
"626","Palmitic acid","Isotopologue_C13-9","1",0.512690760261924,2.77818101495833e-09
"627","Pentose-phosphate","FracCont","0.5",1,0
"628","Pentose-phosphate","FracCont","1",0.0369039536137181,0.00477355538894755
"629","Pentose-phosphate","Isotopologue_C13-0","0.5",0.275233524074834,1.04617787875787
"630","Pentose-phosphate","Isotopologue_C13-0","1",0.126630457947616,1.04429766533698
"631","Pentose-phosphate","Isotopologue_C13-1","0.5",0.827259346562712,-0.0197239074449388
"632","Pentose-phosphate","Isotopologue_C13-1","1",0.512690760261924,-0.0246928272962821
"633","Pentose-phosphate","Isotopologue_C13-2","0.5",0.512690760261924,-0.00708313542387696
"634","Pentose-phosphate","Isotopologue_C13-2","1",0.0495346134356268,0.0119338884723689
"635","Pentose-phosphate","Isotopologue_C13-3","0.5",0.0495346134356268,-0.00466341420567572
"636","Pentose-phosphate","Isotopologue_C13-3","1",0.512690760261924,-0.011832057859781
"637","Pentose-phosphate","Isotopologue_C13-4","0.5",0.827259346562712,-0.0115053436371759
"638","Pentose-phosphate","Isotopologue_C13-4","1",0.0495346134356268,-0.01727493776372
"639","Pentose-phosphate","Isotopologue_C13-5","0.5",0.512690760261924,-0.00320207804620402
"640","Pentose-phosphate","Isotopologue_C13-5","1",0.827259346562712,-0.00243173088956621
"641","Phosphoenolpyruvic acid","FracCont","0.5",0.0495346134356268,0.101834235467421
"642","Phosphoenolpyruvic acid","FracCont","1",0.0495346134356268,0.121239373736057
"643","Phosphoenolpyruvic acid","Isotopologue_C13-0","0.5",0.0495346134356268,0.911454910528959
"644","Phosphoenolpyruvic acid","Isotopologue_C13-0","1",0.0495346134356268,0.89970982641013
"645","Phosphoenolpyruvic acid","Isotopologue_C13-1","0.5",0.275233524074834,-0.00705685065416112
"646","Phosphoenolpyruvic acid","Isotopologue_C13-1","1",0.512690760261924,-0.0113843543244257
"647","Phosphoenolpyruvic acid","Isotopologue_C13-2","0.5",0.512690760261924,-0.00623229534221901
"648","Phosphoenolpyruvic acid","Isotopologue_C13-2","1",0.512690760261924,-0.00956484582176128
"649","Phosphoenolpyruvic acid","Isotopologue_C13-3","0.5",0.0495346134356268,0.101834235467421
"650","Phosphoenolpyruvic acid","Isotopologue_C13-3","1",0.0495346134356268,0.121239373736057
"651","Pyruvic acid","FracCont","0.5",0.827259346562712,0.00349350787119771
"652","Pyruvic acid","FracCont","1",0.827259346562712,0.00287290041608774
"653","Pyruvic acid","Isotopologue_C13-0","0.5",0.275233524074834,1.1381584087772
"654","Pyruvic acid","Isotopologue_C13-0","1",0.827259346562712,1.12725847783245
"655","Pyruvic acid","Isotopologue_C13-1","0.5",0.512690760261924,-0.119078415602997
"656","Pyruvic acid","Isotopologue_C13-1","1",0.827259346562712,-0.109963537152898
"657","Pyruvic acid","Isotopologue_C13-2","0.5",0.512690760261924,-0.0225735010454023
"658","Pyruvic acid","Isotopologue_C13-2","1",0.827259346562712,-0.0201678410956353
"659","Pyruvic acid","Isotopologue_C13-3","0.5",0.512690760261924,0.00349350787119771
"660","Pyruvic acid","Isotopologue_C13-3","1",0.827259346562712,0.00287290041608774
"661","Sorbitol","FracCont","0.5",0.0495346134356268,0.00730415291712322
"662","Sorbitol","FracCont","1",0.0495346134356268,0.0137837740380786
"663","Sorbitol","Isotopologue_C13-0","0.5",0.512690760261924,1.01437506954305
"664","Sorbitol","Isotopologue_C13-0","1",0.0495346134356268,1.00205569462728
"665","Sorbitol","Isotopologue_C13-1","0.5",0.512690760261924,-0.00971582125798191
"666","Sorbitol","Isotopologue_C13-1","1",0.827259346562712,-0.00574506314699902
"667","Sorbitol","Isotopologue_C13-2","0.5",0.827259346562712,-0.00888143969282401
"668","Sorbitol","Isotopologue_C13-2","1",0.827259346562712,-0.00586410135370418
"669","Sorbitol","Isotopologue_C13-3","0.5",0.827259346562712,0.00255044783327181
"670","Sorbitol","Isotopologue_C13-3","1",0.827259346562712,0.00299465478176973
"671","Sorbitol","Isotopologue_C13-4","0.5",0.827259346562712,-0.00155371430150475
"672","Sorbitol","Isotopologue_C13-4","1",0.827259346562712,-0.00327777753049013
"673","Sorbitol","Isotopologue_C13-5","0.5",0.512690760261924,-0.00273143300354395
"674","Sorbitol","Isotopologue_C13-5","1",0.827259346562712,-0.0021063412287208
"675","Sorbitol","Isotopologue_C13-6","0.5",0.0495346134356268,0.0059568908795297
"676","Sorbitol","Isotopologue_C13-6","1",0.0495346134356268,0.0119429338508686
"677","Stearic acid","FracCont","0.5",0.512690760261924,0.000265687693758905
"678","Stearic acid","FracCont","1",0.512690760261924,0.00037514648537501
"679","Stearic acid","Isotopologue_C13-0","0.5",0.512690760261924,1.01150304650884
"680","Stearic acid","Isotopologue_C13-0","1",0.827259346562712,1.0107659236332
"681","Stearic acid","Isotopologue_C13-1","0.5",0.827259346562712,-0.00203785634577329
"682","Stearic acid","Isotopologue_C13-1","1",0.827259346562712,-0.00215234375365943
"683","Stearic acid","Isotopologue_C13-10","0.5",0.512690760261924,2.50404907692302e-11
"684","Stearic acid","Isotopologue_C13-10","1",0.512690760261924,3.93772077970472e-11
"685","Stearic acid","Isotopologue_C13-11","0.5",0.512690760261924,-5.43377168356321e-13
"686","Stearic acid","Isotopologue_C13-11","1",0.512690760261924,-8.32118584315449e-13
"687","Stearic acid","Isotopologue_C13-12","0.5",0.512690760261924,8.9339447421121e-15
"688","Stearic acid","Isotopologue_C13-12","1",0.512690760261924,1.34435151199091e-14
"689","Stearic acid","Isotopologue_C13-13","0.5",0.512690760261924,-1.13754459687311e-16
"690","Stearic acid","Isotopologue_C13-13","1",0.512690760261924,-1.69052269434487e-16
"691","Stearic acid","Isotopologue_C13-14","0.5",0.512690760261924,1.13211870477209e-18
"692","Stearic acid","Isotopologue_C13-14","1",0.512690760261924,1.6668217975523e-18
"693","Stearic acid","Isotopologue_C13-15","0.5",0.512690760261924,-8.80746632344261e-21
"694","Stearic acid","Isotopologue_C13-15","1",0.512690760261924,-1.28734849561365e-20
"695","Stearic acid","Isotopologue_C13-16","0.5",0.512690760261924,5.31093809166286e-23
"696","Stearic acid","Isotopologue_C13-16","1",0.512690760261924,7.71782320028819e-23
"697","Stearic acid","Isotopologue_C13-17","0.5",0.512690760261924,-2.43679825498236e-25
"698","Stearic acid","Isotopologue_C13-17","1",0.512690760261924,-3.52435330619366e-25
"699","Stearic acid","Isotopologue_C13-18","0.5",0.512690760261924,8.22823380693338e-28
"700","Stearic acid","Isotopologue_C13-18","1",0.512690760261924,1.18534973847933e-27
"701","Stearic acid","Isotopologue_C13-2","0.5",0.275233524074834,-0.0100214869746659
"702","Stearic acid","Isotopologue_C13-2","1",0.275233524074834,-0.00964435679236364
"703","Stearic acid","Isotopologue_C13-3","0.5",0.827259346562712,0.00143054693943656
"704","Stearic acid","Isotopologue_C13-3","1",0.512690760261924,0.00208987051499986
"705","Stearic acid","Isotopologue_C13-4","0.5",0.512690760261924,-0.000969036465439825
"706","Stearic acid","Isotopologue_C13-4","1",0.512690760261924,-0.00115361977618241
"707","Stearic acid","Isotopologue_C13-5","0.5",0.827259346562712,9.74255868971882e-05
"708","Stearic acid","Isotopologue_C13-5","1",0.126630457947616,9.47198783612267e-05
"709","Stearic acid","Isotopologue_C13-6","0.5",0.512690760261924,-2.4806544446961e-06
"710","Stearic acid","Isotopologue_C13-6","1",0.512690760261924,2.2034317445044e-07
"711","Stearic acid","Isotopologue_C13-7","0.5",0.512690760261924,-1.76023539260014e-07
"712","Stearic acid","Isotopologue_C13-7","1",0.512690760261924,-4.45683304358865e-07
"713","Stearic acid","Isotopologue_C13-8","0.5",0.512690760261924,1.82402390371828e-08
"714","Stearic acid","Isotopologue_C13-8","1",0.512690760261924,3.29724963610336e-08
"715","Stearic acid","Isotopologue_C13-9","0.5",0.512690760261924,-8.36051664348963e-10
"716","Stearic acid","Isotopologue_C13-9","1",0.512690760261924,-1.37527788172432e-09
"717","Succinic acid","FracCont","0.5",0.0369039536137181,0.000214720108303197
"718","Succinic acid","FracCont","1",0.121335250358482,0.00162972540446201
"719","Succinic acid","Isotopologue_C13-0","0.5",0.827259346562712,1.02398292810588
"720","Succinic acid","Isotopologue_C13-0","1",0.126630457947616,1.02773513916063
"721","Succinic acid","Isotopologue_C13-1","0.5",0.0495346134356268,-0.0185459228800479
"722","Succinic acid","Isotopologue_C13-1","1",0.0495346134356268,-0.0230419478100869
"723","Succinic acid","Isotopologue_C13-2","0.5",0.0495346134356268,0.000429440216606394
"724","Succinic acid","Isotopologue_C13-2","1",0.0495346134356268,0.00114772240949212
"725","Succinic acid","Isotopologue_C13-3","0.5",0.0495346134356268,-0.0037694205643619
"726","Succinic acid","Isotopologue_C13-3","1",0.512690760261924,-0.00372893217596555
"727","Succinic acid","Isotopologue_C13-4","0.5",0.126630457947616,-0.00209702487807476
"728","Succinic acid","Isotopologue_C13-4","1",0.512690760261924,-0.00211198158406643
"729","a-Ketobutyric acid","FracCont","0.5",1,0.00621384726523699
"730","a-Ketobutyric acid","FracCont","1",0.317310507862914,0.00621384726523698
"731","a-Ketobutyric acid","Isotopologue_C13-0","0.5",1,1.19873478894256
"732","a-Ketobutyric acid","Isotopologue_C13-0","1",1,1.19873478894256
"733","a-Ketobutyric acid","Isotopologue_C13-1","0.5",1,-0.171660188484278
"734","a-Ketobutyric acid","Isotopologue_C13-1","1",1,-0.171660188484278
"735","a-Ketobutyric acid","Isotopologue_C13-2","0.5",0,-0.0350499521584001
"736","a-Ketobutyric acid","Isotopologue_C13-2","1",0,-0.0350499521584001
"737","a-Ketobutyric acid","Isotopologue_C13-3","0.5",1,0.00704601773953207
"738","a-Ketobutyric acid","Isotopologue_C13-3","1",0,0.00704601773953207
"739","a-Ketobutyric acid","Isotopologue_C13-4","0.5",0,0.000929333960587933
"740","a-Ketobutyric acid","Isotopologue_C13-4","1",0,0.000929333960587933
"741","(2 and/or 3-)Phosphoglyceric acid","FracCont","0",NA,0.00800195738585187
"742","(2 and/or 3-)Phosphoglyceric acid","Isotopologue_C13-0","0",NA,1.00793323477408
"743","(2 and/or 3-)Phosphoglyceric acid","Isotopologue_C13-1","0",NA,-0.00973649501573223
"744","(2 and/or 3-)Phosphoglyceric acid","Isotopologue_C13-2","0",NA,-0.00619869714419806
"745","(2 and/or 3-)Phosphoglyceric acid","Isotopologue_C13-3","0",NA,0.00800195738585187
"746","13C5-D5-15N Glutamic acid","FracCont","0",NA,0
"747","2-DL-Hydroxybutyric acid","FracCont","0",NA,0.0136887113875805
"748","2-DL-Hydroxybutyric acid","Isotopologue_C13-0","0",NA,1.1626146667036
"749","2-DL-Hydroxybutyric acid","Isotopologue_C13-1","0",NA,-0.117459381238834
"750","2-DL-Hydroxybutyric acid","Isotopologue_C13-2","0",NA,-0.0521836583471881
"751","2-DL-Hydroxybutyric acid","Isotopologue_C13-3","0",NA,0.00507229331114391
"752","2-DL-Hydroxybutyric acid","Isotopologue_C13-4","0",NA,0.00195607957128064
"753","2-Phosphoglyceric acid","FracCont","0",NA,0.00446854930220455
"754","2-Phosphoglyceric acid","Isotopologue_C13-0","0",NA,1.18894711701391
"755","2-Phosphoglyceric acid","Isotopologue_C13-1","0",NA,-0.10679266740434
"756","2-Phosphoglyceric acid","Isotopologue_C13-2","0",NA,-0.060512939183258
"757","2-Phosphoglyceric acid","Isotopologue_C13-3","0",NA,-0.0216415104263132
"758","3-DL-Hydroxybutyric acid","FracCont","0",NA,0.00924749983279128
"759","3-DL-Hydroxybutyric acid","Isotopologue_C13-0","0",NA,1.08644750021285
"760","3-DL-Hydroxybutyric acid","Isotopologue_C13-1","0",NA,0.0065828744824524
"761","3-DL-Hydroxybutyric acid","Isotopologue_C13-2","0",NA,-0.101682059820439
"762","3-DL-Hydroxybutyric acid","Isotopologue_C13-3","0",NA,0.00419961565183991
"763","3-DL-Hydroxybutyric acid","Isotopologue_C13-4","0",NA,0.00445206947329825
"764","Citric acid","FracCont","0",NA,0.000695639162619108
"765","Citric acid","Isotopologue_C13-0","0",NA,1.01376943527017
"766","Citric acid","Isotopologue_C13-1","0",NA,-0.00464673404599207
"767","Citric acid","Isotopologue_C13-2","0",NA,-0.00462016821349865
"768","Citric acid","Isotopologue_C13-3","0",NA,-0.0016501533580427
"769","Citric acid","Isotopologue_C13-4","0",NA,-0.00069849491047662
"770","Citric acid","Isotopologue_C13-5","0",NA,-0.00197868976144593
"771","Citric acid","Isotopologue_C13-6","0",NA,-0.000175194980714487
"772","D-Glyceraldehyde 3-phosphate","FracCont","0",NA,0.0117685405244028
"773","D-Glyceraldehyde 3-phosphate","Isotopologue_C13-0","0",NA,1.23437048903745
"774","D-Glyceraldehyde 3-phosphate","Isotopologue_C13-1","0",NA,-0.131950616039653
"775","D-Glyceraldehyde 3-phosphate","Isotopologue_C13-2","0",NA,-0.114188413522196
"776","D-Glyceraldehyde 3-phosphate","Isotopologue_C13-3","0",NA,0.0117685405244028
"777","D7-Glucose","FracCont","0",NA,0
"778","DL-2-Hydroxyglutaric acid","FracCont","0",NA,0.00142980557233742
"779","DL-2-Hydroxyglutaric acid","Isotopologue_C13-0","0",NA,1.0249232256512
"780","DL-2-Hydroxyglutaric acid","Isotopologue_C13-1","0",NA,-0.00224991333954038
"781","DL-2-Hydroxyglutaric acid","Isotopologue_C13-2","0",NA,-0.0026283919052578
"782","DL-2-Hydroxyglutaric acid","Isotopologue_C13-3","0",NA,-0.018665647505061
"783","DL-2-Hydroxyglutaric acid","Isotopologue_C13-4","0",NA,-0.0025867433382896
"784","DL-2-Hydroxyglutaric acid","Isotopologue_C13-5","0",NA,0.00120747043694451
"785","Dihydroxyacetone phosphate","FracCont","0",NA,0.0278036295480165
"786","Dihydroxyacetone phosphate","Isotopologue_C13-0","0",NA,1.02120593732312
"787","Dihydroxyacetone phosphate","Isotopologue_C13-1","0",NA,-0.0385524378263516
"788","Dihydroxyacetone phosphate","Isotopologue_C13-2","0",NA,-0.00925254149118269
"789","Dihydroxyacetone phosphate","Isotopologue_C13-3","0",NA,0.0265990419944155
"790","Fructose","FracCont","0",NA,0.274533631905499
"791","Fructose","Isotopologue_C13-0","0",NA,0.741382011101974
"792","Fructose","Isotopologue_C13-1","0",NA,-0.00226276588043815
"793","Fructose","Isotopologue_C13-2","0",NA,-0.00619229609033748
"794","Fructose","Isotopologue_C13-3","0",NA,0.00110554672017425
"795","Fructose","Isotopologue_C13-4","0",NA,-0.00174132294949045
"796","Fructose","Isotopologue_C13-5","0",NA,-0.00626632449610995
"797","Fructose","Isotopologue_C13-6","0",NA,0.273975151594228
"798","Fucose","FracCont","0",NA,0.0144950590426991
"799","Fucose","Isotopologue_C13-0","0",NA,1.18379957350628
"800","Fucose","Isotopologue_C13-1","0",NA,-0.103042792544437
"801","Fucose","Isotopologue_C13-2","0",NA,-0.0788972273427095
"802","Fucose","Isotopologue_C13-3","0",NA,-0.00814128946599955
"803","Fucose","Isotopologue_C13-4","0",NA,0.00476834521989934
"804","Fucose","Isotopologue_C13-5","0",NA,0.00165765448269842
"805","Fucose","Isotopologue_C13-6","0",NA,-0.000144263855733489
"806","Fumaric acid","FracCont","0",NA,0.00821199736390896
"807","Fumaric acid","Isotopologue_C13-0","0",NA,1.09996898918472
"808","Fumaric acid","Isotopologue_C13-1","0",NA,-0.00685541352207307
"809","Fumaric acid","Isotopologue_C13-2","0",NA,-0.102457873129851
"810","Fumaric acid","Isotopologue_C13-3","0",NA,0.00495945947618001
"811","Fumaric acid","Isotopologue_C13-4","0",NA,0.00438483799102378
"812","Galacturonic acid","FracCont","0",NA,1.08356898899106
"813","Galacturonic acid","Isotopologue_C13-0","0",NA,-1.2877004973915e-10
"814","Galacturonic acid","Isotopologue_C13-1","0",NA,6.44086413480329e-08
"815","Galacturonic acid","Isotopologue_C13-2","0",NA,-1.28888132131439e-05
"816","Galacturonic acid","Isotopologue_C13-3","0",NA,0.00129006214523728
"817","Galacturonic acid","Isotopologue_C13-4","0",NA,-0.0646211896541531
"818","Galacturonic acid","Isotopologue_C13-5","0",NA,1.29950873662041
"819","Galacturonic acid","Isotopologue_C13-6","0",NA,-0.236164784578148
"820","Glucose","FracCont","0",NA,1.00861499107936
"821","Glucose","Isotopologue_C13-0","0",NA,0.00812625961971799
"822","Glucose","Isotopologue_C13-1","0",NA,6.81242409833366e-05
"823","Glucose","Isotopologue_C13-2","0",NA,-8.65972279717968e-05
"824","Glucose","Isotopologue_C13-3","0",NA,-0.000105769527762972
"825","Glucose","Isotopologue_C13-4","0",NA,0.000498560644669457
"826","Glucose","Isotopologue_C13-5","0",NA,-0.0167718410257163
"827","Glucose","Isotopologue_C13-6","0",NA,1.00827126327608
"828","Glucuronic acid","FracCont","0",NA,0.0104162016967065
"829","Glucuronic acid","Isotopologue_C13-0","0",NA,1.05070482545876
"830","Glucuronic acid","Isotopologue_C13-1","0",NA,-0.0248888902142038
"831","Glucuronic acid","Isotopologue_C13-2","0",NA,0.00536237077270559
"832","Glucuronic acid","Isotopologue_C13-3","0",NA,-0.0230101674315486
"833","Glucuronic acid","Isotopologue_C13-4","0",NA,-0.0150150587064222
"834","Glucuronic acid","Isotopologue_C13-5","0",NA,-0.000199345581684533
"835","Glucuronic acid","Isotopologue_C13-6","0",NA,0.00704626570239782
"836","Glycerol 3-phosphate","FracCont","0",NA,0.0080565048571792
"837","Glycerol 3-phosphate","Isotopologue_C13-0","0",NA,1.03818646658183
"838","Glycerol 3-phosphate","Isotopologue_C13-1","0",NA,-0.0196130004272026
"839","Glycerol 3-phosphate","Isotopologue_C13-2","0",NA,-0.0266299710118018
"840","Glycerol 3-phosphate","Isotopologue_C13-3","0",NA,0.0080565048571792
"841","Glycine","FracCont","0",NA,0
"842","Glycine","Isotopologue_C13-0","0",NA,1.01649254194216
"843","Glycine","Isotopologue_C13-1","0",NA,-0.00821288727265257
"844","Glycine","Isotopologue_C13-2","0",NA,-0.00827965466950617
"845","Hexose","FracCont","0",NA,1.0081268776336
"846","Hexose","Isotopologue_C13-0","0",NA,0.00897875141163132
"847","Hexose","Isotopologue_C13-1","0",NA,8.14456106717426e-05
"848","Hexose","Isotopologue_C13-2","0",NA,-8.71479988914033e-05
"849","Hexose","Isotopologue_C13-3","0",NA,-8.88450357212811e-05
"850","Hexose","Isotopologue_C13-4","0",NA,0.000492689613684386
"851","Hexose","Isotopologue_C13-5","0",NA,-0.0171617372240779
"852","Hexose","Isotopologue_C13-6","0",NA,1.0077848436227
"853","Hexose-phosphate","FracCont","0",NA,0.0789540699453103
"854","Hexose-phosphate","Isotopologue_C13-0","0",NA,1.05954851952599
"855","Hexose-phosphate","Isotopologue_C13-1","0",NA,-0.0605240753491584
"856","Hexose-phosphate","Isotopologue_C13-2","0",NA,-0.0427534891927644
"857","Hexose-phosphate","Isotopologue_C13-3","0",NA,-0.0269989625101916
"858","Hexose-phosphate","Isotopologue_C13-4","0",NA,-0.00382165535723201
"859","Hexose-phosphate","Isotopologue_C13-5","0",NA,-0.0038165418807119
"860","Hexose-phosphate","Isotopologue_C13-6","0",NA,0.0783662047640717
"861","L-Alanine","FracCont","0",NA,0.0047782542155306
"862","L-Alanine","Isotopologue_C13-0","0",NA,1.01824249333238
"863","L-Alanine","Isotopologue_C13-1","0",NA,-0.0104533444532666
"864","L-Alanine","Isotopologue_C13-2","0",NA,-0.0123587067871652
"865","L-Alanine","Isotopologue_C13-3","0",NA,0.00456955790804752
"866","L-Asparagine","FracCont","0",NA,0.0761596443817915
"867","L-Asparagine","Isotopologue_C13-0","0",NA,0.979313139701808
"868","L-Asparagine","Isotopologue_C13-1","0",NA,0.150840915961315
"869","L-Asparagine","Isotopologue_C13-2","0",NA,-0.122884864172377
"870","L-Asparagine","Isotopologue_C13-3","0",NA,-0.0175454090295111
"871","L-Asparagine","Isotopologue_C13-4","0",NA,0.0102762175387648
"872","L-Aspartic acid","FracCont","0",NA,0.0466354433129594
"873","L-Aspartic acid","Isotopologue_C13-0","0",NA,0.966000306382087
"874","L-Aspartic acid","Isotopologue_C13-1","0",NA,-0.00937674102952241
"875","L-Aspartic acid","Isotopologue_C13-2","0",NA,-0.00885468964931721
"876","L-Aspartic acid","Isotopologue_C13-3","0",NA,0.0621805910839458
"877","L-Aspartic acid","Isotopologue_C13-4","0",NA,-0.00994946678719335
"878","L-Cysteine","FracCont","0",NA,0.0113280805438255
"879","L-Cysteine","Isotopologue_C13-0","0",NA,1.2648267245127
"880","L-Cysteine","Isotopologue_C13-1","0",NA,-0.126920284311554
"881","L-Cysteine","Isotopologue_C13-2","0",NA,-0.149234520744977
"882","L-Cysteine","Isotopologue_C13-3","0",NA,0.0113280805438255
"883","L-Glutamic acid","FracCont","0",NA,0.000664919009628138
"884","L-Glutamic acid","Isotopologue_C13-0","0",NA,1.00970955543529
"885","L-Glutamic acid","Isotopologue_C13-1","0",NA,-0.00475870813734125
"886","L-Glutamic acid","Isotopologue_C13-2","0",NA,-0.00565157512686082
"887","L-Glutamic acid","Isotopologue_C13-3","0",NA,0.00100522967808379
"888","L-Glutamic acid","Isotopologue_C13-4","0",NA,7.72265034723335e-05
"889","L-Glutamic acid","Isotopologue_C13-5","0",NA,-0.000381728352644599
"890","L-Isoleucine","FracCont","0",NA,0.0413339517095938
"891","L-Isoleucine","Isotopologue_C13-0","0",NA,0.838705311053103
"892","L-Isoleucine","Isotopologue_C13-1","0",NA,0.148501515397047
"893","L-Isoleucine","Isotopologue_C13-2","0",NA,0.0497058314763371
"894","L-Isoleucine","Isotopologue_C13-3","0",NA,-0.0352913583541733
"895","L-Isoleucine","Isotopologue_C13-4","0",NA,-0.00155084131984072
"896","L-Isoleucine","Isotopologue_C13-5","0",NA,-8.55469037806264e-05
"897","L-Isoleucine","Isotopologue_C13-6","0",NA,1.50886513069284e-05
"898","L-Lactic acid","FracCont","0",NA,0.000294712824373243
"899","L-Lactic acid","Isotopologue_C13-0","0",NA,1.01420924731075
"900","L-Lactic acid","Isotopologue_C13-1","0",NA,-0.00707029847272469
"901","L-Lactic acid","Isotopologue_C13-2","0",NA,-0.00743366166239932
"902","L-Lactic acid","Isotopologue_C13-3","0",NA,0.000294712824373243
"903","L-Leucine","FracCont","0",NA,0.0141816820004237
"904","L-Leucine","Isotopologue_C13-0","0",NA,1.11633938264956
"905","L-Leucine","Isotopologue_C13-1","0",NA,-0.0271859137224817
"906","L-Leucine","Isotopologue_C13-2","0",NA,-0.100917150531525
"907","L-Leucine","Isotopologue_C13-3","0",NA,0.0071969554391159
"908","L-Leucine","Isotopologue_C13-4","0",NA,0.00515889515212694
"909","L-Leucine","Isotopologue_C13-5","0",NA,-0.000621810056149801
"910","L-Leucine","Isotopologue_C13-6","0",NA,2.9641069350167e-05
"911","L-Lysine","FracCont","0",NA,0.000632197605967432
"912","L-Lysine","Isotopologue_C13-0","0",NA,1.03322121782046
"913","L-Lysine","Isotopologue_C13-1","0",NA,-0.00680509315561951
"914","L-Lysine","Isotopologue_C13-2","0",NA,-0.0144364737361083
"915","L-Lysine","Isotopologue_C13-3","0",NA,-0.00997873377040045
"916","L-Lysine","Isotopologue_C13-4","0",NA,-0.00269472174856229
"917","L-Lysine","Isotopologue_C13-5","0",NA,0.000754998430183647
"918","L-Lysine","Isotopologue_C13-6","0",NA,-6.11938399496458e-05
"919","L-Malic acid","FracCont","0",NA,0.000317900108083087
"920","L-Malic acid","Isotopologue_C13-0","0",NA,1.01490959915898
"921","L-Malic acid","Isotopologue_C13-1","0",NA,-0.00570159996156525
"922","L-Malic acid","Isotopologue_C13-2","0",NA,-0.0066914226629384
"923","L-Malic acid","Isotopologue_C13-3","0",NA,0.000243226368612734
"924","L-Malic acid","Isotopologue_C13-4","0",NA,-0.00275980290309421
"925","L-Methionine","FracCont","0",NA,0.00856324879032017
"926","L-Methionine","Isotopologue_C13-0","0",NA,1.19957848428913
"927","L-Methionine","Isotopologue_C13-1","0",NA,-0.112689220962016
"928","L-Methionine","Isotopologue_C13-2","0",NA,-0.0988615638589552
"929","L-Methionine","Isotopologue_C13-3","0",NA,0.00629611288234332
"930","L-Methionine","Isotopologue_C13-4","0",NA,0.00598197632614272
"931","L-Methionine","Isotopologue_C13-5","0",NA,-0.000305788676648645
"932","L-Phenylalanine","FracCont","0",NA,0.000592131249419428
"933","L-Phenylalanine","Isotopologue_C13-0","0",NA,1.03096358031042
"934","L-Phenylalanine","Isotopologue_C13-1","0",NA,-0.00922214128868461
"935","L-Phenylalanine","Isotopologue_C13-2","0",NA,-0.0136301132366465
"936","L-Phenylalanine","Isotopologue_C13-3","0",NA,-0.00896663670572436
"937","L-Phenylalanine","Isotopologue_C13-4","0",NA,0.000395277563187753
"938","L-Phenylalanine","Isotopologue_C13-5","0",NA,0.000512777500030099
"939","L-Phenylalanine","Isotopologue_C13-6","0",NA,-5.53372623179888e-05
"940","L-Phenylalanine","Isotopologue_C13-7","0",NA,2.66804981357679e-06
"941","L-Phenylalanine","Isotopologue_C13-8","0",NA,-7.63650377434588e-08
"942","L-Phenylalanine","Isotopologue_C13-9","0",NA,1.43495947584015e-09
"943","L-Proline","FracCont","0",NA,0.00013533856596762
"944","L-Proline","Isotopologue_C13-0","0",NA,1.03738199076689
"945","L-Proline","Isotopologue_C13-1","0",NA,-0.00818409651021631
"946","L-Proline","Isotopologue_C13-2","0",NA,-0.0193396721180902
"947","L-Proline","Isotopologue_C13-3","0",NA,-0.00977322225857027
"948","L-Proline","Isotopologue_C13-4","0",NA,4.34768524007647e-05
"949","L-Proline","Isotopologue_C13-5","0",NA,-0.000128476732417402
"950","L-Threonine","FracCont","0",NA,0.0155554385513688
"951","L-Threonine","Isotopologue_C13-0","0",NA,1.01365778742407
"952","L-Threonine","Isotopologue_C13-1","0",NA,-0.0159452251828045
"953","L-Threonine","Isotopologue_C13-2","0",NA,-0.0157689701232402
"954","L-Threonine","Isotopologue_C13-3","0",NA,0.0207405847351584
"955","L-Threonine","Isotopologue_C13-4","0",NA,-0.00268417685318413
"956","L-Tryptophan","FracCont","0",NA,0.00531813178598579
"957","L-Tryptophan","Isotopologue_C13-0","0",NA,1.15733323552949
"958","L-Tryptophan","Isotopologue_C13-1","0",NA,-0.0647665576868182
"959","L-Tryptophan","Isotopologue_C13-10","0",NA,-4.01988470343723e-11
"960","L-Tryptophan","Isotopologue_C13-11","0",NA,5.35121738044931e-13
"961","L-Tryptophan","Isotopologue_C13-2","0",NA,-0.109977845831543
"962","L-Tryptophan","Isotopologue_C13-3","0",NA,0.0124963088546598
"963","L-Tryptophan","Isotopologue_C13-4","0",NA,0.00524772599079108
"964","L-Tryptophan","Isotopologue_C13-5","0",NA,-0.000325067239959153
"965","L-Tryptophan","Isotopologue_C13-6","0",NA,-9.32337565353763e-06
"966","L-Tryptophan","Isotopologue_C13-7","0",NA,1.59820879570184e-06
"967","L-Tryptophan","Isotopologue_C13-8","0",NA,-7.65493610872055e-08
"968","L-Tryptophan","Isotopologue_C13-9","0",NA,2.13926472894569e-09
"969","L-Tyrosine","FracCont","0",NA,0.0630765703717116
"970","L-Tyrosine","Isotopologue_C13-0","0",NA,0.732038587849048
"971","L-Tyrosine","Isotopologue_C13-1","0",NA,0.479566974960501
"972","L-Tyrosine","Isotopologue_C13-2","0",NA,-0.190452681969124
"973","L-Tyrosine","Isotopologue_C13-3","0",NA,-0.0420878338050601
"974","L-Tyrosine","Isotopologue_C13-4","0",NA,0.0187070642767465
"975","L-Tyrosine","Isotopologue_C13-5","0",NA,0.00257165201571716
"976","L-Tyrosine","Isotopologue_C13-6","0",NA,-0.000358954518958218
"977","L-Tyrosine","Isotopologue_C13-7","0",NA,1.54256800273112e-05
"978","L-Tyrosine","Isotopologue_C13-8","0",NA,-2.29699121835543e-07
"979","L-Tyrosine","Isotopologue_C13-9","0",NA,-4.78977620206095e-09
"980","L-Valine","FracCont","0",NA,0.0265735644046045
"981","L-Valine","Isotopologue_C13-0","0",NA,0.984435782282071
"982","L-Valine","Isotopologue_C13-1","0",NA,-0.00410524835725316
"983","L-Valine","Isotopologue_C13-2","0",NA,-0.0141183927505171
"984","L-Valine","Isotopologue_C13-3","0",NA,0.028406455353699
"985","L-Valine","Isotopologue_C13-4","0",NA,-0.00414828772038493
"986","L-Valine","Isotopologue_C13-5","0",NA,0.00952969119238514
"987","Mannitol","FracCont","0",NA,0.0925892312659591
"988","Mannitol","Isotopologue_C13-0","0",NA,1.60938915122003
"989","Mannitol","Isotopologue_C13-1","0",NA,-0.519684594404133
"990","Mannitol","Isotopologue_C13-2","0",NA,-0.170661047609137
"991","Mannitol","Isotopologue_C13-3","0",NA,0.0577125657682894
"992","Mannitol","Isotopologue_C13-4","0",NA,0.0177740981150406
"993","Mannitol","Isotopologue_C13-5","0",NA,0.0030129905895375
"994","Mannitol","Isotopologue_C13-6","0",NA,0.00245683632036773
"995","Myo-inositol","FracCont","0",NA,0.00283980143800162
"996","Myo-inositol","Isotopologue_C13-0","0",NA,1.01133800381457
"997","Myo-inositol","Isotopologue_C13-1","0",NA,-0.00825438641066348
"998","Myo-inositol","Isotopologue_C13-2","0",NA,-0.00659948466333207
"999","Myo-inositol","Isotopologue_C13-3","0",NA,0.00113819939968757
"1000","Myo-inositol","Isotopologue_C13-4","0",NA,0.000361090247349685
"1001","Myo-inositol","Isotopologue_C13-5","0",NA,0.00032894373511392
"1002","Myo-inositol","Isotopologue_C13-6","0",NA,0.00168763387727028
"1003","Myristic acid","FracCont","0",NA,0.00150147368713665
"1004","Myristic acid","Isotopologue_C13-0","0",NA,1.06641511710715
"1005","Myristic acid","Isotopologue_C13-1","0",NA,-0.00930757772279806
"1006","Myristic acid","Isotopologue_C13-10","0",NA,-1.10983118219348e-11
"1007","Myristic acid","Isotopologue_C13-11","0",NA,1.49664301675269e-13
"1008","Myristic acid","Isotopologue_C13-12","0",NA,-1.45363739801879e-15
"1009","Myristic acid","Isotopologue_C13-13","0",NA,1.01701798011892e-17
"1010","Myristic acid","Isotopologue_C13-14","0",NA,-5.01696152529528e-20
"1011","Myristic acid","Isotopologue_C13-2","0",NA,-0.0633332567882543
"1012","Myristic acid","Isotopologue_C13-3","0",NA,0.00445073321068988
"1013","Myristic acid","Isotopologue_C13-4","0",NA,0.00191531256453694
"1014","Myristic acid","Isotopologue_C13-5","0",NA,-0.000140582758359268
"1015","Myristic acid","Isotopologue_C13-6","0",NA,-9.71021916229842e-08
"1016","Myristic acid","Isotopologue_C13-7","0",NA,3.70827388720716e-07
"1017","Myristic acid","Isotopologue_C13-8","0",NA,-1.99061770141974e-08
"1018","Myristic acid","Isotopologue_C13-9","0",NA,5.7896306909882e-10
"1019","Myristic acid d27","FracCont","0",NA,0
"1020","Oxoadipic acid","FracCont","0",NA,0.0138067001028492
"1021","Oxoadipic acid","Isotopologue_C13-0","0",NA,1.37967612678131
"1022","Oxoadipic acid","Isotopologue_C13-1","0",NA,-0.343748819289049
"1023","Oxoadipic acid","Isotopologue_C13-2","0",NA,-0.0627044790882662
"1024","Oxoadipic acid","Isotopologue_C13-3","0",NA,0.0246418418824475
"1025","Oxoadipic acid","Isotopologue_C13-4","0",NA,0.00192427296568725
"1026","Oxoadipic acid","Isotopologue_C13-5","0",NA,0.000243516621400764
"1027","Oxoadipic acid","Isotopologue_C13-6","0",NA,-3.24598735295846e-05
"1028","Oxoglutaric acid","FracCont","0",NA,0.00406278391531912
"1029","Oxoglutaric acid","Isotopologue_C13-0","0",NA,1.08961084420252
"1030","Oxoglutaric acid","Isotopologue_C13-1","0",NA,-0.0355540430454425
"1031","Oxoglutaric acid","Isotopologue_C13-2","0",NA,-0.0534397585022005
"1032","Oxoglutaric acid","Isotopologue_C13-3","0",NA,-0.00304562871452471
"1033","Oxoglutaric acid","Isotopologue_C13-4","0",NA,0.00288192650010094
"1034","Oxoglutaric acid","Isotopologue_C13-5","0",NA,-0.000453340440455839
"1035","Palmitic acid","FracCont","0",NA,0.000421754726503893
"1036","Palmitic acid","Isotopologue_C13-0","0",NA,1.03678749986625
"1037","Palmitic acid","Isotopologue_C13-1","0",NA,-0.000421875549539843
"1038","Palmitic acid","Isotopologue_C13-10","0",NA,-5.94742801112557e-11
"1039","Palmitic acid","Isotopologue_C13-11","0",NA,9.83189675509573e-13
"1040","Palmitic acid","Isotopologue_C13-12","0",NA,-1.23146413378643e-14
"1041","Palmitic acid","Isotopologue_C13-13","0",NA,1.17677248956438e-16
"1042","Palmitic acid","Isotopologue_C13-14","0",NA,-8.54751249221167e-19
"1043","Palmitic acid","Isotopologue_C13-15","0",NA,4.64868854836202e-21
"1044","Palmitic acid","Isotopologue_C13-16","0",NA,-1.83567846380228e-23
"1045","Palmitic acid","Isotopologue_C13-2","0",NA,-0.0356404477298334
"1046","Palmitic acid","Isotopologue_C13-3","0",NA,-0.00237868380754109
"1047","Palmitic acid","Isotopologue_C13-4","0",NA,0.00165189273233467
"1048","Palmitic acid","Isotopologue_C13-5","0",NA,2.04405803533423e-05
"1049","Palmitic acid","Isotopologue_C13-6","0",NA,-2.05556173725836e-05
"1050","Palmitic acid","Isotopologue_C13-7","0",NA,1.81265526003874e-06
"1051","Palmitic acid","Isotopologue_C13-8","0",NA,-8.57439268794837e-08
"1052","Palmitic acid","Isotopologue_C13-9","0",NA,2.67252129959362e-09
"1053","Pentose-phosphate","FracCont","0",NA,0
"1054","Pentose-phosphate","Isotopologue_C13-0","0",NA,1.05222604406283
"1055","Pentose-phosphate","Isotopologue_C13-1","0",NA,-0.0194517241773885
"1056","Pentose-phosphate","Isotopologue_C13-2","0",NA,-0.00503377590219219
"1057","Pentose-phosphate","Isotopologue_C13-3","0",NA,-0.0160676993513697
"1058","Pentose-phosphate","Isotopologue_C13-4","0",NA,-0.00961369575185249
"1059","Pentose-phosphate","Isotopologue_C13-5","0",NA,-0.0020591488800229
"1060","Phosphoenolpyruvic acid","FracCont","0",NA,0.00497788658451785
"1061","Phosphoenolpyruvic acid","Isotopologue_C13-0","0",NA,1.04488032094676
"1062","Phosphoenolpyruvic acid","Isotopologue_C13-1","0",NA,-0.0276540900963306
"1063","Phosphoenolpyruvic acid","Isotopologue_C13-2","0",NA,-0.0043677258139275
"1064","Phosphoenolpyruvic acid","Isotopologue_C13-3","0",NA,-0.0128585050364975
"1065","Pyruvic acid","FracCont","0",NA,0.00282252358312068
"1066","Pyruvic acid","Isotopologue_C13-0","0",NA,1.12256966500482
"1067","Pyruvic acid","Isotopologue_C13-1","0",NA,-0.107714938965343
"1068","Pyruvic acid","Isotopologue_C13-2","0",NA,-0.0173473119248702
"1069","Pyruvic acid","Isotopologue_C13-3","0",NA,0.00249258588539115
"1070","Sorbitol","FracCont","0",NA,0.00122175285194232
"1071","Sorbitol","Isotopologue_C13-0","0",NA,1.01547904704434
"1072","Sorbitol","Isotopologue_C13-1","0",NA,-0.00377385117952847
"1073","Sorbitol","Isotopologue_C13-2","0",NA,-0.0061832278306163
"1074","Sorbitol","Isotopologue_C13-3","0",NA,0.000495843789079725
"1075","Sorbitol","Isotopologue_C13-4","0",NA,-0.00193290740645267
"1076","Sorbitol","Isotopologue_C13-5","0",NA,-0.00212356194549989
"1077","Sorbitol","Isotopologue_C13-6","0",NA,-0.00196134247131801
"1078","Stearic acid","FracCont","0",NA,0.000278201696360498
"1079","Stearic acid","Isotopologue_C13-0","0",NA,1.01071403231433
"1080","Stearic acid","Isotopologue_C13-1","0",NA,-0.00211183678868575
"1081","Stearic acid","Isotopologue_C13-10","0",NA,2.92580079932516e-11
"1082","Stearic acid","Isotopologue_C13-11","0",NA,-6.29922197246558e-13
"1083","Stearic acid","Isotopologue_C13-12","0",NA,1.03039540158158e-14
"1084","Stearic acid","Isotopologue_C13-13","0",NA,-1.30725974208527e-16
"1085","Stearic acid","Isotopologue_C13-14","0",NA,1.29753880900636e-18
"1086","Stearic acid","Isotopologue_C13-15","0",NA,-1.00734560484576e-20
"1087","Stearic acid","Isotopologue_C13-16","0",NA,6.06430312981077e-23
"1088","Stearic acid","Isotopologue_C13-17","0",NA,-2.77871206400086e-25
"1089","Stearic acid","Isotopologue_C13-18","0",NA,9.37224576849735e-28
"1090","Stearic acid","Isotopologue_C13-2","0",NA,-0.00915801904099138
"1091","Stearic acid","Isotopologue_C13-3","0",NA,0.00150007559536094
"1092","Stearic acid","Isotopologue_C13-4","0",NA,-0.00104265493181484
"1093","Stearic acid","Isotopologue_C13-5","0",NA,0.000100602509247269
"1094","Stearic acid","Isotopologue_C13-6","0",NA,-1.97768973533848e-06
"1095","Stearic acid","Isotopologue_C13-7","0",NA,-2.4327241762063e-07
"1096","Stearic acid","Isotopologue_C13-8","0",NA,2.22663955512373e-08
"1097","Stearic acid","Isotopologue_C13-9","0",NA,-9.90331815179631e-10
"1098","Succinic acid","FracCont","0",NA,0
"1099","Succinic acid","Isotopologue_C13-0","0",NA,1.02016890645844
"1100","Succinic acid","Isotopologue_C13-1","0",NA,-0.00980032896591382
"1101","Succinic acid","Isotopologue_C13-2","0",NA,-0.00768123104235299
"1102","Succinic acid","Isotopologue_C13-3","0",NA,-0.000867381575120659
"1103","Succinic acid","Isotopologue_C13-4","0",NA,-0.00181996487505457
"1104","a-Ketobutyric acid","FracCont","0",NA,0.00621384726523699
"1105","a-Ketobutyric acid","Isotopologue_C13-0","0",NA,1.19873478894256
"1106","a-Ketobutyric acid","Isotopologue_C13-1","0",NA,-0.171660188484278
"1107","a-Ketobutyric acid","Isotopologue_C13-2","0",NA,-0.0350499521584001
"1108","a-Ketobutyric acid","Isotopologue_C13-3","0",NA,0.00704601773953207
"1109","a-Ketobutyric acid","Isotopologue_C13-4","0",NA,0.000929333960587933
"1110","(S)-a-Acetolactic Acid","FracCont","0.5",NA,NA
"1111","(S)-a-Acetolactic Acid","FracCont","1",NA,NA
"1112","2,3-dihydroxyisovalerate","FracCont","0.5",NA,NA
"1113","2,3-dihydroxyisovalerate","FracCont","1",NA,NA
"1114","2-isopropylmalic acid","FracCont","0.5",NA,NA
"1115","2-isopropylmalic acid","FracCont","1",NA,NA
"1116","Galacturonic acid","FracCont","1",NA,NA
"1117","(S)-a-Acetolactic Acid","FracCont","0",NA,NA
"1118","2,3-dihydroxyisovalerate","FracCont","0",NA,NA
"1119","2-isopropylmalic acid","FracCont","0",NA,NA
"1120","L-Serine","FracCont","0",NA,NA
"1121","(2 and/or 3-)Phosphoglyceric acid","Abund","0.5",0.0387753909015247,4668957.55581468
"1122","(2 and/or 3-)Phosphoglyceric acid","Abund","1",0.131816648218619,4112933.02719972
"1123","(2 and/or 3-)Phosphoglyceric acid","NormAbund","0.5",0.0387753909015247,9337915.11162937
"1124","(2 and/or 3-)Phosphoglyceric acid","NormAbund","1",0.131816648218619,8225866.05439944
"1125","(S)-a-Acetolactic Acid","Abund","0.5",NA,0
"1126","(S)-a-Acetolactic Acid","Abund","1",NA,0
"1127","(S)-a-Acetolactic Acid","NormAbund","0.5",NA,0
"1128","(S)-a-Acetolactic Acid","NormAbund","1",NA,0
"1129","13C5-D5-15N Glutamic acid","Abund","0.5",0.0237141229588981,7957997.33333333
"1130","13C5-D5-15N Glutamic acid","Abund","1",0.0394916689205365,7751482.5
"1131","13C5-D5-15N Glutamic acid","NormAbund","0.5",0.0237141229588981,15915994.6666667
"1132","13C5-D5-15N Glutamic acid","NormAbund","1",0.0394916689205365,15502965
"1133","2,3-dihydroxyisovalerate","Abund","0.5",NA,0
"1134","2,3-dihydroxyisovalerate","Abund","1",NA,0
"1135","2,3-dihydroxyisovalerate","NormAbund","0.5",NA,0
"1136","2,3-dihydroxyisovalerate","NormAbund","1",NA,0
"1137","2-DL-Hydroxybutyric acid","Abund","0.5",0.306399620808389,57378.2868810938
"1138","2-DL-Hydroxybutyric acid","Abund","1",0.739487234049553,69400.8277288258
"1139","2-DL-Hydroxybutyric acid","NormAbund","0.5",0.306399620808389,-31674.6184134244
"1140","2-DL-Hydroxybutyric acid","NormAbund","1",0.739487234049553,-7629.53671796033
"1141","2-Phosphoglyceric acid","Abund","0.5",0.0445547589167047,241559.701609769
"1142","2-Phosphoglyceric acid","Abund","1",0.0745954842840572,230209.976356492
"1143","2-Phosphoglyceric acid","NormAbund","0.5",0.0445547589167047,483119.403219539
"1144","2-Phosphoglyceric acid","NormAbund","1",0.0745954842840572,460419.952712984
"1145","2-isopropylmalic acid","Abund","0.5",NA,0
"1146","2-isopropylmalic acid","Abund","1",NA,0
"1147","2-isopropylmalic acid","NormAbund","0.5",NA,0
"1148","2-isopropylmalic acid","NormAbund","1",NA,0
"1149","3-DL-Hydroxybutyric acid","Abund","0.5",0.850208455644274,2551137.23405133
"1150","3-DL-Hydroxybutyric acid","Abund","1",0.707885829022908,2702220.06136334
"1151","3-DL-Hydroxybutyric acid","NormAbund","0.5",0.850208455644274,1099064.96028128
"1152","3-DL-Hydroxybutyric acid","NormAbund","1",0.707885829022908,1401230.61490531
"1153","Citric acid","Abund","0.5",0.8933017247476,5899207.70304175
"1154","Citric acid","Abund","1",0.046989643479925,3051167.41414618
"1155","Citric acid","NormAbund","0.5",0.893301724747601,11537904.3420636
"1156","Citric acid","NormAbund","1",0.0469896434799251,5841823.76427252
"1157","D-Glyceraldehyde 3-phosphate","Abund","0.5",0.000135399012797667,384528.117358688
"1158","D-Glyceraldehyde 3-phosphate","Abund","1",3.06472383182673e-05,465570.201875423
"1159","D-Glyceraldehyde 3-phosphate","NormAbund","0.5",0.000135399012797667,769056.234717375
"1160","D-Glyceraldehyde 3-phosphate","NormAbund","1",3.06472383182673e-05,931140.403750847
"1161","D7-Glucose","Abund","0.5",0.323580909356375,1348148778.66667
"1162","D7-Glucose","Abund","1",0.218863987339814,1071310997.33333
"1163","D7-Glucose","NormAbund","0.5",0.323580909356375,2694487072.96
"1164","D7-Glucose","NormAbund","1",0.218863987339814,2140811510.29333
"1165","DL-2-Hydroxyglutaric acid","Abund","0.5",0.643859280326446,1314008.75310151
"1166","DL-2-Hydroxyglutaric acid","Abund","1",0.999093310470605,1190972.39975267
"1167","DL-2-Hydroxyglutaric acid","NormAbund","0.5",0.643859280326447,2565109.9318145
"1168","DL-2-Hydroxyglutaric acid","NormAbund","1",0.999093310470605,2319037.22511683
"1169","Dihydroxyacetone phosphate","Abund","0.5",2.80865888351384e-05,2179270.38221991
"1170","Dihydroxyacetone phosphate","Abund","1",3.01740680429738e-05,2160268.38898066
"1171","Dihydroxyacetone phosphate","NormAbund","0.5",2.80865888351384e-05,4358540.76443981
"1172","Dihydroxyacetone phosphate","NormAbund","1",3.01740680429738e-05,4320536.77796133
"1173","Fructose","Abund","0.5",0.293056104198436,8244003.80717295
"1174","Fructose","Abund","1",0.758683831929515,7001560.15754159
"1175","Fructose","NormAbund","0.5",0.293056104198435,15290459.2856579
"1176","Fructose","NormAbund","1",0.758683831929515,12805571.9863952
"1177","Fucose","Abund","0.5",0.131794716535176,300150.668655296
"1178","Fucose","Abund","1",0.0538429951165998,342239.317083261
"1179","Fucose","NormAbund","0.5",0.131794716535176,600301.337310591
"1180","Fucose","NormAbund","1",0.0538429951165998,684478.634166521
"1181","Fumaric acid","Abund","0.5",0.0383794623290771,1655770.21034728
"1182","Fumaric acid","Abund","1",0.0153314900388413,1806300.66967713
"1183","Fumaric acid","NormAbund","0.5",0.0383794623290771,2539092.92592933
"1184","Fumaric acid","NormAbund","1",0.0153314900388413,2840153.84458902
"1185","Galacturonic acid","Abund","0.5",0.00907313692540721,1980.08842661802
"1186","Galacturonic acid","Abund","1",0.0068373486678344,0
"1187","Galacturonic acid","NormAbund","0.5",0.00907313692540721,3960.17685323604
"1188","Galacturonic acid","NormAbund","1",0.0068373486678344,0
"1189","Glucose","Abund","0.5",0.404805230133252,6357605815.82499
"1190","Glucose","Abund","1",0.845042186673413,5591168846.26028
"1191","Glucose","NormAbund","0.5",0.404805230133251,12712324469.8964
"1192","Glucose","NormAbund","1",0.845042186673414,11179450530.767
"1193","Glucuronic acid","Abund","0.5",0.00291160576478717,5434446.91937211
"1194","Glucuronic acid","Abund","1",0.00133278445055339,6202759.3992025
"1195","Glucuronic acid","NormAbund","0.5",0.00291160576478717,10868893.8387442
"1196","Glucuronic acid","NormAbund","1",0.00133278445055339,12405518.798405
"1197","Glycerol 3-phosphate","Abund","0.5",0.0273908866529581,32259448.1088022
"1198","Glycerol 3-phosphate","Abund","1",0.00952848225091236,35714071.6078619
"1199","Glycerol 3-phosphate","NormAbund","0.5",0.0273908866529581,64513158.194265
"1200","Glycerol 3-phosphate","NormAbund","1",0.00952848225091237,71422405.1923845
"1201","Glycine","Abund","0.5",0.0898315369566737,37738318.4634047
"1202","Glycine","Abund","1",0.0300937420000719,42033931.2949313
"1203","Glycine","NormAbund","0.5",0.089831536956674,71098695.0338274
"1204","Glycine","NormAbund","1",0.0300937420000719,79689920.6968807
"1205","Hexose","Abund","0.5",0.247815679380336,8790273118.74932
"1206","Hexose","Abund","1",0.555542669855482,7352606033.64924
"1207","Hexose","NormAbund","0.5",0.247815679380336,17566080864.6146
"1208","Hexose","NormAbund","1",0.555542669855482,14690746694.4145
"1209","Hexose-phosphate","Abund","0.5",0.00247809155173732,4020832.35015194
"1210","Hexose-phosphate","Abund","1",0.000115763510357043,6013891.03565741
"1211","Hexose-phosphate","NormAbund","0.5",0.00247809155173732,8041664.70030388
"1212","Hexose-phosphate","NormAbund","1",0.000115763510357043,12027782.0713148
"1213","L-Alanine","Abund","0.5",0.0139108063753571,23671105.6078096
"1214","L-Alanine","Abund","1",0.000341959722610774,36440351.6981738
"1215","L-Alanine","NormAbund","0.5",0.0139108063753571,43808488.8019533
"1216","L-Alanine","NormAbund","1",0.000341959722610773,69346980.9826818
"1217","L-Asparagine","Abund","0.5",0.766676025000495,47769.9124506588
"1218","L-Asparagine","Abund","1",0.558320633818874,40890.9608414522
"1219","L-Asparagine","NormAbund","0.5",0.766676025000495,37004.7361056098
"1220","L-Asparagine","NormAbund","1",0.558320633818874,23246.8328871965
"1221","L-Aspartic acid","Abund","0.5",0.0117843209403546,47269575.6866893
"1222","L-Aspartic acid","Abund","1",0.0243258374820807,43623670.4440939
"1223","L-Aspartic acid","NormAbund","0.5",0.0117843209403546,94539151.3733786
"1224","L-Aspartic acid","NormAbund","1",0.0243258374820807,87247340.8881878
"1225","L-Cysteine","Abund","0.5",0.0320237403504859,2931316.54138062
"1226","L-Cysteine","Abund","1",0.0108651004759893,3194279.90471568
"1227","L-Cysteine","NormAbund","0.5",0.0320237403504859,5831394.41267548
"1228","L-Cysteine","NormAbund","1",0.0108651004759893,6357321.1393456
"1229","L-Glutamic acid","Abund","0.5",0.00269331048586818,172529250.454935
"1230","L-Glutamic acid","Abund","1",0.000105745170236085,268491510.453739
"1231","L-Glutamic acid","NormAbund","0.5",0.00269331048586818,345058500.909871
"1232","L-Glutamic acid","NormAbund","1",0.000105745170236085,536983020.907478
"1233","L-Isoleucine","Abund","0.5",0.0022324896719554,4433157.71090617
"1234","L-Isoleucine","Abund","1",6.07483366739241e-05,6807003.79806112
"1235","L-Isoleucine","NormAbund","0.5",0.00223248967195541,7548796.01089268
"1236","L-Isoleucine","NormAbund","1",6.07483366739241e-05,12296488.1852026
"1237","L-Lactic acid","Abund","0.5",0.947357240124663,22354655.1502937
"1238","L-Lactic acid","Abund","1",0.35356716228642,26364826.4045781
"1239","L-Lactic acid","NormAbund","0.5",0.947357240124665,34119146.017792
"1240","L-Lactic acid","NormAbund","1",0.35356716228642,42139488.5263608
"1241","L-Leucine","Abund","0.5",0.0642834532240392,3572664.98055369
"1242","L-Leucine","Abund","1",0.00898691958398829,5129930.64997543
"1243","L-Leucine","NormAbund","0.5",0.0642834532240393,6742877.44268721
"1244","L-Leucine","NormAbund","1",0.00898691958398831,9857408.7815307
"1245","L-Lysine","Abund","0.5",0.00644179383321211,2465619.25849528
"1246","L-Lysine","Abund","1",0.00105458955276798,3237235.18855023
"1247","L-Lysine","NormAbund","0.5",0.00644179383321211,4931238.51699055
"1248","L-Lysine","NormAbund","1",0.00105458955276798,6474470.37710047
"1249","L-Malic acid","Abund","0.5",0.0229308324550878,37462478.1429756
"1250","L-Malic acid","Abund","1",0.0138451667475557,39440019.6821762
"1251","L-Malic acid","NormAbund","0.5",0.0229308324550878,74220716.069216
"1252","L-Malic acid","NormAbund","1",0.0138451667475557,78175799.1476173
"1253","L-Methionine","Abund","0.5",0.00450067009637134,3991567.69960685
"1254","L-Methionine","Abund","1",0.000436257147158509,5156788.88141794
"1255","L-Methionine","NormAbund","0.5",0.00450067009637134,7928323.39995274
"1256","L-Methionine","NormAbund","1",0.00043625714715851,10258765.7635749
"1257","L-Phenylalanine","Abund","0.5",0.00223554299234766,6466438.93401487
"1258","L-Phenylalanine","Abund","1",0.000312287060432904,8608634.57314498
"1259","L-Phenylalanine","NormAbund","0.5",0.00223554299234766,12932877.8680297
"1260","L-Phenylalanine","NormAbund","1",0.000312287060432904,17217269.14629
"1261","L-Proline","Abund","0.5",0.0100534224430914,7055268.74541082
"1262","L-Proline","Abund","1",0.000707208797789999,10828127.4774584
"1263","L-Proline","NormAbund","0.5",0.0100534224430913,14103498.6209687
"1264","L-Proline","NormAbund","1",0.000707208797789999,21649216.0850639
"1265","L-Serine","Abund","0.5",0.809767273291231,436630.296628407
"1266","L-Serine","Abund","1",0.029069861242977,4951574.60674084
"1267","L-Serine","NormAbund","0.5",0.809767273291231,873260.593256813
"1268","L-Serine","NormAbund","1",0.029069861242977,9903149.21348167
"1269","L-Threonine","Abund","0.5",0.0108308436428975,4546765.71283001
"1270","L-Threonine","Abund","1",0.000101600274901548,8176916.09513386
"1271","L-Threonine","NormAbund","0.5",0.0108308436428975,8865243.19303864
"1272","L-Threonine","NormAbund","1",0.000101600274901548,16125543.9576463
"1273","L-Tryptophan","Abund","0.5",0.0110409528776583,506500.270683587
"1274","L-Tryptophan","Abund","1",0.00134635268766288,696682.177444885
"1275","L-Tryptophan","NormAbund","0.5",0.0110409528776583,1013000.54136717
"1276","L-Tryptophan","NormAbund","1",0.00134635268766288,1393364.35488977
"1277","L-Tyrosine","Abund","0.5",0.0111098349674592,797456.53250695
"1278","L-Tyrosine","Abund","1",0.000754867282300661,1263706.09847797
"1279","L-Tyrosine","NormAbund","0.5",0.0111098349674592,1594913.0650139
"1280","L-Tyrosine","NormAbund","1",0.000754867282300661,2527412.19695593
"1281","L-Valine","Abund","0.5",0.00330088990399284,9944154.11437498
"1282","L-Valine","Abund","1",6.49224639087752e-05,16478406.1844344
"1283","L-Valine","NormAbund","0.5",0.00330088990399284,19106573.629497
"1284","L-Valine","NormAbund","1",6.49224639087752e-05,32175077.7696159
"1285","Mannitol","Abund","0.5",0.28349494865112,35863.4326102419
"1286","Mannitol","Abund","1",0.871555756768525,21011.740719272
"1287","Mannitol","NormAbund","0.5",0.28349494865112,71726.8652204838
"1288","Mannitol","NormAbund","1",0.871555756768525,42023.4814385441
"1289","Myo-inositol","Abund","0.5",0.236852719120092,144607643.317353
"1290","Myo-inositol","Abund","1",0.594324914256702,119912443.832238
"1291","Myo-inositol","NormAbund","0.5",0.236852719120091,289190778.97615
"1292","Myo-inositol","NormAbund","1",0.594324914256703,239800380.00592
"1293","Myristic acid","Abund","0.5",0.821395101135245,4318353.24216483
"1294","Myristic acid","Abund","1",0.36598254820085,4777668.87910047
"1295","Myristic acid","NormAbund","0.5",0.821395101135246,-1003931.45034582
"1296","Myristic acid","NormAbund","1",0.36598254820085,-85300.1764745427
"1297","Myristic acid d27","Abund","0.5",0.252325824061404,2863796.25
"1298","Myristic acid d27","Abund","1",0.836694197946603,2630509.08333333
"1299","Myristic acid d27","NormAbund","0.5",0.252325824061404,2100825.66
"1300","Myristic acid d27","NormAbund","1",0.836694197946603,1634251.32666667
"1301","Oxoadipic acid","Abund","0.5",0.5448887923888,3837.58583359851
"1302","Oxoadipic acid","Abund","1",0.529115296057238,3624.02080198367
"1303","Oxoadipic acid","NormAbund","0.5",0.5448887923888,7675.17166719702
"1304","Oxoadipic acid","NormAbund","1",0.529115296057238,7248.04160396733
"1305","Oxoglutaric acid","Abund","0.5",0.00417735552042955,1327506.73829364
"1306","Oxoglutaric acid","Abund","1",0.0182879954611595,1094445.97082095
"1307","Oxoglutaric acid","NormAbund","0.5",0.00417735552042955,2655013.47658728
"1308","Oxoglutaric acid","NormAbund","1",0.0182879954611595,2188891.9416419
"1309","Palmitic acid","Abund","0.5",0.98406054395791,232801580.280124
"1310","Palmitic acid","Abund","1",0.210260517152462,273120948.362029
"1311","Palmitic acid","NormAbund","0.5",0.98406054395791,-80475952.6855485
"1312","Palmitic acid","NormAbund","1",0.210260517152462,162783.478262544
"1313","Pentose-phosphate","Abund","0.5",0.280960382234097,8388735.83186067
"1314","Pentose-phosphate","Abund","1",0.124740088250671,5278665.2737699
"1315","Pentose-phosphate","NormAbund","0.5",0.280960382234097,16777471.6637213
"1316","Pentose-phosphate","NormAbund","1",0.124740088250671,10557330.5475398
"1317","Phosphoenolpyruvic acid","Abund","0.5",0.0025908145077421,1378614.78183193
"1318","Phosphoenolpyruvic acid","Abund","1",0.00155360511393027,1470879.1479504
"1319","Phosphoenolpyruvic acid","NormAbund","0.5",0.0025908145077421,2757229.56366386
"1320","Phosphoenolpyruvic acid","NormAbund","1",0.00155360511393027,2941758.29590081
"1321","Pyruvic acid","Abund","0.5",0.0165696057366842,281718.035194375
"1322","Pyruvic acid","Abund","1",0.0465122875979461,257868.389712968
"1323","Pyruvic acid","NormAbund","0.5",0.0165696057366841,375025.784462439
"1324","Pyruvic acid","NormAbund","1",0.0465122875979461,327326.493499624
"1325","Sorbitol","Abund","0.5",0.647143948252829,6376603.09094252
"1326","Sorbitol","Abund","1",0.743038277151925,5583554.3171389
"1327","Sorbitol","NormAbund","0.5",0.647143948252829,12584692.5253707
"1328","Sorbitol","NormAbund","1",0.743038277151925,10998594.9777634
"1329","Stearic acid","Abund","0.5",0.459973530526559,96669165.7599395
"1330","Stearic acid","Abund","1",0.770726911480651,108161797.678235
"1331","Stearic acid","NormAbund","0.5",0.459973530526559,8704853.18191272
"1332","Stearic acid","NormAbund","1",0.770726911480651,31690117.018504
"1333","Succinic acid","Abund","0.5",0.00235743162060924,3257776.10765667
"1334","Succinic acid","Abund","1",0.00115527338774399,2456443.84264207
"1335","Succinic acid","NormAbund","0.5",0.00235743162060923,1358663.64540636
"1336","Succinic acid","NormAbund","1",0.00115527338774399,-244000.884622848
"1337","a-Ketobutyric acid","Abund","0.5",0.954433427735585,405856.543332166
"1338","a-Ketobutyric acid","Abund","1",0.981188367643957,386619.044987928
"1339","a-Ketobutyric acid","NormAbund","0.5",0.954433427735586,83181.2493322227
"1340","a-Ketobutyric acid","NormAbund","1",0.981188367643957,44706.2526437473
"1341","(2 and/or 3-)Phosphoglyceric acid","Abund","0",NA,3025531.10592057
"1342","(2 and/or 3-)Phosphoglyceric acid","NormAbund","0",NA,6051062.21184113
"1343","(S)-a-Acetolactic Acid","Abund","0",NA,0
"1344","(S)-a-Acetolactic Acid","NormAbund","0",NA,0
"1345","13C5-D5-15N Glutamic acid","Abund","0",NA,6355195.66666667
"1346","13C5-D5-15N Glutamic acid","NormAbund","0",NA,12710391.3333333
"1347","2,3-dihydroxyisovalerate","Abund","0",NA,0
"1348","2,3-dihydroxyisovalerate","NormAbund","0",NA,0
"1349","2-DL-Hydroxybutyric acid","Abund","0",NA,66544.4499631284
"1350","2-DL-Hydroxybutyric acid","NormAbund","0",NA,-13342.2922493553
"1351","2-Phosphoglyceric acid","Abund","0",NA,165357.025456418
"1352","2-Phosphoglyceric acid","NormAbund","0",NA,330714.050912836
"1353","2-isopropylmalic acid","Abund","0",NA,0
"1354","2-isopropylmalic acid","NormAbund","0",NA,0
"1355","3-DL-Hydroxybutyric acid","Abund","0",NA,2601609.47899225
"1356","3-DL-Hydroxybutyric acid","NormAbund","0",NA,1200009.45016313
"1357","Citric acid","Abund","0",NA,6068580.7431622
"1358","Citric acid","NormAbund","0",NA,11876650.4223046
"1359","D-Glyceraldehyde 3-phosphate","Abund","0",NA,112999.140077354
"1360","D-Glyceraldehyde 3-phosphate","NormAbund","0",NA,225998.280154707
"1361","D7-Glucose","Abund","0",NA,1226561365.33333
"1362","D7-Glucose","NormAbund","0",NA,2451312246.29333
"1363","DL-2-Hydroxyglutaric acid","Abund","0",NA,1191271.22077204
"1364","DL-2-Hydroxyglutaric acid","NormAbund","0",NA,2319634.86715557
"1365","Dihydroxyacetone phosphate","Abund","0",NA,642212.667676616
"1366","Dihydroxyacetone phosphate","NormAbund","0",NA,1284425.33535323
"1367","Fructose","Abund","0",NA,7272650.86123495
"1368","Fructose","NormAbund","0",NA,13347753.3937819
"1369","Fucose","Abund","0",NA,186980.996048793
"1370","Fucose","NormAbund","0",NA,373961.992097587
"1371","Fumaric acid","Abund","0",NA,1096557.28318069
"1372","Fumaric acid","NormAbund","0",NA,1420667.07159614
"1373","Galacturonic acid","Abund","0",NA,32549.1060850383
"1374","Galacturonic acid","NormAbund","0",NA,65098.2121700767
"1375","Glucose","Abund","0",NA,5733360305.81051
"1376","Glucose","NormAbund","0",NA,11463833449.8674
"1377","Glucuronic acid","Abund","0",NA,848162.766000105
"1378","Glucuronic acid","NormAbund","0",NA,1696325.53200021
"1379","Glycerol 3-phosphate","Abund","0",NA,20478272.9849043
"1380","Glycerol 3-phosphate","NormAbund","0",NA,40950807.9464693
"1381","Glycine","Abund","0",NA,26969695.0004861
"1382","Glycine","NormAbund","0",NA,49561448.1079902
"1383","Hexose","Abund","0",NA,7823824862.23143
"1384","Hexose","NormAbund","0",NA,15633184351.5789
"1385","Hexose-phosphate","Abund","0",NA,1444510.99231285
"1386","Hexose-phosphate","NormAbund","0",NA,2889021.98462571
"1387","L-Alanine","Abund","0",NA,12273695.9847908
"1388","L-Alanine","NormAbund","0",NA,21013669.5559156
"1389","L-Asparagine","Abund","0",NA,54681.2300079071
"1390","L-Asparagine","NormAbund","0",NA,50827.3712201064
"1391","L-Aspartic acid","Abund","0",NA,24835005.1112308
"1392","L-Aspartic acid","NormAbund","0",NA,49670010.2224616
"1393","L-Cysteine","Abund","0",NA,2079783.68728948
"1394","L-Cysteine","NormAbund","0",NA,4128328.70449321
"1395","L-Glutamic acid","Abund","0",NA,57309057.2835319
"1396","L-Glutamic acid","NormAbund","0",NA,114618114.567064
"1397","L-Isoleucine","Abund","0",NA,1924826.32054944
"1398","L-Isoleucine","NormAbund","0",NA,2532133.23017921
"1399","L-Lactic acid","Abund","0",NA,22059878.2621393
"1400","L-Lactic acid","NormAbund","0",NA,33529592.2414832
"1401","L-Leucine","Abund","0",NA,1277129.37264886
"1402","L-Leucine","NormAbund","0",NA,2151806.22687755
"1403","L-Lysine","Abund","0",NA,723057.802274774
"1404","L-Lysine","NormAbund","0",NA,1446115.60454955
"1405","L-Malic acid","Abund","0",NA,22519814.8664525
"1406","L-Malic acid","NormAbund","0",NA,44335389.5161699
"1407","L-Methionine","Abund","0",NA,1972999.00196467
"1408","L-Methionine","NormAbund","0",NA,3891186.00466838
"1409","L-Phenylalanine","Abund","0",NA,1739940.96007098
"1410","L-Phenylalanine","NormAbund","0",NA,3479881.92014195
"1411","L-Proline","Abund","0",NA,1803130.94328702
"1412","L-Proline","NormAbund","0",NA,3599223.01672105
"1413","L-Serine","Abund","0",NA,0
"1414","L-Serine","NormAbund","0",NA,0
"1415","L-Threonine","Abund","0",NA,2107026.99751699
"1416","L-Threonine","NormAbund","0",NA,3985765.7624126
"1417","L-Tryptophan","Abund","0",NA,162437.70939668
"1418","L-Tryptophan","NormAbund","0",NA,324875.41879336
"1419","L-Tyrosine","Abund","0",NA,164587.949932307
"1420","L-Tyrosine","NormAbund","0",NA,329175.899864613
"1421","L-Valine","Abund","0",NA,3906188.8833467
"1422","L-Valine","NormAbund","0",NA,7030643.1674404
"1423","Mannitol","Abund","0",NA,22872.8223274697
"1424","Mannitol","NormAbund","0",NA,45745.6446549394
"1425","Myo-inositol","Abund","0",NA,127312675.146448
"1426","Myo-inositol","NormAbund","0",NA,254600842.63434
"1427","Myristic acid","Abund","0",NA,4172328.0980775
"1428","Myristic acid","NormAbund","0",NA,-1295981.73852049
"1429","Myristic acid d27","Abund","0",NA,2582732.66666667
"1430","Myristic acid d27","NormAbund","0",NA,1538698.49333333
"1431","Oxoadipic acid","Abund","0",NA,9059.99860619206
"1432","Oxoadipic acid","NormAbund","0",NA,18119.9972123841
"1433","Oxoglutaric acid","Abund","0",NA,504716.769946824
"1434","Oxoglutaric acid","NormAbund","0",NA,1009433.53989365
"1435","Palmitic acid","Abund","0",NA,233391398.736575
"1436","Palmitic acid","NormAbund","0",NA,-79296315.7726462
"1437","Pentose-phosphate","Abund","0",NA,7147535.08360133
"1438","Pentose-phosphate","NormAbund","0",NA,14295070.1672027
"1439","Phosphoenolpyruvic acid","Abund","0",NA,514385.646156655
"1440","Phosphoenolpyruvic acid","NormAbund","0",NA,1028771.29231331
"1441","Pyruvic acid","Abund","0",NA,182566.533458636
"1442","Pyruvic acid","NormAbund","0",NA,176722.780990961
"1443","Sorbitol","Abund","0",NA,5913628.41286931
"1444","Sorbitol","NormAbund","0",NA,11658743.1692243
"1445","Stearic acid","Abund","0",NA,104959245.823993
"1446","Stearic acid","NormAbund","0",NA,25285013.31002
"1447","Succinic acid","Abund","0",NA,8595831.24580952
"1448","Succinic acid","NormAbund","0",NA,12034773.9217121
"1449","a-Ketobutyric acid","Abund","0",NA,373106.164199708
"1450","a-Ketobutyric acid","NormAbund","0",NA,17680.4910673067
