Sample,01_Glycolysis,(2 and/or 3-)Phosphoglyceric_acid,D-Glyceraldehyde_3-phosphate,Dihydroxyacetone_phosphate,Glycerol_3-phosphate,Hexose,Hexose bisphosphate,Hexose/inositol-phosphate,L-Lactic_acid,Phosphoenolpyruvic_acid,Pyruvic_acid,Sorbitol,02_Krebs Cycle,Aconitic acid (cis and/or trans),Citric_acid,Fumaric_acid,L-Malic_acid,Oxalacetic_acid,Oxoglutaric_acid,Succinic_acid
Cortex -O2 24 hrs 13C,,0,366476.1683,3543437.344,691142852.1,272259426,4457666.793,338279492.4,18915950867,1309154.57,479457612.4,4511573038,,4155762.568,12504088.2,215548039,2278409837,238232.8281,38437613.48,5818642073
Medulla -O2 24 hrs 13C,,24391.49463,3064156.756,31515155.92,317693706.3,1188664689,1489958.616,730878147.2,8562598427,22707962.92,477628080.9,2677989331,,9525375.75,67470320.23,450233058.3,4441707531,660203.3578,548048102.8,1807739993
Cortex +O2 24 hrs 13C,,26315.44797,705849.6868,6967501.456,230666422,197513364.5,327603.2445,421736258.5,9682402174,4871473.282,380575766.8,1923277186,,3620448.686,12411046.61,19046059.55,176813657.3,85906.45894,39436922.43,2102173268
Medulla +O2 24 hrs 13C,,0,172786.1089,618518.1541,529999056.4,262162054.9,3068089.121,182984996.1,17691205343,268065.1031,276850084.9,154838336.4,,3762919.025,6190066.256,10086808.35,81704326.66,210891.288,38902238.78,14850354839
